event_name,people,date,time start,time finish,event_description,event_type,link_to_event,where,registration_status
Pre-Opening Walk,,08.09,15:00,23:00,"Since 2015, every Ars Electronica has invited visitors to the Pre-Opening Walk on the evening before the official start of the festival—a stroll through Linz’s city center that leads from one opening to the next. To mark the 30th anniversary of the Ars Electronica Center, this year’s Pre-Opening Walk—free of charge—comes with a rousing birthday party.",guided tour,https://ars.electronica.art/negotiatinghumanity/en/view/Pre-OpeningWalk-34a38ddb450c8008a8f1f210e52d1fb0/,Lentos Kunstmuseum,
Sound Campus (TUE 8.9.),"Andrea Corradi, Lilith-Isa, Mahtab Miandehi, Montaha, Muri Anda, Sanna Lu Una, Studio Brudi, Sturmherta",08.09,17:00,22:00,"Sound Campus – Listening Underground explores the movement beneath the surface. It considers the ongoing, divergent processes which are felt but not always seen. To submerge opens up new modes of attention and multi-sensory listening that change our relation with the surroundings.",project,https://ars.electronica.art/negotiatinghumanity/en/view/SoundCampusTUE8.9.-a9338ddb450c8352822d81a707462bc4/,"University of Arts Linz, Hauptplatz 6 (East Building), Courtyard",
Haunted Herstory: Herzblutwiese Stadtwerkstatt – Screening at Milieukino,"Tanja Brandmayr, Claudia Dworschak",08.09,18:00,20:00,"The essay film Herzblutwiese Stadtwerkstatt addresses feminism, equal rights and gender equality at the Stadtwerkstatt, the longest-running autonomous art and culture space in the city of Linz.",screening,https://ars.electronica.art/negotiatinghumanity/en/view/HauntedHerstoryHerzblutwieseStadtwerkstattScreeningatMilieukino-39838ddb450c807c9aa8c78aadaa6f43/,Stadtwerkstatt,
Birthday Party,,08.09,19:30,23:00,"On 8th September, we will kick off a new chapter at the Museum of the Future. Join us, be ready for a bunch of surprises and come along for this next step into the future!",experience,https://ars.electronica.art/negotiatinghumanity/en/view/BirthdayParty-39138ddb450c80a4bfd5fd4b7f983eeb/,Ars Electronica Center,registration: https://mailworx.marketingsuite.info/Form?frm=70f1068b-2cc1-4f27-9b6a-04f61430b2d8
Play the Façade,,08.09,20:00,21:00,"Ars Electronica Futurelab’s Play the Façade transforms the Ars Electronica Center into an interactive audiovisual stage within the Linz skyline. Using the local Wi-Fi, visitors can connect to the building with their own smartphones, play music and control the façade’s more than 40,000 LEDs in real time. The Ars Electronica Center thus becomes an instrument that users can play—and the city a share…",project,https://ars.electronica.art/negotiatinghumanity/en/view/PlaytheFaade-38838ddb450c80049ff9d604c744fe53/,"Ars Electronica Center, Façade",
Haunted Herstory: Herzblutwiese Stadtwerkstatt – Screening at Milieukino,"Tanja Brandmayr, Claudia Dworschak",08.09,21:00,23:00,"The essay film Herzblutwiese Stadtwerkstatt addresses feminism, equal rights and gender equality at the Stadtwerkstatt, the longest-running autonomous art and culture space in the city of Linz.",screening,https://ars.electronica.art/negotiatinghumanity/en/view/HauntedHerstoryHerzblutwieseStadtwerkstattScreeningatMilieukino-39838ddb450c807c9aa8c78aadaa6f43/,Stadtwerkstatt,
Luminous Patterns,Meister:innenschule für Kommunikationsdesign,08.09,21:00,22:00,"As part of the nextcomic festival, students from the MKD – Master School of Communication Design Linz designed the façade of the Ars Electronica Center. With the watchful gaze of large-scale eyes, pulsating data streams, and the question “Am I AI?”, they transformed the museum into an empathetic entity for one hour each evening, inviting passersby to engage with topics such as surveillance, data…",screening,https://ars.electronica.art/negotiatinghumanity/en/view/LuminousPatterns-38838ddb450c80958e37c6c678718b2d/,"Ars Electronica Center, Façade",
Urban Screen Lab,"Damon Tovbin, Darijo Zeljko Warnecke, Filip Hildebrandt, Hanifa Hannan, Jan Feetje Gemmeke, Jule Potthast, Lilly Kunz, Mohamad Alzhouri, Stefanie Stöckel, Tamara Opferman, Tom Hensel-Moritz",08.09,22:00,23:00,"As part of this laboratory for digital practice, the media façade of the Ars Electronica Center becomes an experimental field for a young generation of media artists. Under the artistic direction of Dawid Liftinger and Karin Balkenhol, six independent works for the iconic façade were created at the Walter-Lübcke-Schule in Wolfhagen, Germany.",project,https://ars.electronica.art/negotiatinghumanity/en/view/UrbanScreenLab-39038ddb450c8099a7f9c62e71d7ebbc/,"Ars Electronica Center, Façade",
Haunted Herstory: Herzblutwiese Stadtwerkstatt – Screening at Milieukino,"Tanja Brandmayr, Claudia Dworschak",08.09,23:00,01:00,"The essay film Herzblutwiese Stadtwerkstatt addresses feminism, equal rights and gender equality at the Stadtwerkstatt, the longest-running autonomous art and culture space in the city of Linz.",screening,https://ars.electronica.art/negotiatinghumanity/en/view/HauntedHerstoryHerzblutwieseStadtwerkstattScreeningatMilieukino-39838ddb450c807c9aa8c78aadaa6f43/,Stadtwerkstatt,
Ars Electronica Center Exhibitions,,09.09,10:00,19:00,"Interactive stations, works of art, research projects, large-scale projections and laboratories. The Ars Electronica Center invites you to exciting and inspiring excursions into the future fields of Artificial Intelligence and neuroscience, robotics and autonomous mobility, as well as genetic engineering and biotechnology!",exhibition,https://ars.electronica.art/negotiatinghumanity/en/view/ArsElectronicaCenterExhibitions-34a38ddb450c80cb984ac0ab4598ef15/,Ars Electronica Center,
Ars Electronica Features Exhibition,,09.09,10:00,19:00,"The Ars Electronica Features Exhibition brings together 16 partners presenting artistic and research-based perspectives on the relationship between human intention, algorithmic process and biological life under the festival theme NEGOTIATING HUMANITY – FUTURE BEGINS.",exhibition,https://ars.electronica.art/negotiatinghumanity/en/view/ArsElectronicaFeaturesExhibition-34a38ddb450c80678731f3394eab291f/,Francisco Carolinum,
Ars Electronica Solutions Exhibition,,09.09,10:00,19:00,"What happens behind the scenes at Ars Electronica Solutions? This interactive space for dialogue and experience takes visitors on a journey from the first idea to innovative applications and immersive experiences. Agentic systems accompany them through the exhibition, bringing the processes behind the projects to life.",exhibition,https://ars.electronica.art/negotiatinghumanity/en/view/ArsElectronicaSolutionsExhibition-38b38ddb450c80778cf6e4873babe278/,"Ars Electronica Center, Level -3",
Creativity as civic infrastructure: CCIs and digital commons,"George Oates, Rasa Bočytė, Timid Robot Zehta, Caitlin McDonald, Morgan Currie, Matea Senkic, Anna Talley, Vikki Jones, Jennifer Volk, Lennart Stoy, Anne-Sarah Chekaf, Rasa Bocyte",09.09,10:00,17:00,"At Ars Electronica Festival in Linz, ekip’s final Policy Lab explores the topic of Creativity as civic infrastructure: CCIs and digital commons, asking how cultural and creative ecosystems can strengthen Europe’s digital commons and support more resilient, inclusive and participatory digital futures.",open lab,https://ars.electronica.art/negotiatinghumanity/en/view/CreativityascivicinfrastructureCCIsanddigitalcommons-39538ddb450c810ba965c4a0e378835c/,"JKU MED Campus, Administration Building (ADM), JKU medLOFT (9th floor)",registration: https://ekipengine.eu/events/creativity-as-civic-infrastructure-ccis-and-digital-commons/
EXPANDED 2026,,09.09,10:00,18:00,"The Expanded – Conference on Animation and Interactive Art explores the expanding boundaries of animation across artistic, technological and scientific disciplines. Since 2024, Expanded has been organized as an international peer-reviewed conference featuring a call for scientific and artistic papers and the publication of conference proceedings.",conference,https://ars.electronica.art/negotiatinghumanity/en/view/EXPANDED2026-3a438ddb450c80a49529c7e9882dbc15/,"Ars Electronica Center, Level 3, Sky Loft",
Expanded Play Gallery,"Elias Wohlschlager, Lino Brunnmayr, Pascal Nowarra, Yuhanxiao Ma, Elina Oikonomaki, Ayuko Onoue, Magdaléna Kejstová, Jenna Caravello, Philipp Haslbauer, Sam Chin & Cathy Mengying, Anna Borou Yu, Christian Geiger",09.09,10:00,11:30,The Expanded Play Gallery conference session brings together peer-reviewed short papers on interactive and playful artistic works in the field of Expanded Media.,conference,https://ars.electronica.art/negotiatinghumanity/en/view/ExpandedPlayGallery-3a538ddb450c80759ae5c71888dccdf3/,"Ars Electronica Center, Level 3, Sky Loft",
FESTIVAL WALK: Negotiating the Real,,09.09,10:00,19:00,"The exhibition Negotiating the Real – The Desire to Believe explores this year’s festival theme through artworks spread across eight locations throughout Linz. It examines how certainty is socially produced, investigating which claims to truth compete with one another, which become stabilized and which remain marginalized.",exhibition,https://ars.electronica.art/negotiatinghumanity/en/view/FESTIVALWALKNegotiatingtheReal-34a38ddb450c80e59541c1e2a638adce/,OK Platz,
Hello Worlds!,,09.09,10:00,19:00,"How is our understanding of being human changing? Through artistic prototypes, interactive installations, and evolving artworks, Hello Worlds! invites visitors to experience, question and help shape possible futures together. Who will we become? What does it mean to be human?",exhibition,https://ars.electronica.art/negotiatinghumanity/en/view/HelloWorlds-38238ddb450c80c9bdc2e6c2b570d674/,"Ars Electronica Center, Level -3, Hello Worlds!",
Intro Session FESTIVAL WALK: Negotiating the Real,,09.09,10:00,18:30,You don’t know where to start? Come join one of our Intro Sessions for the FESTIVAL WALK. Our art educators offer you in-depth insights into selected projects from the exhibition.,guided tour,https://ars.electronica.art/negotiatinghumanity/en/view/IntroSessionFESTIVALWALKNegotiatingtheReal-3a638ddb450c8018a53dcd7313f98207/,Priesterseminar,
LIT—Linz Institute of Technology Exhibition,,09.09,10:00,19:00,JKU scientists exchange inspiring ideas with locally and internationally renowned artists to create a platform to discuss and experience research at the intersection with art in a playful manner.,exhibition,https://ars.electronica.art/negotiatinghumanity/en/view/LITLinzInstituteofTechnologyExhibition-34a38ddb450c8068a57fe12cc2f48e1a/,,
Negotiating Beyond Humanity,Masha Zolotova,09.09,10:00,19:00,"While the festival theme NEGOTIATING HUMANITY – FUTURE BEGINS proposes that humanity is not a fixed condition, but an ongoing process of negotiation, Negotiating Beyond Humanity expands this horizon by turning towards the more-than-human beings.",exhibition,https://ars.electronica.art/negotiatinghumanity/en/view/NegotiatingBeyondHumanity-38338ddb450c80b394f8d7c836a5ba35/,"Ursulinenhof Linz, Attic",
Negotiating Humanity,,09.09,10:00,18:00,"Featuring six award-winning works from the Prix Ars Electronica 2026 and the European Commission’s STARTS Prize 2026, this exhibition explores what it means to be human. The diverse artistic perspectives challenge familiar assumptions and invite visitors to negotiate humanity anew.",exhibition,https://ars.electronica.art/negotiatinghumanity/en/view/NegotiatingHumanity-34a38ddb450c80b59fb5e33469d2912b/,Lentos Kunstmuseum,
Open Futurelab – Exhibition,,09.09,10:00,19:00,"Open Futurelab makes artistic research visible as it happens: through prototypes, interactive installations and experiments that invite visitors to question, imagine, and actively shape possible futures.",exhibition,https://ars.electronica.art/negotiatinghumanity/en/view/OpenFuturelabExhibition-34a38ddb450c80eb87d7e2feb36ce9b0/,"Ars Electronica Center, Level -3, Open Futurelab",
u19—create your world Exhibition,,09.09,10:00,19:00,The exhibition showcases the 23 winning projects in the u19—create your world category of the Prix Ars Electronica 2026.,exhibition,https://ars.electronica.art/negotiatinghumanity/en/view/u19createyourworldExhibition-38438ddb450c815a91aac30837379922/,,
Open Futurelab Tour (EN),,09.09,10:15,11:15,"In this guided tour, you experience prototypes, installations and the new exhibition Hello Worlds! by the artistic R&D laboratory and atelier Ars Electronica Futurelab.",guided tour,https://ars.electronica.art/negotiatinghumanity/en/view/OpenFuturelabTourEN-57838ddb450c836199a1014a64eadb52/,"Ars Electronica Center, Level 0, Guided Tours & Workshops Desk",registration: https://kupfticket.com/events/ars-electronica-center-tours-fr-119-4f1800d640
Intro Session: Negotiating Beyond Humanity,,09.09,10:30,18:30,You don’t know where to start? Come join one of our Intro Sessions. Our art educators offer you in-depth insights into selected projects from the festival's most important exhibitions.,guided tour,https://ars.electronica.art/negotiatinghumanity/en/view/IntroSessionNegotiatingBeyondHumanity-46538ddb450c82f09844019031627a02/,"Ursulinenhof Linz, Attic",
Intro Session: Negotiating Humanity,,09.09,10:30,18:00,You don’t know where to start? Come join one of our Intro Sessions. Our art educators offer you in-depth insights into selected projects from the festival’s most important exhibitions.,guided tour,https://ars.electronica.art/negotiatinghumanity/en/view/IntroSessionNegotiatingHumanity-39138ddb450c809d8d81dd85268614f5/,Lentos Kunstmuseum,
Practicing Impact: When Reality Talks Back,Maria Pfeifer,09.09,10:30,11:30,"Ideas are easy. The real work begins when they meet reality—and other people. Join the Ars Electronica Futurelab and various collaborators for an open Town Hall exploring what it takes to turn ideas into reality, and what reality teaches us in return.",networking event,https://ars.electronica.art/negotiatinghumanity/en/view/PracticingImpactWhenRealityTalksBack-39e38ddb450c8158b115e6161a27d623/,"OK Linz, voestalpine OPEN SPACE",registration: https://mailworx.marketingsuite.info/Form?frm=095648bb-80f5-4643-9d44-e4a41fc8b3db
Retrotopia – Wenn Vergangenheit Zukunft bestimmt: Herausforderungen für Bildung und Demokratie,Upper Austrian Chamber of Labour,09.09,10:30,17:30,"This year’s Symposium Perspectives on Political Education, held as part of the Ars Electronica Festival, addresses topics such as tolerance, democratic rights and social responsibility.",symposium,https://ars.electronica.art/negotiatinghumanity/en/view/RetrotopiaWennVergangenheitZukunftbestimmtHerausforderungenfrBildungundDemokratie-38438ddb450c80eaa3d9f25264ac733c/,"JKU MED Campus, Teaching Building (LEH), Level 0, Lecture Hall 1",registration: https://ph-ooe.at/politische-bildung-2026
HandsOn: Man x Machine,,09.09,10:45,11:15,"How close can robots actually get to us? From prosthetics that replace lost abilities, and exoskeletons that support and strengthen us, to robots that accompany and assist us—this HandsOn presentation demonstrates robotics as a technology of closeness.",experience,https://ars.electronica.art/negotiatinghumanity/en/view/HandsOnManxMachine-39738ddb450c80309d0cc9653b295675/,"Ars Electronica Center, Level -1",
Ars Electronica Campus Exhibition,,09.09,11:00,20:00,"Co-hosted by Ars Electronica and the University of Arts Linz, 45 universities from across the world gather at Ars Electronica Campus Exhibition 2026. Together they create a temporary, imperfect, necessary space where NEGOTIATING HUMANITY is not a theme but a practice.",exhibition,https://ars.electronica.art/negotiatinghumanity/en/view/ArsElectronicaCampusExhibition-34a38ddb450c8099aa01fc4acd2346bf/,University of Arts Linz,
behind the scenes,Akademie des Österreichischen Films,09.09,11:00,13:00,Various associations and film professionals offer open workshops providing insights into their work on a film set.,open lab,https://ars.electronica.art/negotiatinghumanity/en/view/behindthescenes-3c738ddb450c800fae73f0ee20da5bdb/,"JKU MED Campus, Plaza",
Expanded Play Gallery – Exhibition of Playful Media,,09.09,11:00,19:30,"Now in its third edition, the Expanded Play Gallery features a curated selection of interactive works that address a wide range of topics through the medium of play.",exhibition,https://ars.electronica.art/negotiatinghumanity/en/view/ExpandedPlayGalleryExhibitionofPlayfulMedia-34a38ddb450c800f93f1e2e284d718b8/,Atelierhaus Salzamt,
Live-programming Deep Space 8K with vvvv,,09.09,11:00,11:30,"In this session we will show what it looks and feels like to live-program Deep Space 8K by going through a series of demos and examples exploring specific features in vvvv and Deep Space 8K, offering a starting point for artists to develop their own interactive works for the space.",lecture & talk,https://ars.electronica.art/negotiatinghumanity/en/view/Live-programmingDeepSpace8Kwithvvvv-3a338ddb450c8193b667deec448c483f/,"Ars Electronica Center, Level 0, Deep Space 8K",registration: https://mailworx.marketingsuite.info/Form?ev=ddea3dbc-9577-4307-831c-184c3d38854a
WE GUIDE YOU: Homo futuris (DE),,09.09,11:15,12:15,"As a species that has shaped the Earth, humans have transformed their environment like no other species before. With every new technology, our influence—and our responsibility for the future we are shaping—potentially grows.",guided tour,https://ars.electronica.art/negotiatinghumanity/en/view/WEGUIDEYOUHomofuturisDE-37c38ddb450c80eb81ffe889890cceeb/,"Ars Electronica Center, Level 0, Guided Tours & Workshops Desk",registration: https://kupfticket.com/events/ars-electronica-tours-mi-9926-4a76e6f3cf
WE GUIDE YOU: Homo futuris (EN),,09.09,11:15,12:15,"As a species that has shaped the Earth, humans have transformed their environment like no other species before. With every new technology, our influence—and our responsibility for the future we are shaping—potentially grows.",guided tour,https://ars.electronica.art/negotiatinghumanity/en/view/WEGUIDEYOUHomofuturisEN-c3738ddb450c83379f3201d3aa0c858f/,"Ars Electronica Center, Level 0, Guided Tours & Workshops Desk",registration: https://kupfticket.com/events/ars-electronica-tours-mi-9926-2bb2cd1f7d
Academic Session: Art Track #1 Archive,"Shih-Wen Huang, Xinyi Zhang, Daichen Wang, Emily Godden, Xinran Wu",09.09,11:30,13:00,"The Academic Session #1 Art Track: Archive presents five contributions from the Expanded Conference Open Call that explore how digital and immersive technologies can engage with archives, cultural heritage, memory and histories in transformation.",conference,https://ars.electronica.art/negotiatinghumanity/en/view/AcademicSessionArtTrack1Archive-3a538ddb450c80778f8cc9b28ab53f58/,"Ars Electronica Center, Level 3, Sky Loft",
Deep Space Selection,,09.09,11:30,12:00,"At Deep Space Selection, we present several times a day a changing selection from our diverse program, which we’ve been continuously developing since 2009. Visitors can look forward to exciting stories and immersive experiences spanning media art, science and technology.",experience,https://ars.electronica.art/negotiatinghumanity/en/view/DeepSpaceSelection-3a438ddb450c8064afbaf2f7cd324cbd/,"Ars Electronica Center, Level 0, Deep Space 8K",registration: https://mailworx.marketingsuite.info/Form?ev=1c91bb9a-0ef5-48a2-9a93-33d73e38a887
HandsOn: Neuro-Bionics,,09.09,11:45,12:15,"There is a worm in our robot! At least its brain—because a worm’s nervous system can already be “copied” into a machine. But even the human brain, with all the data it produces, can already be read and interpreted well by using EEG and brain/computer interfaces, and can even control things outside the body.",experience,https://ars.electronica.art/negotiatinghumanity/en/view/HandsOnNeuro-Bionics-0ad38ddb450c8270822a01d8ad81733d/,"Ars Electronica Center, Level -3",
"12.5 square meters—space for a car, or…","Klasse 1b, Mittelschule Kettenbrücke, Elisabeth Berger, Alexander Janus",09.09,12:00,14:00,The project started with an empty parking space in the schoolyard and the children’s complaints about the lack of space to move around.,project,https://ars.electronica.art/negotiatinghumanity/en/view/12.5squaremetersspaceforacaror-3b238ddb450c804ba348d76e96e8e557/,C. Bechstein Centrum Linz,
Lost Legends,"Melinda File, Benedikt Pfisterer, Stefan Czerny, Lisa Hochgatterer",09.09,12:00,12:30,"Using highly detailed 3D models created from fossils and specimens in the collections of the Natural History Museum Vienna, this experience combines scientific evidence with immersive visualization to bring these lost legends back to life.",experience,https://ars.electronica.art/negotiatinghumanity/en/view/LostLegends-39538ddb450c80cf95b7ca71aea39e0a/,"Ars Electronica Center, Level 0, Deep Space 8K",registration: https://mailworx.marketingsuite.info/Form?ev=7c229d21-aaf2-4bfe-844b-0963d9d9a988
Mapping the Profits with War,,09.09,12:00,14:00,"Using interactive methods, participants will jointly visualize and discuss the actors who profit from war. This workshop invites us to draw connections between those who benefit from current global crises—from the banks, the arms industry, AI and fossil fuel corporations to authoritarian regimes.",workshop,https://ars.electronica.art/negotiatinghumanity/en/view/MappingtheProfitswithWar-39138ddb450c81659f40da3fce7bfa86/,Main Square Linz,
"Negotiating Reality – Conflict Culture,  AI and Democracy in the Digital Public Sphere",,09.09,12:00,17:00,This conference takes Negotiating Humanity as its starting point to explore how democratic discourse can be strengthened in increasingly complex digital information ecosystems.,conference,https://ars.electronica.art/negotiatinghumanity/en/view/NegotiatingRealityConflictCultureAIandDemocracyintheDigitalPublicSphere-39e38ddb450c80ca8ceed46e5723b081/,"Ursulinenhof Linz, Ursulinensaal",
Opening Remarks,Vanessa Hannesschläger,09.09,12:00,12:10,"Stage host Vanessa Hannesschläger opens the day with a brief introduction to the programme, its key topics and the speakers joining the first day of the Theme Symposium.",lecture & talk,https://ars.electronica.art/negotiatinghumanity/en/view/OpeningRemarks-39e38ddb450c8021bd37fbfda2a07f16/,"Ursulinenhof Linz, Ursulinensaal",
Renewable Hydrogen for resilient and emission-free Mobility Systems,Michael Csar,09.09,12:00,12:10,"Resilient mobility requires a sustainable energy source. Renewable hydrogen reduces dependence on fossil fuels and opens up new avenues for decarbonizing transportation, logistics and industrial applications.",lecture & talk,https://ars.electronica.art/negotiatinghumanity/en/view/RenewableHydrogenforresilientandemission-freeMobilitySystems-3ac38ddb450c81358883f5c2b6d4d6d4/,splace,
Updating the Great Acceleration Charts: New Signals for a Changing World,"Alexander Damianos, Robertina Šebjanič, John Palmesino, Ann-Sofi Rönnskog",09.09,12:00,13:00,"The Great Acceleration charts changed how we sense and feel the planet. Can that change itself become a signal? A hands-on workshop in which participants trace how the charts shape perception, feeling, action and translate those ripples into candidate indicators for an expanded set of curves.",networking event,https://ars.electronica.art/negotiatinghumanity/en/view/UpdatingtheGreatAccelerationChartsNewSignalsforaChangingWorld-3a538ddb450c81f58ae1f5d343fbcee1/,"OK Linz, voestalpine OPEN SPACE",registration: https://mailworx.marketingsuite.info/Form?frm=24be8e50-a9c0-4755-b337-71bfce739d66
Hello Worlds! Futurelab Tour (DE),,09.09,12:15,12:45,"Explore Hello Worlds! together with the people behind the project. Researchers, artists, designers, developers and collaboration partners guide you through the exhibition, sharing the ideas, technologies and research behind the works—and, if you like, continue the conversation afterwards.",guided tour,https://ars.electronica.art/negotiatinghumanity/en/view/HelloWorldsFuturelabTourDE-3a038ddb450c81a082addecc3a0f5031/,"Ars Electronica Center, Level 0, Guided Tours & Workshops Desk",registration: https://kupfticket.com/events/ars-electronica-center-tours-fr-119-8109eabe82
NE #00: New Embeddings of/for Artistic Intelligence,"Enrique Encinas, Ida Jahr, Synne Tollerud Bull, Budhaditya Chattopadhyay, Jon Marius Aareskjold-Drecker",09.09,12:30,14:30,"Leave the room alongside a collaborator you could not have named on arrival. NE #00 embeds a room of artists, scientists, researchers and institutions by what they need, have built and refuse with AI—forming new neighbourhoods of Artistic Intelligence.",workshop,https://ars.electronica.art/negotiatinghumanity/en/view/NE00NewEmbeddingsofforArtisticIntelligence-39f38ddb450c81b5a2e1e4b478396502/,"Ursulinenhof Linz, Gewölbesaal",registration: https://mailworx.marketingsuite.info/Form?frm=a5153449-1beb-4c2e-b2d0-bc2094fc08b3
Spotlight Tour: Negotiating Humanity (EN),,09.09,12:30,14:00,What can we negotiate when it comes to humanity? What must remain non-negotiable? How do we engage with conflicts on an individual and collective level? And what role does art play in this process?,guided tour,https://ars.electronica.art/negotiatinghumanity/en/view/SpotlightTourNegotiatingHumanityEN-39838ddb450c8078b25ddadd9162b41b/,Lentos Kunstmuseum,registration: https://kupfticket.com/events/spotlight-tour-negotiating-humanity-6bb37b70f7
Unbreakable Ukraine,Saravá,09.09,12:30,13:00,"Unbreakable Ukraine is an immersive exhibition born to safeguard Ukraine’s cultural heritage, now under constant threat from war.",experience,https://ars.electronica.art/negotiatinghumanity/en/view/UnbreakableUkraine-39038ddb450c805f97a1c108437ce7d8/,"Ars Electronica Center, Level 0, Deep Space 8K",registration: https://mailworx.marketingsuite.info/Form?ev=7e811b3b-c371-4340-9db5-7efda3b67ccc
"From Outrage to Influence: How Psychology, Creators and Platforms Shape Political Debate","Isabel Linzer, Alexander Sängerlaub, Jon Roozenbeek",09.09,12:50,13:50,Why does outrage spread so easily online—and how does it turn into political influence? This conversation brings together psychological insights and a closer look at the growing influence of social media creators in shaping political debate.,panel discussion,https://ars.electronica.art/negotiatinghumanity/en/view/FromOutragetoInfluenceHowPsychologyCreatorsandPlatformsShapePoliticalDebate-39e38ddb450c8007891fcde9a06e286a/,"Ursulinenhof Linz, Ursulinensaal",
Bubble Talk: AI-Guided Exhibition Tour,,09.09,13:00,15:00,"Join an experimental AI-guided exhibition tour with Bubble Talk. Participants create a personalized museum guide based on their interests, discover unexpected connections between artworks, and help shape the future of adaptive exhibition experiences through their feedback.",guided tour,https://ars.electronica.art/negotiatinghumanity/en/view/BubbleTalkAI-GuidedExhibitionTour-3a438ddb450c811fb8c1df1111e31f4b/,"Ars Electronica Center, Level 1, Connected Earth",
Creative Coding Open House (WED 9.9.),"Amir Bastan, Cécile Bucher, Chris Coleman, Raphaël de Courville, Joreg",09.09,13:00,18:00,The Creative Coding Open House starts with a day to meet fellow creative coding tool users and makers (and those who are just curious!). Make new connections and catch up with old friends. Pitch activities for the coming days at the Open House and help us make this a cozy space to hang out.,open lab,https://ars.electronica.art/negotiatinghumanity/en/view/CreativeCodingOpenHouseWED9.9.-3a838ddb450c816c85dbd8ba658d933d/,PopUp Store,
Deep Space Selection,,09.09,13:00,13:30,"At Deep Space Selection, we present several times a day a changing selection from our diverse program, which we’ve been continuously developing since 2009. Visitors can look forward to exciting stories and immersive experiences spanning media art, science and technology.",experience,https://ars.electronica.art/negotiatinghumanity/en/view/DeepSpaceSelection-3a438ddb450c8064afbaf2f7cd324cbd/,"Ars Electronica Center, Level 0, Deep Space 8K",registration: https://mailworx.marketingsuite.info/Form?ev=20fe706e-b73d-4682-a516-8723a5a6f084
Hello Worlds! Behind the Prototype: Hello Worlds! System,"Peter Holzkorn, Friedrich Bachinger, Kerstin Blätterbinder, Takuma Suzuki",09.09,13:00,13:30,"Ever wondered how an AI-enabled exhibition actually works? This is your chance to ask. Meet the team behind the Hello Worlds! platform and explore the ideas, technologies, and design decisions of the adaptive AI system, participation, transparency and personalized visitor experiences.",open lab,https://ars.electronica.art/negotiatinghumanity/en/view/HelloWorldsBehindthePrototypeHelloWorldsSystem-3a038ddb450c811db32ce1a1977aabb4/,"Ars Electronica Center, Level -3, Open Futurelab",
Hydrogen at the BMW Group Plant Steyr,Oliver Fürst and Bernhard Aichhorn,09.09,13:00,13:10,"At BMW Group Plant Steyr, more than 40 years of expertise meet the next generation of hydrogen technology. The team is contributing to the pre-series development of the third-generation fuel cell system and preparing for series production of the hydrogen drivetrain.",lecture & talk,https://ars.electronica.art/negotiatinghumanity/en/view/HydrogenattheBMWGroupPlantSteyr-3ad38ddb450c8112af0bc1f863a616a5/,splace,
Live Cinema Lab,Lukas Strasser,09.09,13:00,18:00,"The Live Cinema Lab invites participants to become part of a filmmaking process. Within an open installation, they experience different departments of filmmaking and their interplay firsthand through experimenting, exploring and collaboratively developing a scene.",open lab,https://ars.electronica.art/negotiatinghumanity/en/view/LiveCinemaLab-3a738ddb450c802b8dbfe3224df28ed1/,"JKU MED Campus, Plaza",
Press Start – RADICAL GAMING Performance,"Rajiv Bhagwanbali, Anna Hazarian, Philipp “Flip” Kroll, Alina Lugovskaya",09.09,13:00,13:10,"Dance and gaming experience merge together in this performance which explores belonging, recognition and the darker sides of online communities.",performance,https://ars.electronica.art/negotiatinghumanity/en/view/PressStartRADICALGAMINGPerformance-dec38ddb450c832fb6d901f9e7afa93c/,"JKU MED Campus, Teaching Building (LEH), Level 0, Lecture Hall 2",
Spotlight Tour FESTIVAL WALK: Negotiating the Real (EN),,09.09,13:00,14:30,"How do we negotiate reality? How does community form, both among us humans and with other living beings? What systems of belief shape the conflicts we face in this process and what role does technology play?",guided tour,https://ars.electronica.art/negotiatinghumanity/en/view/SpotlightTourFESTIVALWALKNegotiatingtheRealEN-39538ddb450c804487b4d97d74b94fc8/,"OK Platz, WE GUIDE YOU Meeting Point",registration: https://kupfticket.com/events/spotlight-tour-festival-walk-negotiating-the-real-9e55cd71ad
Where Is the Sound Hiding?,,09.09,13:00,13:45,"The C. Bechstein Centrum Linz invites children on a journey into the world of pianos and grand pianos, full of opportunities to discover, explore and try things out for themselves.",workshop,https://ars.electronica.art/negotiatinghumanity/en/view/WhereIstheSoundHiding-3a338ddb450c80c599dff86fc1090c64/,C. Bechstein Centrum Linz,
WE GUIDE YOU: Homo futuris (DE),,09.09,13:15,14:15,"As a species that has shaped the Earth, humans have transformed their environment like no other species before. With every new technology, our influence—and our responsibility for the future we are shaping—potentially grows.",guided tour,https://ars.electronica.art/negotiatinghumanity/en/view/WEGUIDEYOUHomofuturisDE-37c38ddb450c80eb81ffe889890cceeb/,"Ars Electronica Center, Level 0, Guided Tours & Workshops Desk",registration: https://kupfticket.com/events/ars-electronica-tours-mi-9926-367a6024b2
WE GUIDE YOU: Homo futuris (EN),,09.09,13:15,14:15,"As a species that has shaped the Earth, humans have transformed their environment like no other species before. With every new technology, our influence—and our responsibility for the future we are shaping—potentially grows.",guided tour,https://ars.electronica.art/negotiatinghumanity/en/view/WEGUIDEYOUHomofuturisEN-c3738ddb450c83379f3201d3aa0c858f/,"Ars Electronica Center, Level 0, Guided Tours & Workshops Desk",registration: https://kupfticket.com/events/ars-electronica-tours-mi-9926-c8dffb367d
Dissonant Stereoscopy,Alisa Martynova,09.09,13:30,14:00,"Alisa Martynova’s residency at the Ars Electronica Futurelab in 2026 explores perception, consciousness and the unstable nature of truth through an immersive projection environment developed for Deep Space 8K.",experience,https://ars.electronica.art/negotiatinghumanity/en/view/DissonantStereoscopy-3a438ddb450c8093b831d6c2812fe11a/,"Ars Electronica Center, Level 0, Deep Space 8K",registration: https://mailworx.marketingsuite.info/Form?ev=b440106b-b10f-4e5c-8cd0-5fa02a22332b
Artist Q&A with Joseph Herscher,Joseph Herscher,09.09,14:00,15:00,"Meet Joseph Herscher, the artist behind Joseph’s Machines—elaborate chain-reaction contraptions that turn everyday objects into unlikely collaborators.",meet the artist,https://ars.electronica.art/negotiatinghumanity/en/view/ArtistQAwithJosephHerscher-3a538ddb450c8017a27cf49cbaabc515/,,
Crafting Futures Lab: Re-membering our Seeds,"Julia Moser, Angela Olbrich, Dunjiva Kollektiv",09.09,14:00,16:00,"Seeds are living archives. They carry memories of place, seasons and generations of care. This collective embroidery circle invites participants to stitch seeds into fabric while listening to stories about plants, place-making and seed keeping.",workshop,https://ars.electronica.art/negotiatinghumanity/en/view/CraftingFuturesLabRe-memberingourSeeds-3ae38ddb450c8027a884e9bced8ddc61/,,registration: https://forms.cloud.microsoft/e/4FE2dQRsKx
Deep Space Selection,,09.09,14:00,14:30,"At Deep Space Selection, we present several times a day a changing selection from our diverse program, which we’ve been continuously developing since 2009. Visitors can look forward to exciting stories and immersive experiences spanning media art, science and technology.",experience,https://ars.electronica.art/negotiatinghumanity/en/view/DeepSpaceSelection-3a438ddb450c8064afbaf2f7cd324cbd/,"Ars Electronica Center, Level 0, Deep Space 8K",registration: https://mailworx.marketingsuite.info/Form?ev=2298e28a-74a1-4548-b75a-7776789cd3f2
Ghost Stories: Negotiating Between Worlds,"Esteban Azuela, Naomi Noir, Wendi Yan, Boris Eldagsen, Ben Chimoy",09.09,14:00,14:45,The five works in this program tell unusual ghost stories in which the boundaries between worlds become permeable and negotiation remains open.,screening,https://ars.electronica.art/negotiatinghumanity/en/view/GhostStoriesNegotiatingBetweenWorlds-39938ddb450c8079978eee12b2bd374e/,"JKU MED Campus, Laboratory Building (LAB), Level 1, JKU medSPACE",
Town Hall Meeting: ArtScience X ArsBiologica,"Petra Linhartova, Daniela Duca De Tey, Laura Welzenbach",09.09,14:00,15:00,"What actually happens in the space between an artist and a scientist? Beyond what gets produced, how does the encounter change both sides? This session explores how bringing artistic and scientific methodologies into genuine dialogue can transform public engagement, reframe scientific inquiry and seed long-term ecological awareness.",networking event,https://ars.electronica.art/negotiatinghumanity/en/view/TownHallMeetingArtScienceXArsBiologica-39138ddb450c80ad865afe26c0a44540/,"OK Linz, voestalpine OPEN SPACE",registration: https://mailworx.marketingsuite.info/Form?frm=09571aa9-715d-430d-8445-422c3359ba80
Where Is the Sound Hiding?,,09.09,14:00,14:45,"The C. Bechstein Centrum Linz invites children on a journey into the world of pianos and grand pianos, full of opportunities to discover, explore and try things out for themselves.",workshop,https://ars.electronica.art/negotiatinghumanity/en/view/WhereIstheSoundHiding-3a338ddb450c80c599dff86fc1090c64/,C. Bechstein Centrum Linz,
Weaponized Information - Disinformation as a Geopolitical Tool,"Gustav Gressel, Masha Borzunova, Jan Beyer, Jessikka Aro, Jan Nicola Beyer",09.09,14:10,15:00,"Disinformation is no longer simply a problem of false information. It has become a tool of geopolitical influence—used to exploit existing tensions, shape public narratives and undermine trust in democratic institutions.",panel discussion,https://ars.electronica.art/negotiatinghumanity/en/view/WeaponizedInformation-DisinformationasaGeopoliticalTool-39e38ddb450c8072882ac0e7bda641b7/,"Ursulinenhof Linz, Ursulinensaal",
Open Futurelab Tour (DE),,09.09,14:15,15:15,"In this guided tour, you experience prototypes, installations and the new exhibition Hello Worlds! by the artistic R&D laboratory and atelier Ars Electronica Futurelab.",guided tour,https://ars.electronica.art/negotiatinghumanity/en/view/OpenFuturelabTourDE-3a538ddb450c80c2a39be7d7fc616ec4/,"Ars Electronica Center, Level 0, Guided Tours & Workshops Desk",registration: https://kupfticket.com/events/ars-electronica-center-tours-fr-119-c617b520d0
Performances at Main Square,,09.09,14:15,14:45,"The Flood the Zone with Courage program presents a series of interventions, each lasting no more than seven minutes. Through diverse artistic approaches, these interventions reimagine protest, exploring the many forms it can take and inviting audiences into concentrated moments of action.",performance,https://ars.electronica.art/negotiatinghumanity/en/view/PerformancesatMainSquare-3a538ddb450c8042a6e2c78244bdcd22/,Main Square Linz,
Academic Session: Art Track #2 Authorship,"Marcus Round, Adam Cole, Mick Grierson, Tomás Laurenzo, Ting-Chun Liu, Leon‑Etienne Kühr, Nozomu Kubota",09.09,14:30,16:00,"The Academic Session #2 Art Track: Authorship presents five contributions from the Expanded Conference Open Call that explore authorship, agency and creative control in expanded animation and interactive art.",conference,https://ars.electronica.art/negotiatinghumanity/en/view/AcademicSessionArtTrack2Authorship-3a538ddb450c80a6b695d41d488e335e/,"Ars Electronica Center, Level 3, Sky Loft",
"Panel Discussion: Hydrogen and the road ahead: perspectives from Art, Society and BMW","Michael Mondria, Jürgen Guldner, Christiane Rau",09.09,14:30,15:30,"Hydrogen is more than a technological question. This panel explores what it takes for society to accept new technologies—and how art can help make complex innovation more tangible, relatable and understandable.",panel discussion,https://ars.electronica.art/negotiatinghumanity/en/view/PanelDiscussionHydrogenandtheroadaheadperspectivesfromArtSocietyandBMW-3ae38ddb450c811d949ccd0539e3d2a0/,Hotel Schwarzer Bär,registration: https://mailworx.marketingsuite.info/Form?frm=a2df2be6-65fc-4615-808c-d4a018e5b306
Quantum Zoom – The First Chapter,"Markos Kay, Michael Wilhelm, DESY, IQOQI Vienna",09.09,14:30,15:00,"Quantum Zoom is a 3D stereoscopic immersive experience, where audiences will step into a vast, evolving system of nested realities. As they move deeper—from the visible world into microscopic and quantum domains—they will witness the flow of information as it self-organizes into different structures of reality",experience,https://ars.electronica.art/negotiatinghumanity/en/view/QuantumZoomTheFirstChapter-39038ddb450c8017aa13f8d29d50a69a/,"Ars Electronica Center, Level 0, Deep Space 8K",registration: https://mailworx.marketingsuite.info/Form?ev=69400f90-ba98-4695-ae7d-edca97928676
Spotlight Tour: Negotiating Humanity (DE),,09.09,14:30,16:00,Wie verhandeln wir die Menschheit? Was darf nicht verhandelbar sein? Wie gehen wir auf individueller und kollektiver Ebene mit Konflikten um? Und welche Rolle spielt die Kunst in diesem Prozess?,guided tour,https://ars.electronica.art/negotiatinghumanity/en/view/SpotlightTourNegotiatingHumanityDE-39838ddb450c807fb3a9d19e3cefc7ea/,Lentos Kunstmuseum,registration: https://kupfticket.com/events/spotlight-tour-negotiating-humanity-9f7bad781a
Spotlight Tour: Negotiating Humanity (EN),,09.09,14:30,16:00,What can we negotiate when it comes to humanity? What must remain non-negotiable? How do we engage with conflicts on an individual and collective level? And what role does art play in this process?,guided tour,https://ars.electronica.art/negotiatinghumanity/en/view/SpotlightTourNegotiatingHumanityEN-39838ddb450c8078b25ddadd9162b41b/,Lentos Kunstmuseum,registration: https://kupfticket.com/events/spotlight-tour-negotiating-humanity-fa09ec81b9
HandsOn: Man x Machine,,09.09,14:45,15:15,"How close can robots actually get to us? From prosthetics that replace lost abilities, and exoskeletons that support and strengthen us, to robots that accompany and assist us—this HandsOn presentation demonstrates robotics as a technology of closeness.",experience,https://ars.electronica.art/negotiatinghumanity/en/view/HandsOnManxMachine-39738ddb450c80309d0cc9653b295675/,"Ars Electronica Center, Level -1",
Addressing Tomorrow,,09.09,15:00,17:30,"This workshop invites participants to transform their visions of the future into illustrated postcards. Together with Calle Libre, the workshop explores sustainability, community and urban futures through drawing, creating a collective exhibition of hopeful messages for tomorrow.",workshop,https://ars.electronica.art/negotiatinghumanity/en/view/AddressingTomorrow-39038ddb450c81dc8de9f95a702c1077/,Main Square Linz,
Artist Tour with Ana María Caballero and Curator Julia Staudach: “READ THE ROOM”,"Ana María Caballero, Julia Staudach",09.09,15:00,15:30,"In this Artist Tour, artist and poet Ana María Caballero joins curator Julia Staudach to guide visitors through Read the Room, Caballero’s first institutional mid-career retrospective.",guided tour,https://ars.electronica.art/negotiatinghumanity/en/view/ArtistTourwithAnaMaraCaballeroandCuratorJuliaStaudachREADTHEROOM-3a938ddb450c80e3a590dbc660da0b89/,Francisco Carolinum,
Character Lab: Digital Companions for a Festival of the Future,"Marthe Trottnow, Nils Penner, Adrian Rudershausen",09.09,15:00,17:00,"In this hands-on workshop, participants create original characters for AI festival guides. We blend analog character work with AI prototyping and test first dialogues to explore what kind of companion voice truly fits Ars Electronica.",workshop,https://ars.electronica.art/negotiatinghumanity/en/view/CharacterLabDigitalCompanionsforaFestivaloftheFuture-39d38ddb450c81b08be0dddee46f5f9d/,"Ursulinenhof Linz, Gewölbesaal",registration: https://mailworx.marketingsuite.info/Form?frm=e3818d0d-d53d-4d1f-88a9-a7bf6dd03043
Deep Space Selection,,09.09,15:00,15:30,"At Deep Space Selection, we present several times a day a changing selection from our diverse program, which we’ve been continuously developing since 2009. Visitors can look forward to exciting stories and immersive experiences spanning media art, science and technology.",experience,https://ars.electronica.art/negotiatinghumanity/en/view/DeepSpaceSelection-3a438ddb450c8064afbaf2f7cd324cbd/,"Ars Electronica Center, Level 0, Deep Space 8K",registration: https://mailworx.marketingsuite.info/Form?ev=682ea49d-37e4-4f08-b763-f537f24b2af1
El Cultivo de la Mente – Art Film,"Blüten & Papaya, Eva Stöflin, Milan Conic",09.09,15:00,16:00,"El Cultivo de la Mente is a performance film by the artist duo Blüten & Papaya, divided into three acts, with a live performance of the soundtrack by Milan Conic on piano.",concert,https://ars.electronica.art/negotiatinghumanity/en/view/ElCultivodelaMenteArtFilm-3ad38ddb450c80fc9fdcd83bbaef7b4b/,C. Bechstein Centrum Linz,
Expert Tour: Meet the Features Partners,Christl Baur,09.09,15:00,16:30,The Ars Electronica Features Exhibition showcases a carefully curated selection of international projects at the intersection of art and technology.,guided tour,https://ars.electronica.art/negotiatinghumanity/en/view/ExpertTourMeettheFeaturesPartners-3a438ddb450c804bb060d823a2db6a47/,Francisco Carolinum,registration: https://kupfticket.com/events/expert-tours-ok-quarter-2e955d42bf
Keys Beyond Boundaries,Milan Conic,09.09,15:00,19:00,"Electronics meets improvized piano; dance, film and poetry at the C. Bechstein Piano Gallery. Featuring performances by Milan Conic and collaborators, the program explores new encounters between acoustic and electronic sound.",concert,https://ars.electronica.art/negotiatinghumanity/en/view/KeysBeyondBoundaries-3a338ddb450c80dc9c4eefd462906fe7/,C. Bechstein Centrum Linz,
National Gallery Dreaming,"John Stack, Jaron Ghani, Lawrence Chiles",09.09,15:00,18:00,"What if the National Gallery collection could dream? This AI-driven installation journeys through 2,400 artworks, uncovering unexpected connections between paintings, artists and ideas. Shaped by visitor voices, it transforms collection data into a living map of discovery.",project,https://ars.electronica.art/negotiatinghumanity/en/view/NationalGalleryDreaming-39e38ddb450c81dba105e4ee1ac2b004/,"Ars Electronica Center, Level -1, Seminar Room",
Prix Ars Electronica Insight,"Sabine Hertig & Dirk Koy, Tianji Yu, 2girls1comp, Bruce Eesly, Ryat Yezbick, Aurelijus Čiupas",09.09,15:00,16:00,"This program brings together six works that capture the spirit of this year’s Prix Ars Electronica jury discussions. Five of them received awards, standing out for their artistic intelligence, critical insight and political urgency.",screening,https://ars.electronica.art/negotiatinghumanity/en/view/PrixArsElectronicaInsight-39938ddb450c80ef8414c66523c31119/,"JKU MED Campus, Laboratory Building (LAB), Level 1, JKU medSPACE",
Weaponizing Confusion,"Christina Schwaha, Stefan Rathmanner",09.09,15:00,15:30,Fact-checkers Christina Schwaha and Stefan Rathmanner (APA) show how disinformation campaigns operate on social media and what each of us can do to stop their spread.,workshop,https://ars.electronica.art/negotiatinghumanity/en/view/WeaponizingConfusion-39e38ddb450c80feba27d9e95aca0206/,"Ursulinenhof Linz, Ursulinensaal",
SynTact: Guided Exploration & Discussion,Ricoh,09.09,15:15,15:45,"Explore SynTact, an interactive installation imagining future forms of collaboration beyond the human. Experience the installation together with the artists and researchers behind the project, and engage in a conversation about communication, collaboration, and care across species and technologies.",open lab,https://ars.electronica.art/negotiatinghumanity/en/view/SynTactGuidedExplorationDiscussion-39f38ddb450c813eb76bc02ea17bdca3/,"Ars Electronica Center, Level -3, Open Futurelab",
WE GUIDE YOU: Homo futuris (DE),,09.09,15:15,16:15,"As a species that has shaped the Earth, humans have transformed their environment like no other species before. With every new technology, our influence—and our responsibility for the future we are shaping—potentially grows.",guided tour,https://ars.electronica.art/negotiatinghumanity/en/view/WEGUIDEYOUHomofuturisDE-37c38ddb450c80eb81ffe889890cceeb/,"Ars Electronica Center, Level 0, Guided Tours & Workshops Desk",registration: https://kupfticket.com/events/ars-electronica-tours-mi-9926-5953a01c5c
WE GUIDE YOU: Homo futuris (EN),,09.09,15:15,16:15,"As a species that has shaped the Earth, humans have transformed their environment like no other species before. With every new technology, our influence—and our responsibility for the future we are shaping—potentially grows.",guided tour,https://ars.electronica.art/negotiatinghumanity/en/view/WEGUIDEYOUHomofuturisEN-c3738ddb450c83379f3201d3aa0c858f/,"Ars Electronica Center, Level 0, Guided Tours & Workshops Desk",registration: https://kupfticket.com/events/ars-electronica-tours-mi-9926-25e88c7007
Curator’s Tour with Julia Staudach: “Collection Francisco Carolinum”,Julia Staudach,09.09,15:30,16:00,"In this tour, the exhibition’s curator, Julia Staudach, shares insights into the artworks showcased in the Collection Francisco Carolinum and the ideas behind them.",guided tour,https://ars.electronica.art/negotiatinghumanity/en/view/CuratorsTourwithJuliaStaudachCollectionFranciscoCarolinum-3a938ddb450c80e897d8d6cf37cfbf9b/,Francisco Carolinum,
DAS Trail Workshop for Youngsters,Toyota Coniq,09.09,15:30,17:00,"DAS Trail is a fieldwork program in which participants explore local areas through observation, dialogue and 3D scanning. In this workshop for kids and teens, families walk along a special trail in Linz and learn to explore the area from a new perspective.",workshop,https://ars.electronica.art/negotiatinghumanity/en/view/DASTrailWorkshopforYoungsters-9cf38ddb450c823aae1d01c98286819a/,"Ars Electronica Center, Level -3, Open Futurelab",registration: https://mailworx.marketingsuite.info/Form?ev=53ddc7ed-92e8-4c6a-a9d0-945713b50a97
Interplayful Environments Part I,"Florian Klammer, Yen-Chun Lin, Kamilla Sabitova, Vincent Mugg",09.09,15:30,16:30,"A key research focus of the Time-Based and Interactive Media Art Department is the playful interaction of humans, sensors and high-resolution projection. The resulting interactive artworks and live performances will be shown in Deep Space 8K and Studio 1 at Hauptplatz 8 as part of the University of Arts Linz Campus exhibition.",experience,https://ars.electronica.art/negotiatinghumanity/en/view/InterplayfulEnvironmentsPartI-3a638ddb450c80028db7dcee1a0c4b8a/,"Ars Electronica Center, Level 0, Deep Space 8K",registration: https://mailworx.marketingsuite.info/Form?ev=37098de3-be00-43ae-9b3f-a82816920083
HandsOn: Neuro-Bionics,,09.09,15:45,16:15,"There is a worm in our robot! At least its brain—because a worm’s nervous system can already be “copied” into a machine. But even the human brain, with all the data it produces, can already be read and interpreted well by using EEG and brain/computer interfaces, and can even control things outside the body.",experience,https://ars.electronica.art/negotiatinghumanity/en/view/HandsOnNeuro-Bionics-0ad38ddb450c8270822a01d8ad81733d/,"Ars Electronica Center, Level -3",
Artist Tour with Claudia Larcher and Curator Eva Fischer: “No applause. no life. no pain.“,"Claudia Larcher, Eva Fischer",09.09,16:00,17:00,"In this guided tour through the exhibition No applause. no life. no pain. at Francisco Carolinum, artist Claudia Larcher joins the curator of the exhibition, Eva Fischer, to explore how her work unfolds a panorama of change.",guided tour,https://ars.electronica.art/negotiatinghumanity/en/view/ArtistTourwithClaudiaLarcherandCuratorEvaFischerNoapplause.nolife.nopain.-3a938ddb450c80afaff4c112dd8e5b3e/,Francisco Carolinum,
Designing the Digital Public: Building Spaces for Democratic Negotiation,"Mushon Zer-Aviv, Harry Keller, Lucas Evers, Lena Slachmuijlder, Jaya Klara Brekke",09.09,16:00,17:00,What if we stopped asking how democracy can adapt to the digital spaces we already have—and started designing those spaces with democracy in mind?,panel discussion,https://ars.electronica.art/negotiatinghumanity/en/view/DesigningtheDigitalPublicBuildingSpacesforDemocraticNegotiation-39e38ddb450c8090af5ecc0acad9db17/,"Ursulinenhof Linz, Ursulinensaal",
Destituent Laughing Choir,"Natalia Agati, Francesco Restuccia, Chuming Yu, Maria Messerer, Chyara Holz, Lorenz Willer, Josephine Zacher, Margarita Gimaeva, Franka Fuchs, Mahsa Landarany, Su Güryay, Anina Neumeier",09.09,16:00,17:20,"Destituent Laughing Choir is a radically horizontal, “join-as-you-come” performance structured around a core group of trained members, which invites the everyday public to organically merge into a massive, contagious feedback loop that renders the mechanics of authority completely inoperative.",performance,https://ars.electronica.art/negotiatinghumanity/en/view/DestituentLaughingChoir-38e38ddb450c81aea359dd3a888c0ed5/,"Ars Electronica Center, Maindeck",
DorfTV – Radical Broadcast,DorfTV,09.09,16:00,17:30,"DorfTV – Radical Broadcast transforms the Kunstuni Campus into an experimental television zone somewhere between loss of control, improvisation and grandeur.",project,https://ars.electronica.art/negotiatinghumanity/en/view/DorfTVRadicalBroadcast-37c38ddb450c81be8c1ad52abeebe535/,,
El Cultivo de la Mente – Art Film,"Blüten & Papaya, Eva Stöflin, Milan Conic",09.09,16:00,17:00,"El Cultivo de la Mente is a performance film by the artist duo Blüten & Papaya, divided into three acts, with a live performance of the soundtrack by Milan Conic on piano.",concert,https://ars.electronica.art/negotiatinghumanity/en/view/ElCultivodelaMenteArtFilm-3ad38ddb450c80fc9fdcd83bbaef7b4b/,C. Bechstein Centrum Linz,
Negotiating Knowledge: Trust in Science in the Digital Age,"Bernd Resch, Janja Dörsch, Marlene Jungreithmayr",09.09,16:00,17:30,"What does it mean to trust science when knowledge is shaped by distributed agencies—researchers, citizens and AI, amplified through digital and social media? This discussion links trust to transparency and participation, asking how scientific identities, responsibilities and narratives are built.",open lab,https://ars.electronica.art/negotiatinghumanity/en/view/NegotiatingKnowledgeTrustinScienceintheDigitalAge-3ba38ddb450c8171ad86db52bab773fc/,,
The Humanity Negotiation Quest,,09.09,16:00,16:30,"Guide yourself through the FESTIVAL WALK, win negotiation points, collect hidden treasures. Discover your humanity negotiation profile and get recommendations for what festival pieces to see next.",experience,https://ars.electronica.art/negotiatinghumanity/en/view/TheHumanityNegotiationQuest-3b838ddb450c80f1a438ea41018d28e6/,OK Platz,
Hello Worlds! Futurelab Tour (EN),,09.09,16:15,16:45,"Explore Hello Worlds! together with the people behind the project. Researchers, artists, designers, developers, and collaboration partners guide you through the exhibition, sharing the ideas, technologies and research behind the works—and, if you like, continue the conversation afterwards.",guided tour,https://ars.electronica.art/negotiatinghumanity/en/view/HelloWorldsFuturelabTourEN-56638ddb450c830c9e7281cf5b59a977/,"Ars Electronica Center, Level 0, Guided Tours & Workshops Desk",registration: https://kupfticket.com/events/ars-electronica-center-tours-fr-119-b64b5ef5e9
Academic Session: Research Track,"Ilja Mirsky, Tom Milnes, Niklas Beuter, Abdulaziz Alhamadani, Ghazal Hosseini, Hanif Haghtalab, Philipp Wintersberger, Maria Pages, Nea Ehrlich, Ruben Tous, Lasse Loepfe, Vinaya Tawde, Nicol Dostálová, Simone Kriglstein",09.09,16:30,18:00,The Academic Session: Research Papers presents six contributions selected through the Expanded Conference Open Call.,conference,https://ars.electronica.art/negotiatinghumanity/en/view/AcademicSessionResearchTrack-3a538ddb450c809ab2f7fef12a90efd6/,"Ars Electronica Center, Level 3, Sky Loft",
Deep Space Selection,,09.09,16:30,17:00,"At Deep Space Selection, we present several times a day a changing selection from our diverse program, which we’ve been continuously developing since 2009. Visitors can look forward to exciting stories and immersive experiences spanning media art, science and technology.",experience,https://ars.electronica.art/negotiatinghumanity/en/view/DeepSpaceSelection-3a438ddb450c8064afbaf2f7cd324cbd/,"Ars Electronica Center, Level 0, Deep Space 8K",registration: https://mailworx.marketingsuite.info/Form?ev=154ab008-34c3-448d-a145-90814a5fdf8c
Networking Event Gwangyang – Linz Media Arts Exchange 2026,,09.09,16:30,18:00,"This networking event introduces the third edition of the Gwangyang—Linz Media Arts Exchange, an initiative dedicated to artistic collaboration and knowledge sharing between South Korea and Austria.",networking event,https://ars.electronica.art/negotiatinghumanity/en/view/NetworkingEventGwangyangLinzMediaArtsExchange2026-3a338ddb450c80f88e3dcdf5761f5e7d/,"OK Linz, OK-DECK",registration: https://mailworx.marketingsuite.info/Form?frm=3d628114-c710-4c26-b14f-0287754464fd
Spotlight Tour: Negotiating Humanity (DE),,09.09,16:30,18:00,Wie verhandeln wir die Menschheit? Was darf nicht verhandelbar sein? Wie gehen wir auf individueller und kollektiver Ebene mit Konflikten um? Und welche Rolle spielt die Kunst in diesem Prozess?,guided tour,https://ars.electronica.art/negotiatinghumanity/en/view/SpotlightTourNegotiatingHumanityDE-39838ddb450c807fb3a9d19e3cefc7ea/,Lentos Kunstmuseum,registration: https://kupfticket.com/events/spotlight-tour-negotiating-humanity-1817960567
Spotlight Tour: Negotiating Humanity (EN),,09.09,16:30,18:00,What can we negotiate when it comes to humanity? What must remain non-negotiable? How do we engage with conflicts on an individual and collective level? And what role does art play in this process?,guided tour,https://ars.electronica.art/negotiatinghumanity/en/view/SpotlightTourNegotiatingHumanityEN-39838ddb450c8078b25ddadd9162b41b/,Lentos Kunstmuseum,registration: https://kupfticket.com/events/spotlight-tour-negotiating-humanity-986b4d6815
BMW Hydrogen Strategy (DE),Jürgen Guldner,09.09,17:00,17:10,"What role can hydrogen play in tomorrow’s mobility? BMW Group shares its strategy for integrating fuel cell technology into its future vehicle portfolio—highlighting hydrogen as an important energy carrier, an effective storage medium for renewable energy and a complement to battery-electric mobility.",lecture & talk,https://ars.electronica.art/negotiatinghumanity/en/view/BMWHydrogenStrategyDE-3ad38ddb450c811bb9ddd38417594800/,splace,
El Cultivo de la Mente – Art Film,"Blüten & Papaya, Eva Stöflin, Milan Conic",09.09,17:00,18:00,"El Cultivo de la Mente is a performance film by the artist duo Blüten & Papaya, divided into three acts, with a live performance of the soundtrack by Milan Conic on piano.",concert,https://ars.electronica.art/negotiatinghumanity/en/view/ElCultivodelaMenteArtFilm-3ad38ddb450c80fc9fdcd83bbaef7b4b/,C. Bechstein Centrum Linz,
Hello Worlds! Behind the Prototype / Artwork: Deep Mirror & Algorithms in Reflection,"Peter Holzkorn, Kerstin Blätterbinder, Freddie Hong",09.09,17:00,17:30,What happens when AI holds up a mirror to us? Meet the creators behind Deep Mirror and Algorithms in Reflection and discover how these works came into being—from the first ideas and research to the technologies and design decisions behind them.,open lab,https://ars.electronica.art/negotiatinghumanity/en/view/HelloWorldsBehindthePrototypeArtworkDeepMirrorAlgorithmsinReflection-3a038ddb450c81e6a270ff829f0cf542/,"Ars Electronica Center, Level -3, Open Futurelab",
Interplayful Environments Part II,"Max Sabitzer, Camilla Scholz, Frieda Emmrich, Remo Stuflesser, Holunder Heiss, Paria Dayyani, Vahid Qaderi",09.09,17:00,18:00,"A key research focus of the Time-based and Interactive Media Art Department is the playful interaction of humans, sensors and high-resolution projection. The resulting interactive artworks and live performances will be shown in Deep Space 8K and Studio 1 at Hauptplatz 8 as part of the University of Arts Linz Campus exhibition.",experience,https://ars.electronica.art/negotiatinghumanity/en/view/InterplayfulEnvironmentsPartII-3a638ddb450c809bb042c0274048fa66/,"Ars Electronica Center, Level 0, Deep Space 8K",registration: https://mailworx.marketingsuite.info/Form?ev=a48508da-094a-4fac-a229-a2f7e2877bd9
KunstUni Campus Exhibition Guided Tour,,09.09,17:00,17:50,"Join us for a guided tour of the Art and Design University of Linz campus. We will explore the university’s main exhibition spaces and discover over 250 artworks by students, artists and international partner universities.",guided tour,https://ars.electronica.art/negotiatinghumanity/en/view/KunstUniCampusExhibitionGuidedTour-39238ddb450c81fabebcd9f6e35041ec/,"University of Arts Linz, Hauptplatz 6 (East Building), Campus Welcome Desk",
Latin American Networking Gathering,,09.09,17:00,18:30,"We warmly invite you to a special Latin America networking event—an opportunity for artists, cultural professionals and anyone interested in connecting with the vibrant South American creative community at the Ars Electronica Festival.",networking event,https://ars.electronica.art/negotiatinghumanity/en/view/LatinAmericanNetworkingGathering-3a338ddb450c8099a1fee8b1cb111ae8/,Hauptplatz 23,registration: https://mailworx.marketingsuite.info/Form?frm=7cd9e4ab-328e-4fc1-8c16-140bbae9cf0f
Patterns & Politics: Book Presentation and Panel,"Claudia Hart, Andrew Blanton, Anika Meier, Julia Staudach",09.09,17:00,18:00,"Patterns & Politics: Book Presentation and Panel brings together Claudia Hart, Andrew Blanton and Anika Meier for a conversation, moderated by curator Julia Staudach, on Hart’s artistic practice and her first museum retrospective.",lecture & talk,https://ars.electronica.art/negotiatinghumanity/en/view/PatternsPoliticsBookPresentationandPanel-3a938ddb450c806a9965d44a7ffe6b58/,Francisco Carolinum,
Press Start – RADICAL GAMING Performance,"Rajiv Bhagwanbali, Anna Hazarian, Philipp “Flip” Kroll, Alina Lugovskaya",09.09,17:00,17:10,"Dance and gaming experience merge together in this performance which explores belonging, recognition and the darker sides of online communities.",performance,https://ars.electronica.art/negotiatinghumanity/en/view/PressStartRADICALGAMINGPerformance-dec38ddb450c832fb6d901f9e7afa93c/,"JKU MED Campus, Teaching Building (LEH), Level 0, Lecture Hall 2",
Spotlight Tour FESTIVAL WALK: Negotiating the Real (DE),,09.09,17:00,18:30,"How do we negotiate reality? How does community form, both among us humans and with other living beings? What systems of belief shape the conflicts we face in this process and what role does technology play?",guided tour,https://ars.electronica.art/negotiatinghumanity/en/view/SpotlightTourFESTIVALWALKNegotiatingtheRealDE-39538ddb450c804cb40efcf4008dd0f2/,"OK Platz, WE GUIDE YOU Meeting Point",registration: https://kupfticket.com/events/spotlight-tour-festival-walk-negotiating-the-real-40bbf07b46
Spotlight Tour FESTIVAL WALK: Negotiating the Real (EN),,09.09,17:00,18:30,"How do we negotiate reality? How does community form, both among us humans and with other living beings? What systems of belief shape the conflicts we face in this process and what role does technology play?",guided tour,https://ars.electronica.art/negotiatinghumanity/en/view/SpotlightTourFESTIVALWALKNegotiatingtheRealEN-39538ddb450c804487b4d97d74b94fc8/,"OK Platz, WE GUIDE YOU Meeting Point",registration: https://kupfticket.com/events/spotlight-tour-festival-walk-negotiating-the-real-c7b82eff1e
Town Hall Meeting: Art & Culture as Innovation Drivers in AI Infrastructures,"Stella Diakou, Calin Segal, Fernando Cucchietti, Matvey Fridman, Matthias Hauser, Emanuel Gollob",09.09,17:00,18:00,"This Town Hall brings together artists, HPC operators and cultural institutions for an open exchange on how artistic practice can become a recognized driver of innovation within AI networks.",networking event,https://ars.electronica.art/negotiatinghumanity/en/view/TownHallMeetingArtCultureasInnovationDriversinAIInfrastructures-39138ddb450c805b8e4edc2207c55387/,"OK Linz, voestalpine OPEN SPACE",registration: https://mailworx.marketingsuite.info/Form?frm=3ee8501e-f060-4e8b-b83e-20bd638b695a
WE GUIDE YOU: Homo futuris (DE),,09.09,17:15,18:15,"As a species that has shaped the Earth, humans have transformed their environment like no other species before. With every new technology, our influence—and our responsibility for the future we are shaping—potentially grows.",guided tour,https://ars.electronica.art/negotiatinghumanity/en/view/WEGUIDEYOUHomofuturisDE-37c38ddb450c80eb81ffe889890cceeb/,"Ars Electronica Center, Level 0, Guided Tours & Workshops Desk",registration: https://kupfticket.com/events/ars-electronica-tours-mi-9926-e5b093ff21
WE GUIDE YOU: Homo futuris (EN),,09.09,17:15,18:15,"As a species that has shaped the Earth, humans have transformed their environment like no other species before. With every new technology, our influence—and our responsibility for the future we are shaping—potentially grows.",guided tour,https://ars.electronica.art/negotiatinghumanity/en/view/WEGUIDEYOUHomofuturisEN-c3738ddb450c83379f3201d3aa0c858f/,"Ars Electronica Center, Level 0, Guided Tours & Workshops Desk",registration: https://kupfticket.com/events/ars-electronica-tours-mi-9926-b92a53d487
Sound Campus (WED 9.9.),"1=1 aka DJ Döner, Boris Shershenkov, Cora Hausch, Hsin-Yuan Ho, Lien-cheng Wang, NEVSS, Veronika Mayer, WHEREISCHAPPIE, Wu Cheng-Ru, Zlata Zhdkv",09.09,17:30,22:00,"Sound Campus – Listening Underground explores the movement beneath the surface. It considers the ongoing, divergent processes which are felt but not always seen. To submerge opens up new modes of attention and multi-sensory listening that change our relation with the surrounding.",project,https://ars.electronica.art/negotiatinghumanity/en/view/SoundCampusWED9.9.-7dc38ddb450c8337bd9081d2a9cd86ce/,"University of Arts Linz, Hauptplatz 6 (East Building), Courtyard",
BMW Hydrogen Strategy (EN),Jürgen Guldner,09.09,18:00,18:10,"What role can hydrogen play in tomorrow’s mobility? BMW Group shares its strategy for integrating fuel cell technology into its future vehicle portfolio—highlighting hydrogen as an important energy carrier, an effective storage medium for renewable energy and a complement to battery-electric mobility.",lecture & talk,https://ars.electronica.art/negotiatinghumanity/en/view/BMWHydrogenStrategyEN-2f038ddb450c8366b3ac010417133dce/,splace,
Deep Space Selection,,09.09,18:00,18:30,"At Deep Space Selection, we present several times a day a changing selection from our diverse program, which we’ve been continuously developing since 2009. Visitors can look forward to exciting stories and immersive experiences spanning media art, science and technology.",experience,https://ars.electronica.art/negotiatinghumanity/en/view/DeepSpaceSelection-3a438ddb450c8064afbaf2f7cd324cbd/,"Ars Electronica Center, Level 0, Deep Space 8K",registration: https://mailworx.marketingsuite.info/Form?ev=c8b5c6f8-b2ac-4521-8437-d74b7700874b
El Cultivo de la Mente – Art Film,"Blüten & Papaya, Eva Stöflin, Milan Conic",09.09,18:00,19:00,"El Cultivo de la Mente is a performance film by the artist duo Blüten & Papaya, divided into three acts, with a live performance of the soundtrack by Milan Conic on piano.",concert,https://ars.electronica.art/negotiatinghumanity/en/view/ElCultivodelaMenteArtFilm-3ad38ddb450c80fc9fdcd83bbaef7b4b/,C. Bechstein Centrum Linz,
Haunted Herstory: Herzblutwiese Stadtwerkstatt – Screening at Milieukino,"Tanja Brandmayr, Claudia Dworschak",09.09,18:00,20:00,"The essay film Herzblutwiese Stadtwerkstatt addresses feminism, equal rights and gender equality at the Stadtwerkstatt, the longest-running autonomous art and culture space in the city of Linz.",screening,https://ars.electronica.art/negotiatinghumanity/en/view/HauntedHerstoryHerzblutwieseStadtwerkstattScreeningatMilieukino-39838ddb450c807c9aa8c78aadaa6f43/,Stadtwerkstatt,
Performances at Main Square,,09.09,18:00,18:30,"The Flood the Zone with Courage program presents a series of interventions, each lasting no more than seven minutes. Through diverse artistic approaches, these interventions reimagine protest, exploring the many forms it can take and inviting audiences into concentrated moments of action.",performance,https://ars.electronica.art/negotiatinghumanity/en/view/PerformancesatMainSquare-3a538ddb450c8042a6e2c78244bdcd22/,Main Square Linz,
SoundPark,Wolfgang “Fadi” Dorninger,09.09,18:00,19:00,"As part of Unglaublicher Herbst, Brucknerhaus Linz and Ars Electronica bring back the beloved SoundPark format to the festival stage. Along the route from Lentos to the Brucknerhaus, avant-garde electronic sound experiences will spill into Donaupark at full intensity.",concert,https://ars.electronica.art/negotiatinghumanity/en/view/SoundPark-3ba38ddb450c807aaa85f13e25ccf6ba/,Donaupark,
The Danube Continually Shapes the Future,Wolfgang Dorninger,09.09,18:00,19:00,"Wolfgang Dorninger’s music creates a continuous flow, much like the Danube. Drones, soundscapes, neoclassical music and songs blend together in a timeless space, but certain sounds run throughout the entire piece, connecting all the different musical segments.",performance,https://ars.electronica.art/negotiatinghumanity/en/view/TheDanubeContinuallyShapestheFuture-3c138ddb450c819bbe60d6038c37d4bc/,Donaupark,
Laguna Obscura,Sara Tirelli,09.09,18:30,19:00,"Inspired by the magic lantern and phantasmagoria, Laguna Obscura explores the origins of immersion within the Venetian imaginary.",experience,https://ars.electronica.art/negotiatinghumanity/en/view/LagunaObscura-39038ddb450c808583ede17db20b07cf/,"Ars Electronica Center, Level 0, Deep Space 8K",registration: https://mailworx.marketingsuite.info/Form?ev=6f02b38b-f563-48dd-911c-5b23a0e0ef24
Negotiating Democracy at the OpenDemocracyLab,"Stefan Schartlmüller, Lisa Praeg, Martyna Lorenc, Letícia Carneiro, Stephanie Steyrer",09.09,18:30,20:00,"Our democracies and constitutions rest on foundations that were originally laid in a very different world. In this participatory workshop, IG Demokratie invites participants to explore the roots of the current crisis of democracy.",workshop,https://ars.electronica.art/negotiatinghumanity/en/view/NegotiatingDemocracyattheOpenDemocracyLab-39f38ddb450c8186a77cd25d8dde0373/,Main Square Linz,
Ars Electronica Opening,,09.09,19:00,23:40,"Under the title NEGOTIATING HUMANITY – FUTURE BEGINS, the festival puts fundamental questions about humanity up for negotiation. On the opening night, a clear declaration is made: a commitment to humanity—more precisely, to the unbreakable humanity found in art and in the shared experience of it.",concert,https://ars.electronica.art/negotiatinghumanity/en/view/ArsElectronicaOpening-34a38ddb450c80f3ac9fcf8dd7dff643/,St. Mary’s Cathedral,
Holy Echo,evala,09.09,19:00,23:30,"Beyond the visible: a prayer in resonance. Holy Echo by evala transforms Linz’s Mariendom. Shifting focus from theology to perception, this spatial audio project proposes that a space becomes sacred not through decree, but when human perception is profoundly reorganized through resonance.",exhibition,https://ars.electronica.art/negotiatinghumanity/en/view/HolyEcho-38f38ddb450c8187a872e89a0251e1bf/,St. Mary’s Cathedral,
Hadra Rave,"Seba Kayan, Orwa Saleh",09.09,19:15,19:45,"Hadra Rave is a collaboration between Viennese music producer and artist Seba Kayan and Syrian oud player and composer Orwa Saleh. Rooted in the Sufi Hadra ritual of collective trance, they merge electronic rhythms, traditional instruments and sound research into a hybrid sonic experience.",concert,https://ars.electronica.art/negotiatinghumanity/en/view/HadraRave-39838ddb450c8184ae86d7537dbc71f8/,St. Mary’s Cathedral,
Samsara of Blossom: Resonance,JAJACK MOVEMENT,09.09,19:30,20:00,"Samsara of Blossom: Resonance is the first collaboration between Jajack Movement and media artists Razieh Kooshki & Vahid Qaderi. Rooted in Korean traditional dance, the work merges body and media art to reveal the unseen aesthetics of breath, rhythm and motion.",performance,https://ars.electronica.art/negotiatinghumanity/en/view/SamsaraofBlossomResonance-39d38ddb450c8148aa6de01eede743e2/,"Ars Electronica Center, Level 0, Deep Space 8K",registration: https://mailworx.marketingsuite.info/Form?ev=e3fc4c8c-ef2a-4edd-a167-01776049f725
KRRRA,NENDA,09.09,19:55,20:25,"NENDA is an actress and musician from the Austrian Tyrolean Alps, who is known from series such as The Rising and Belgravia. Her single Mixed Feelings topped the FM4 annual charts in 2021. In her debut album KRRRA, she continues to explore topics such as identity and other socio-political issues.",concert,https://ars.electronica.art/negotiatinghumanity/en/view/KRRRA-39638ddb450c8134a334f8dd3f82a9b1/,St. Mary’s Cathedral,
Play the Façade,,09.09,20:00,21:00,"Ars Electronica Futurelab’s Play the Façade transforms the Ars Electronica Center into an interactive audiovisual stage within the Linz skyline. Using the local Wi-Fi, visitors can connect to the building with their own smartphones, play music and control the façade’s more than 40,000 LEDs in real time. The Ars Electronica Center thus becomes an instrument that users can play—and the city a share…",project,https://ars.electronica.art/negotiatinghumanity/en/view/PlaytheFaade-38838ddb450c80049ff9d604c744fe53/,"Ars Electronica Center, Façade",
Declaring Humanity,"Oskar Boldre, NENDA, Latinos Linz, Point of Ukraine, Hungaro Media, PAROLA, The Company of Music, Johannes Hiemetsberger, Julian Pixel Schmiederer",09.09,20:25,20:45,"From the Declaration of Human Rights to declaring humanity. The square in front of St Mary’s Cathedral becomes a place of commitment to human rights. Multilingual, multinational, universal.",performance,https://ars.electronica.art/negotiatinghumanity/en/view/DeclaringHumanity-3aa38ddb450c80b9b5c8ed16f45964a9/,St. Mary’s Cathedral,
Haunted Herstory: Herzblutwiese Stadtwerkstatt – Screening at Milieukino,"Tanja Brandmayr, Claudia Dworschak",09.09,21:00,23:00,"The essay film Herzblutwiese Stadtwerkstatt addresses feminism, equal rights and gender equality at the Stadtwerkstatt, the longest-running autonomous art and culture space in the city of Linz.",screening,https://ars.electronica.art/negotiatinghumanity/en/view/HauntedHerstoryHerzblutwieseStadtwerkstattScreeningatMilieukino-39838ddb450c807c9aa8c78aadaa6f43/,Stadtwerkstatt,
Luminous Patterns,Meister:innenschule für Kommunikationsdesign,09.09,21:00,22:00,"As part of the nextcomic festival, students from the MKD – Master School of Communication Design Linz designed the façade of the Ars Electronica Center. With the watchful gaze of large-scale eyes, pulsating data streams, and the question “Am I AI?”, they transformed the museum into an empathetic entity for one hour each evening, inviting passersby to engage with topics such as surveillance, data…",screening,https://ars.electronica.art/negotiatinghumanity/en/view/LuminousPatterns-38838ddb450c80958e37c6c678718b2d/,"Ars Electronica Center, Façade",
Bruckner Orchester Linz,Bruckner Orchester Linz,09.09,21:15,21:30,"At the Opening of the Ars Electronica Festival 2026, Markus Poschner and the Bruckner Orchester Linz offer three musical responses to the festival topic NEGOTIATING HUMANITY – FUTURE BEGINS.",concert,https://ars.electronica.art/negotiatinghumanity/en/view/BrucknerOrchesterLinz-39f38ddb450c80fd97d8c84172412397/,St. Mary’s Cathedral,
Thomas Tallis: “Lamentationes Jeremiae I”,"Company of Music, Johannes Hiemetsberger, The Company of Music",09.09,21:30,21:40,"The Company of Music, directed by Johannes Hiemetsberger, presents Thomas Tallis’ masterful Renaissance Lamentationes Jeremiae.",concert,https://ars.electronica.art/negotiatinghumanity/en/view/ThomasTallisLamentationesJeremiaeI-39838ddb450c81ac9ccccbc5f40540a4/,St. Mary’s Cathedral,
"Cassandra Miller: “City, full of people”","Company of Music, Johannes Hiemetsberger, The Company of Music",09.09,21:40,22:00,"The Company of Music, directed by Johannes Hiemetsberger, presents Cassandra Miller’s contemporary choral work City, full of people.",concert,https://ars.electronica.art/negotiatinghumanity/en/view/CassandraMillerCityfullofpeople-7c938ddb450c82789a648184906bd039/,St. Mary’s Cathedral,
Bruckner Orchester Linz,Bruckner Orchester Linz,09.09,22:00,22:25,"At the Opening of the Ars Electronica Festival 2026, Markus Poschner and the Bruckner Orchester Linz offer three musical responses to the festival topic NEGOTIATING HUMANITY – FUTURE BEGINS.",concert,https://ars.electronica.art/negotiatinghumanity/en/view/BrucknerOrchesterLinz-39f38ddb450c80fd97d8c84172412397/,St. Mary’s Cathedral,
Urban Screen Lab,"Damon Tovbin, Darijo Zeljko Warnecke, Filip Hildebrandt, Hanifa Hannan, Jan Feetje Gemmeke, Jule Potthast, Lilly Kunz, Mohamad Alzhouri, Stefanie Stöckel, Tamara Opferman, Tom Hensel-Moritz",09.09,22:00,23:00,"As part of this laboratory for digital practice, the media façade of the Ars Electronica Center becomes an experimental field for a young generation of media artists. Under the artistic direction of Dawid Liftinger and Karin Balkenhol, six independent works for the iconic façade were created at the Walter-Lübcke-Schule in Wolfhagen, Germany.",project,https://ars.electronica.art/negotiatinghumanity/en/view/UrbanScreenLab-39038ddb450c8099a7f9c62e71d7ebbc/,"Ars Electronica Center, Façade",
RISE,Crystn Hunt Akron,09.09,22:25,22:30,This is the premiere of Crystn Hunt Akron’s new song RISE—a composition that explores ideas of resilience and the process of becoming. It is a journey of rediscovery and reinvention.,concert,https://ars.electronica.art/negotiatinghumanity/en/view/RISE-3ab38ddb450c80bda186fa5ee1388ee6/,St. Mary’s Cathedral,
Bruckner Orchester Linz,Bruckner Orchester Linz,09.09,22:30,22:45,"At the Opening of the Ars Electronica Festival 2026, Markus Poschner and the Bruckner Orchester Linz offer three musical responses to the festival topic NEGOTIATING HUMANITY – FUTURE BEGINS.",concert,https://ars.electronica.art/negotiatinghumanity/en/view/BrucknerOrchesterLinz-39f38ddb450c80fd97d8c84172412397/,St. Mary’s Cathedral,
Olivier Messiaen “Apparition de l'Église éternelle”,Gerhard Raab,09.09,22:45,22:55,"With Olivier Messiaen’s Apparition de l'Église éternelle, cathedral organist Gerhard Raab brings a monumental masterpiece of modern organ music to the acoustic space of the St. Mary’s Cathedral.",concert,https://ars.electronica.art/negotiatinghumanity/en/view/OlivierMessiaenApparitiondelgliseternelle-3ab38ddb450c8062a78ce5969d1a635d/,St. Mary’s Cathedral,
Worship,Drew Jacoby,09.09,22:55,23:15,"An exclusive excerpt from Worship, the new dance work by Drew Jacoby with TANZ LINZ, premiering on 26 September 2026 as part of the double bill Divine Matter at the Musiktheater Linz.",performance,https://ars.electronica.art/negotiatinghumanity/en/view/Worship-39538ddb450c817dabbefa5d7d9003fe/,St. Mary’s Cathedral,
RISE,Crystn Hunt Akron,09.09,23:15,23:20,This is the premiere of Crystn Hunt Akron’s new song RISE—a composition that explores ideas of resilience and the process of becoming. It is a journey of rediscovery and reinvention.,concert,https://ars.electronica.art/negotiatinghumanity/en/view/RISE-3ab38ddb450c80bda186fa5ee1388ee6/,St. Mary’s Cathedral,
Holy Echo: Clair de Lune,"evala, Ayako Tanaka",09.09,23:20,23:40,"Spatial performance at St. Mary’s Cathedral: evala’s sound dissolves the architecture into a fluid, otherworldly realm. Featuring guest coloratura soprano Ayako Tanaka. This concert is dedicated to the late Isao Tomita, a lifelong explorer of spatial music.",concert,https://ars.electronica.art/negotiatinghumanity/en/view/HolyEchoClairdeLune-39138ddb450c81098377d9843efc9e87/,St. Mary’s Cathedral,
Academic Session: Art Track #3 Control,"Weibin Duan, Chen Weibo, Magda Hamilton, Takafumi Morita, Takayuki Todo, Pei-Ying Lin, Hsianghua Chang, Tzumu Yang, Yiwen Huang, Bingchen Kao, Tsunhung Tsai",10.09,10:00,11:30,"The Academic Session #3 Art Track: Control presents five Art Papers from the Expanded Conference Open Call that examine how control is negotiated between humans, technologies, materials and environments in expanded animation and interactive art.",conference,https://ars.electronica.art/negotiatinghumanity/en/view/AcademicSessionArtTrack3Control-3a538ddb450c80318373ca7ff0564cbd/,"Ars Electronica Center, Level 3, Sky Loft",
Ars Electronica Center Exhibitions,,10.09,10:00,19:00,"Interactive stations, works of art, research projects, large-scale projections and laboratories. The Ars Electronica Center invites you to exciting and inspiring excursions into the future fields of Artificial Intelligence and neuroscience, robotics and autonomous mobility, as well as genetic engineering and biotechnology!",exhibition,https://ars.electronica.art/negotiatinghumanity/en/view/ArsElectronicaCenterExhibitions-34a38ddb450c80cb984ac0ab4598ef15/,Ars Electronica Center,
Ars Electronica Features Exhibition,,10.09,10:00,19:00,"The Ars Electronica Features Exhibition brings together 16 partners presenting artistic and research-based perspectives on the relationship between human intention, algorithmic process and biological life under the festival theme NEGOTIATING HUMANITY – FUTURE BEGINS.",exhibition,https://ars.electronica.art/negotiatinghumanity/en/view/ArsElectronicaFeaturesExhibition-34a38ddb450c80678731f3394eab291f/,Francisco Carolinum,
Ars Electronica Solutions Exhibition,,10.09,10:00,19:00,"What happens behind the scenes at Ars Electronica Solutions? This interactive space for dialogue and experience takes visitors on a journey from the first idea to innovative applications and immersive experiences. Agentic systems accompany them through the exhibition, bringing the processes behind the projects to life.",exhibition,https://ars.electronica.art/negotiatinghumanity/en/view/ArsElectronicaSolutionsExhibition-38b38ddb450c80778cf6e4873babe278/,"Ars Electronica Center, Level -3",
"Contested Futures – Europe Negotiating Power, Machine, Labour","Francesca Bria, Jose Luis de Vicente",10.09,10:00,16:45,"If being human has always been a process of negotiation, then this day asks the following question: How does Europe negotiate its future, when so much of that future is now built into the machines, the infrastructures of modern power, underpinning our collective life?",conference,https://ars.electronica.art/negotiatinghumanity/en/view/ContestedFuturesEuropeNegotiatingPowerMachineLabour-3a338ddb450c803e958de06f9706be3a/,"Ursulinenhof Linz, Ursulinensaal",
Deep Space Selection,,10.09,10:00,10:30,"At Deep Space Selection, we present several times a day a changing selection from our diverse program, which we’ve been continuously developing since 2009. Visitors can look forward to exciting stories and immersive experiences spanning media art, science and technology.",experience,https://ars.electronica.art/negotiatinghumanity/en/view/DeepSpaceSelection-3a438ddb450c8064afbaf2f7cd324cbd/,"Ars Electronica Center, Level 0, Deep Space 8K",registration: https://mailworx.marketingsuite.info/Form?ev=d3587b70-2ac4-41d0-bf57-51788e24f38d
EXPANDED 2026,,10.09,10:00,18:00,"The Expanded – Conference on Animation and Interactive Art explores the expanding boundaries of animation across artistic, technological and scientific disciplines. Since 2024, Expanded has been organized as an international peer-reviewed conference featuring a call for scientific and artistic papers and the publication of conference proceedings.",conference,https://ars.electronica.art/negotiatinghumanity/en/view/EXPANDED2026-3a438ddb450c80a49529c7e9882dbc15/,"Ars Electronica Center, Level 3, Sky Loft",
FESTIVAL WALK: Negotiating the Real,,10.09,10:00,19:00,"The exhibition Negotiating the Real – The Desire to Believe explores this year’s festival theme through artworks spread across eight locations throughout Linz. It examines how certainty is socially produced, investigating which claims to truth compete with one another, which become stabilized and which remain marginalized.",exhibition,https://ars.electronica.art/negotiatinghumanity/en/view/FESTIVALWALKNegotiatingtheReal-34a38ddb450c80e59541c1e2a638adce/,OK Platz,
Hello Worlds!,,10.09,10:00,19:00,"How is our understanding of being human changing? Through artistic prototypes, interactive installations, and evolving artworks, Hello Worlds! invites visitors to experience, question and help shape possible futures together. Who will we become? What does it mean to be human?",exhibition,https://ars.electronica.art/negotiatinghumanity/en/view/HelloWorlds-38238ddb450c80c9bdc2e6c2b570d674/,"Ars Electronica Center, Level -3, Hello Worlds!",
Holy Echo,evala,10.09,10:00,17:30,"Beyond the visible: a prayer in resonance. Holy Echo by evala transforms Linz’s Mariendom. Shifting focus from theology to perception, this spatial audio project proposes that a space becomes sacred not through decree, but when human perception is profoundly reorganized through resonance.",exhibition,https://ars.electronica.art/negotiatinghumanity/en/view/HolyEcho-38f38ddb450c8187a872e89a0251e1bf/,St. Mary’s Cathedral,
Intro Session FESTIVAL WALK: Negotiating the Real,,10.09,10:00,18:30,You don’t know where to start? Come join one of our Intro Sessions for the FESTIVAL WALK. Our art educators offer you in-depth insights into selected projects from the exhibition.,guided tour,https://ars.electronica.art/negotiatinghumanity/en/view/IntroSessionFESTIVALWALKNegotiatingtheReal-3a638ddb450c8018a53dcd7313f98207/,Priesterseminar,
JKU Art & Science Tour (EN),"Gregor Pechmann, Denise Atteneder",10.09,10:00,11:00,"Embark on a journey through the JKU MED Campus and discover one of the festival’s most inspiring hubs. From research to artistic exploration, the tour reveals where science, creativity and future visions converge through JKU projects exploring the dialogue between art, technology and society.",guided tour,https://ars.electronica.art/negotiatinghumanity/en/view/JKUArtScienceTourEN-3a638ddb450c819aa2fec61b194dc0b0/,"JKU MED Campus, Administration Building (ADM), Infodesk",registration: https://kupfticket.com/events/jku-med-campus-tours-3e0347f0b1
LIT—Linz Institute of Technology Exhibition,,10.09,10:00,19:00,JKU scientists exchange inspiring ideas with locally and internationally renowned artists to create a platform to discuss and experience research at the intersection with art in a playful manner.,exhibition,https://ars.electronica.art/negotiatinghumanity/en/view/LITLinzInstituteofTechnologyExhibition-34a38ddb450c8068a57fe12cc2f48e1a/,,
Negotiating Beyond Humanity,Masha Zolotova,10.09,10:00,19:00,"While the festival theme NEGOTIATING HUMANITY – FUTURE BEGINS proposes that humanity is not a fixed condition, but an ongoing process of negotiation, Negotiating Beyond Humanity expands this horizon by turning towards the more-than-human beings.",exhibition,https://ars.electronica.art/negotiatinghumanity/en/view/NegotiatingBeyondHumanity-38338ddb450c80b394f8d7c836a5ba35/,"Ursulinenhof Linz, Attic",
Negotiating Humanity,,10.09,10:00,20:00,"Featuring six award-winning works from the Prix Ars Electronica 2026 and the European Commission’s STARTS Prize 2026, this exhibition explores what it means to be human. The diverse artistic perspectives challenge familiar assumptions and invite visitors to negotiate humanity anew.",exhibition,https://ars.electronica.art/negotiatinghumanity/en/view/NegotiatingHumanity-34a38ddb450c80b59fb5e33469d2912b/,Lentos Kunstmuseum,
Open Futurelab – Exhibition,,10.09,10:00,19:00,"Open Futurelab makes artistic research visible as it happens: through prototypes, interactive installations and experiments that invite visitors to question, imagine, and actively shape possible futures.",exhibition,https://ars.electronica.art/negotiatinghumanity/en/view/OpenFuturelabExhibition-34a38ddb450c80eb87d7e2feb36ce9b0/,"Ars Electronica Center, Level -3, Open Futurelab",
Policy Lab “The Empty Chair”,"Kira Schinko, Gisa Schosswohl, hosted by Creative Region",10.09,10:00,13:00,"Košice shares lessons from linking creative talent with technology, business and the public sector. The question: how can the empty chair become a permanent seat for creative capabilities in Upper Austria’s innovation policy?",workshop,https://ars.electronica.art/negotiatinghumanity/en/view/PolicyLabTheEmptyChair-3cd38ddb450c8198b28fe58880e6c137/,Tabakfabrik,
RIECS Summit: Designing the Future of Citizen Science Infrastructure,"Andrea Sforzi, Oliver Stummer, Reda Cimmperman, Dr. John Terenzini, Christine Marizzi, Sandra Zänkert, Tim Kiessling, Dobrivoje Lale Eric, Teije Terhorst, Nicola Vuolo",10.09,10:00,18:00,"The RIECS-Concept Summit brings together experts, external associates and project partners at the mid-point of the RIECS-Concept journey to work on designing the future of citizen science infrastructure. Together, we'll reflect on what has been built so far, consider what comes next, and mark the transition from the first phase into the project's second and final phase.",workshop,https://ars.electronica.art/negotiatinghumanity/en/view/RIECSSummitDesigningtheFutureofCitizenScienceInfrastructure-39838ddb450c80948176e6172575df9c/,"JKU MED Campus, Administration Building (ADM), JKU medLOFT (9th floor)",
STORMO (R),,10.09,10:00,13:00,"Who leads when transformation is negotiated together? STORMO is a performative workshop on collective intelligence in which participants embody its relational enablers. Inspired by flocking, acts of listening, holding space and shared leadership become lived practice they carry into their work.",workshop,https://ars.electronica.art/negotiatinghumanity/en/view/STORMOR-3b338ddb450c818ab4fee7a6ae501faf/,"OK Linz, voestalpine OPEN SPACE",registration: https://mailworx.marketingsuite.info/Form?frm=8d606c44-a886-4128-8c31-a225eb80a707
u19—create your world Exhibition,,10.09,10:00,19:00,The exhibition showcases the 23 winning projects in the u19—create your world category of the Prix Ars Electronica 2026.,exhibition,https://ars.electronica.art/negotiatinghumanity/en/view/u19createyourworldExhibition-38438ddb450c815a91aac30837379922/,,
Welcome to Contested Futures,"Gerfried Stocker, Francesca Bria, Jose Luis de Vicente, José Luis de Vicente",10.09,10:00,10:10,"Francesca Bria and José Luis de Vicente open the program by naming what is actually being negotiated: not only future technology, but the terms of collective life.",intro session,https://ars.electronica.art/negotiatinghumanity/en/view/WelcometoContestedFutures-3c038ddb450c802e8639e98971177d72/,"Ursulinenhof Linz, Ursulinensaal",
Strategic Autonomy — Quantum Science and the New Non-Alignment,"Tommaso Calarco, Martin Rauchbauer",10.09,10:10,10:40,"Quantum is where European scientific strength and European industrial dependency meet most sharply: the research base is world-class, the supply chains, capital and manufacturing are not.",lecture & talk,https://ars.electronica.art/negotiatinghumanity/en/view/StrategicAutonomyQuantumScienceandtheNewNon-Alignment-3c038ddb450c80e9b2e4ee367321d60b/,"Ursulinenhof Linz, Ursulinensaal",
Ars Electronica Solutions Tour (DE),,10.09,10:15,10:45,"On this tour, we offer a personal look into our working methods and how the Ars Electronica Solutions exhibition came together.",guided tour,https://ars.electronica.art/negotiatinghumanity/en/view/ArsElectronicaSolutionsTourDE-3a338ddb450c80698910f64de93e6eb5/,"Ars Electronica Center, Level 0, Guided Tours & Workshops Desk",registration: https://kupfticket.com/events/ars-electronica-center-tours-do-109-4ea9ff87bb
Open Futurelab Tour (EN),,10.09,10:15,11:15,"In this guided tour, you experience prototypes, installations and the new exhibition Hello Worlds! by the artistic R&D laboratory and atelier Ars Electronica Futurelab.",guided tour,https://ars.electronica.art/negotiatinghumanity/en/view/OpenFuturelabTourEN-57838ddb450c836199a1014a64eadb52/,"Ars Electronica Center, Level 0, Guided Tours & Workshops Desk",registration: https://kupfticket.com/events/ars-electronica-center-tours-fr-119-09fb33a02a
Intro Session: Negotiating Beyond Humanity,,10.09,10:30,18:30,You don’t know where to start? Come join one of our Intro Sessions. Our art educators offer you in-depth insights into selected projects from the festival's most important exhibitions.,guided tour,https://ars.electronica.art/negotiatinghumanity/en/view/IntroSessionNegotiatingBeyondHumanity-46538ddb450c82f09844019031627a02/,"Ursulinenhof Linz, Attic",
Intro Session: Negotiating Humanity,,10.09,10:30,18:30,You don’t know where to start? Come join one of our Intro Sessions. Our art educators offer you in-depth insights into selected projects from the festival’s most important exhibitions.,guided tour,https://ars.electronica.art/negotiatinghumanity/en/view/IntroSessionNegotiatingHumanity-39138ddb450c809d8d81dd85268614f5/,Lentos Kunstmuseum,
Lost Legends,"Melinda File, Benedikt Pfisterer, Stefan Czerny, Lisa Hochgatterer",10.09,10:30,11:00,"Using highly detailed 3D models created from fossils and specimens in the collections of the Natural History Museum Vienna, this experience combines scientific evidence with immersive visualization to bring these lost legends back to life.",experience,https://ars.electronica.art/negotiatinghumanity/en/view/LostLegends-39538ddb450c80cf95b7ca71aea39e0a/,"Ars Electronica Center, Level 0, Deep Space 8K",registration: https://mailworx.marketingsuite.info/Form?ev=fd417ecc-d7c2-41c7-9ac6-8e965972d652
Spotlight Tour: Negotiating Humanity (DE),,10.09,10:30,12:00,Wie verhandeln wir die Menschheit? Was darf nicht verhandelbar sein? Wie gehen wir auf individueller und kollektiver Ebene mit Konflikten um? Und welche Rolle spielt die Kunst in diesem Prozess?,guided tour,https://ars.electronica.art/negotiatinghumanity/en/view/SpotlightTourNegotiatingHumanityDE-39838ddb450c807fb3a9d19e3cefc7ea/,Lentos Kunstmuseum,registration: https://kupfticket.com/events/spotlight-tour-negotiating-humanity-66dd472d07
Epic Fury: The Dark Art of Defense Tech,Simon Denny,10.09,10:40,11:00,"Defence technology has acquired an aesthetic—sleek, heroic, unmistakably neo-Futurist—and that aesthetic does political work.",keynote,https://ars.electronica.art/negotiatinghumanity/en/view/EpicFuryTheDarkArtofDefenseTech-3c038ddb450c8020a5daca787e1312e2/,"Ursulinenhof Linz, Ursulinensaal",
HandsOn: Man x Machine,,10.09,10:45,11:15,"How close can robots actually get to us? From prosthetics that replace lost abilities, and exoskeletons that support and strengthen us, to robots that accompany and assist us—this HandsOn presentation demonstrates robotics as a technology of closeness.",experience,https://ars.electronica.art/negotiatinghumanity/en/view/HandsOnManxMachine-39738ddb450c80309d0cc9653b295675/,"Ars Electronica Center, Level -1",
A Furry Engineer!,"Danube Transformation Agency for Agency – DTAFA (di:tafa), Danube Transformation Agency for Agency, Solmaz Farhang, Alexandra Fruhstorfer, Lena Violetta Leitner-Stojanov",10.09,11:00,13:00,"In a playful creative futuring and scenario-building lab, participants will collectively map out the Linz Danubian ecosphere over the next 25 years. At the center of attention will be a special furry inhabitant—the beaver—playing the part of a primary cultural, political and technical protagonist.",workshop,https://ars.electronica.art/negotiatinghumanity/en/view/AFurryEngineer-39e38ddb450c8110b1f6d0ebd709d8b3/,"Ursulinenhof Linz, Gewölbesaal",registration: https://mailworx.marketingsuite.info/Form?frm=c4c61cde-1820-4bb2-af4b-6d9499ec00b5
Ars Electronica Campus Exhibition,,10.09,11:00,20:00,"Co-hosted by Ars Electronica and the University of Arts Linz, 45 universities from across the world gather at Ars Electronica Campus Exhibition 2026. Together they create a temporary, imperfect, necessary space where NEGOTIATING HUMANITY is not a theme but a practice.",exhibition,https://ars.electronica.art/negotiatinghumanity/en/view/ArsElectronicaCampusExhibition-34a38ddb450c8099aa01fc4acd2346bf/,University of Arts Linz,
behind the scenes,Akademie des Österreichischen Films,10.09,11:00,13:00,Various associations and film professionals offer open workshops providing insights into their work on a film set.,open lab,https://ars.electronica.art/negotiatinghumanity/en/view/behindthescenes-3c738ddb450c800fae73f0ee20da5bdb/,"JKU MED Campus, Plaza",
Best-of 3D JKU medSPACE,,10.09,11:00,12:00,"Visitors are invited to experience current developments in medicine, teaching and research first-hand at JKU medSPACE, where JKU university clinics and institutes present virtual anatomy and offer new perspectives in 3D operations on the heart, brain, abdomen, shoulder and eye.",experience,https://ars.electronica.art/negotiatinghumanity/en/view/Best-of3DJKUmedSPACE-3a638ddb450c81aaa4eccd92b3ea9676/,"JKU MED Campus, Laboratory Building (LAB), Level 1, JKU medSPACE",
Crafting Futures Lab: Pulling. Weaving. Connecting. Threads,Irene Posch,10.09,11:00,13:00,"In this workshop we follow a filament’s journey, weaving cables that are both ornament and circuit. Along the way we explore how decoration becomes function, how craft becomes technology, and how pulling a single thread can unravel histories.",workshop,https://ars.electronica.art/negotiatinghumanity/en/view/CraftingFuturesLabPulling.Weaving.Connecting.Threads-3ae38ddb450c80718228c1d986aaf492/,,registration: https://forms.cloud.microsoft/e/4FE2dQRsKx
Deep Dive & Discussion – Creativity Matters,Art in the City,10.09,11:00,13:00,"Explore how creativity drives innovation and creates regional impact. Join a guided tour of the exhibition Creativity Matters, part of the Interreg project KreATivita&InovaCZe, followed by a discussion with representatives of the featured projects (e.g. Responsive Spaces, Tp3 Architekten, Scoolpt).",deep dive,https://ars.electronica.art/negotiatinghumanity/en/view/DeepDiveDiscussionCreativityMatters-3a638ddb450c8131a483d737de892f46/,,
Expanded Play Gallery – Exhibition of Playful Media,,10.09,11:00,19:30,"Now in its third edition, the Expanded Play Gallery features a curated selection of interactive works that address a wide range of topics through the medium of play.",exhibition,https://ars.electronica.art/negotiatinghumanity/en/view/ExpandedPlayGalleryExhibitionofPlayfulMedia-34a38ddb450c800f93f1e2e284d718b8/,Atelierhaus Salzamt,
Interplayful Environments Part III,"Monika Machútová, Remo Stuflesser, Carina Danzer, Kristina Ontensone",10.09,11:00,12:00,"A key research focus of the Time-based and Interactive Media Art Department is the playful interaction of humans, sensors and high-resolution projection. The resulting interactive artworks and live performances will be shown in Deep Space 8K and Studio 1 at Hauptplatz 8 as part of the University of Arts Linz Campus exhibition.",experience,https://ars.electronica.art/negotiatinghumanity/en/view/InterplayfulEnvironmentsPartIII-3a638ddb450c80598289ed89b4a874ad/,"Ars Electronica Center, Level 0, Deep Space 8K",registration: https://mailworx.marketingsuite.info/Form?ev=ae931396-4935-455d-bf62-7c22bc1638ea
Kunstuni Linz International Universities Seminar (KLIUS),,10.09,11:00,16:00,"Join us for KLIUS 2026 at the University of Arts Linz, located in the heart of the city. We invite papers, artworks, research and other scholarly projects exploring artistic expression at the intersection of art, technology and society.",lecture & talk,https://ars.electronica.art/negotiatinghumanity/en/view/KunstuniLinzInternationalUniversitiesSeminarKLIUS-3ab38ddb450c8198a99dc0b104744b3c/,,registration: https://klius.org/
Sinécdoque: The Prosthetic Self,"Berenice Olmedo, Carlos Zorrilla-Piña, Chiara Juriatti",10.09,11:00,11:30,"Berenice Olmedo’s sculptures challenge the idea of the body as complete and self-sufficient. This talk explores embodiment, dependency and transformation through the lens of philosophy and transhumanism, asking how technologies and connections reshape our understanding of what it means to be human.",lecture & talk,https://ars.electronica.art/negotiatinghumanity/en/view/SincdoqueTheProstheticSelf-3a638ddb450c813f80b9d442a695ce2d/,"Catholic Private University Linz, Courtyard",
The Authoritarian Stack,Francesca Bria,10.09,11:00,11:20,"Francesca Bria traces the rise of the authoritarian tech right in Silicon Valley and the alignment now consolidating around it: reactionary ideology, venture capital, defence and government contracts and private platforms that have quietly become state infrastructure—cloud, identity, policing, borders.",lecture & talk,https://ars.electronica.art/negotiatinghumanity/en/view/TheAuthoritarianStack-3c038ddb450c8077ad0dda04c756c6a6/,"Ursulinenhof Linz, Ursulinensaal",
Future Care,"Yoko Shimizu, Dai Nippon Printing",10.09,11:15,11:45,"Explore the future of care and connection in the age of AI and robotics. This open discussion explores how technology is reshaping our culture of health—from mental well-being, happiness and social connection to the shift from treatment to prevention. Participants are invited to share their vision for the future.",workshop,https://ars.electronica.art/negotiatinghumanity/en/view/FutureCare-3ad38ddb450c81e9bcafd94adabd3eb1/,"Ars Electronica Center, Level -3, Open Futurelab",
WE GUIDE YOU: Homo futuris (DE),,10.09,11:15,12:15,"As a species that has shaped the Earth, humans have transformed their environment like no other species before. With every new technology, our influence—and our responsibility for the future we are shaping—potentially grows.",guided tour,https://ars.electronica.art/negotiatinghumanity/en/view/WEGUIDEYOUHomofuturisDE-37c38ddb450c80eb81ffe889890cceeb/,"Ars Electronica Center, Level 0, Guided Tours & Workshops Desk",registration: https://kupfticket.com/events/ars-electronica-tours-mi-9926-69790c8719
WE GUIDE YOU: Homo futuris (EN),,10.09,11:15,12:15,"As a species that has shaped the Earth, humans have transformed their environment like no other species before. With every new technology, our influence—and our responsibility for the future we are shaping—potentially grows.",guided tour,https://ars.electronica.art/negotiatinghumanity/en/view/WEGUIDEYOUHomofuturisEN-c3738ddb450c83379f3201d3aa0c858f/,"Ars Electronica Center, Level 0, Guided Tours & Workshops Desk",registration: https://kupfticket.com/events/ars-electronica-tours-mi-9926-1193eccebe
Mechanical Kurds,Hito Steyerl,10.09,11:20,11:40,"The performance-lecture follows that circuit between digital labour, computer vision and political violence, and asks what responsible alternatives can be built.",lecture & talk,https://ars.electronica.art/negotiatinghumanity/en/view/MechanicalKurds-3c038ddb450c8043a213d3f9aac68089/,"Ursulinenhof Linz, Ursulinensaal",
Academic Session: Art Track #4 Embodiment,"Danqi Yao, Anita Mun Yee Lam, Andrew Stokes, Keon Ju Maverick Lee, Philippe Pasquier, Albert Barqué-Duran, Ada Llauradó-Crespo, Shahma Abdulla, Erika Mondria, Alain Renaud",10.09,11:30,13:00,"The Academic Session #4 Art Track: Embodiment presents five contributions from the Expanded Conference Open Call that explore embodied interaction, perception and the relationship between human bodies and emerging technologies in expanded animation and interactive art.",conference,https://ars.electronica.art/negotiatinghumanity/en/view/AcademicSessionArtTrack4Embodiment-3a538ddb450c80edbdd3cfc288449470/,"Ars Electronica Center, Level 3, Sky Loft",
Soul or Arsenal?,"Francesca Bria, Simon Denny, Hito Steyerl",10.09,11:40,12:20,"European autonomy can turn in two directions: a public digital commons, or a militarised arsenal built with public money and held in private hands.",panel discussion,https://ars.electronica.art/negotiatinghumanity/en/view/SoulorArsenal-3c038ddb450c8061bacee5e1730dce4a/,"Ursulinenhof Linz, Ursulinensaal",
HandsOn: Neuro-Bionics,,10.09,11:45,12:15,"There is a worm in our robot! At least its brain—because a worm’s nervous system can already be “copied” into a machine. But even the human brain, with all the data it produces, can already be read and interpreted well by using EEG and brain/computer interfaces, and can even control things outside the body.",experience,https://ars.electronica.art/negotiatinghumanity/en/view/HandsOnNeuro-Bionics-0ad38ddb450c8270822a01d8ad81733d/,"Ars Electronica Center, Level -3",
"12.5 square meters—space for a car, or…","Klasse 1b, Mittelschule Kettenbrücke, Elisabeth Berger, Alexander Janus",10.09,12:00,14:00,The project started with an empty parking space in the schoolyard and the children’s complaints about the lack of space to move around.,project,https://ars.electronica.art/negotiatinghumanity/en/view/12.5squaremetersspaceforacaror-3b238ddb450c804ba348d76e96e8e557/,C. Bechstein Centrum Linz,
AI and Property Relations: Who Owns Our Collective Knowledge?,"Mond, Franz Xaver, Nina Boelsums",10.09,12:00,14:00,"LLMs have been trained on all of humankind’s collective knowledge. Should we demand that all these models be released as Open Source/Weights? Will this help to remove some of the power from the hands of the tech oligarchs? Given that artists have even more stake in this, what is their perspective?",workshop,https://ars.electronica.art/negotiatinghumanity/en/view/AIandPropertyRelationsWhoOwnsOurCollectiveKnowledge-39238ddb450c814d959bcb7e64564979/,Main Square Linz,
Deep Space Selection,,10.09,12:00,12:30,"At Deep Space Selection, we present several times a day a changing selection from our diverse program, which we’ve been continuously developing since 2009. Visitors can look forward to exciting stories and immersive experiences spanning media art, science and technology.",experience,https://ars.electronica.art/negotiatinghumanity/en/view/DeepSpaceSelection-3a438ddb450c8064afbaf2f7cd324cbd/,"Ars Electronica Center, Level 0, Deep Space 8K",registration: https://mailworx.marketingsuite.info/Form?ev=f32e4a83-658a-4d67-ba9e-b5117e9b26e1
"Die Böden der Linzer Donau – einst, heute & in Zukunft",Peter Sommer,10.09,12:00,13:30,"The Soil Walk leads into the industrial heart of Linz, to the Klimaoase (Climate Oasis) of the Verein Schwemmland.",guided tour,https://ars.electronica.art/negotiatinghumanity/en/view/DieBdenderLinzerDonaueinstheuteinZukunft-39c38ddb450c80c191e5cf14f3c88e3d/,Klimaoase Linz-Lustenau,registration: https://kupfticket.com/events/die-boeden-der-linzer-donau-einst-heute-in-zukunft
MEET THE ARTIST: Capital Dream,"Natalia Balska, Jagoda Golińska, Krystian Grzywacz, Piotr Madej, Xtreme Girl: Lena Peplińska, Laura Radzewicz",10.09,12:00,13:00,"Join us for a guided tour of the exhibition Capital Dream, followed by a get-together with the WRO Art Center team and all the artists participating in the show.",meet the artist,https://ars.electronica.art/negotiatinghumanity/en/view/MEETTHEARTISTCapitalDream-37b38ddb450c81b4b8dee4ffff865d52/,,
Renewable Hydrogen for resilient and emission-free Mobility Systems,Michael Csar,10.09,12:00,12:10,"Resilient mobility requires a sustainable energy source. Renewable hydrogen reduces dependence on fossil fuels and opens up new avenues for decarbonizing transportation, logistics and industrial applications.",lecture & talk,https://ars.electronica.art/negotiatinghumanity/en/view/RenewableHydrogenforresilientandemission-freeMobilitySystems-3ac38ddb450c81358883f5c2b6d4d6d4/,splace,
Spotlight Tour FESTIVAL WALK: Negotiating the Real (DE),,10.09,12:00,13:30,"How do we negotiate reality? How does community form, both among us humans and with other living beings? What systems of belief shape the conflicts we face in this process and what role does technology play?",guided tour,https://ars.electronica.art/negotiatinghumanity/en/view/SpotlightTourFESTIVALWALKNegotiatingtheRealDE-39538ddb450c804cb40efcf4008dd0f2/,"OK Platz, WE GUIDE YOU Meeting Point",registration: https://kupfticket.com/events/spotlight-tour-festival-walk-negotiating-the-real-bc462c3c4a
Hello Worlds! Futurelab Tour (DE),,10.09,12:15,12:45,"Explore Hello Worlds! together with the people behind the project. Researchers, artists, designers, developers and collaboration partners guide you through the exhibition, sharing the ideas, technologies and research behind the works—and, if you like, continue the conversation afterwards.",guided tour,https://ars.electronica.art/negotiatinghumanity/en/view/HelloWorldsFuturelabTourDE-3a038ddb450c81a082addecc3a0f5031/,"Ars Electronica Center, Level 0, Guided Tours & Workshops Desk",registration: https://kupfticket.com/events/ars-electronica-center-tours-fr-119-6c595376cc
AI’s Silent Omissions,Nozomu Kubota,10.09,12:30,13:30,"Join Nozomu Kubota for a screening of his documentary AI’s Silent Omissions, recipient of an Honorary Mention in the Prix Ars Electronica 2026, Digital Humanity category.",screening,https://ars.electronica.art/negotiatinghumanity/en/view/AIsSilentOmissions-39938ddb450c805fa16bc26f87c6891d/,"JKU MED Campus, Laboratory Building (LAB), Level 1, JKU medSPACE",
Artists’ Reception hosted by the Slovenian Embassy in Austria,,10.09,12:30,14:00,"Ars Electronica Festival, the Slovenian Embassy in Austria, the Slovenian Cultural and Information Centre SKICA Wien and the Municipality of Celje warmly invite artists, curators and culture practicioners to join us for the Artists’ Reception—an opportunity to mingle, connect and exchange with fellow professionals from the field of media arts.",networking event,https://ars.electronica.art/negotiatinghumanity/en/view/ArtistsReceptionhostedbytheSlovenianEmbassyinAustria-3a338ddb450c80a1a55ec9a5594a91a9/,"OK Linz, OK-DECK",registration: https://mailworx.marketingsuite.info/Form?frm=cbb77fd9-01cd-4fca-8580-1c4d6bfddd5e
"Next Singularity, the Intelligence of Life",Yoichiro Kawaguchi,10.09,12:30,13:00,AI will become increasingly intelligent. But the future still depends on the intelligence of life itself.,lecture & talk,https://ars.electronica.art/negotiatinghumanity/en/view/NextSingularitytheIntelligenceofLife-3a038ddb450c8171a61dc48994551e49/,"Ars Electronica Center, Level 0, Deep Space 8K",registration: https://mailworx.marketingsuite.info/Form?ev=6016f836-011a-4c6f-b6dc-9021f0059298
Spotlight Tour: Negotiating Humanity (EN),,10.09,12:30,14:00,What can we negotiate when it comes to humanity? What must remain non-negotiable? How do we engage with conflicts on an individual and collective level? And what role does art play in this process?,guided tour,https://ars.electronica.art/negotiatinghumanity/en/view/SpotlightTourNegotiatingHumanityEN-39838ddb450c8078b25ddadd9162b41b/,Lentos Kunstmuseum,registration: https://kupfticket.com/events/spotlight-tour-negotiating-humanity-e29f5c1bb6
Creative Coding Open House (THU 10.9.),"Amir Bastan, Cécile Bucher, Chris Coleman, Raphaël de Courville, Joreg",10.09,13:00,18:00,Let’s get a taste of different creative coding tools and discuss the philosophies behind them. Find out what they have in common and what is unique about them. Bring your own favorite tool and share your experience with it as we build the same artwork in parallel.,open lab,https://ars.electronica.art/negotiatinghumanity/en/view/CreativeCodingOpenHouseTHU10.9.-3a838ddb450c81f396ddfbb621ddeaa0/,PopUp Store,
Deep Space Selection,,10.09,13:00,13:30,"At Deep Space Selection, we present several times a day a changing selection from our diverse program, which we’ve been continuously developing since 2009. Visitors can look forward to exciting stories and immersive experiences spanning media art, science and technology.",experience,https://ars.electronica.art/negotiatinghumanity/en/view/DeepSpaceSelection-3a438ddb450c8064afbaf2f7cd324cbd/,"Ars Electronica Center, Level 0, Deep Space 8K",registration: https://mailworx.marketingsuite.info/Form?ev=8143e46a-ba35-49bc-b1fc-1df220c22d90
Hello Worlds! Behind the Prototype: Amplify Me – Visions,"Maria Pfeifer, Kawata Misako, Takashi Nishimura, Takuma Suzuki",10.09,13:00,13:30,"What happens when technologies become part of our bodies, clothes, and everyday lives? Meet the team behind the Amplify Me –Visions prototype, developed by Ars Electronica Futurelab and Toyota Motor Corporation’s Advanced Design Division as part of the new Hello Worlds! exhibition.",open lab,https://ars.electronica.art/negotiatinghumanity/en/view/HelloWorldsBehindthePrototypeAmplifyMeVisions-3a038ddb450c8170834ad2726a4eb549/,"Ars Electronica Center, Level -3, Open Futurelab",
Live Cinema Lab,Lukas Strasser,10.09,13:00,18:00,"The Live Cinema Lab invites participants to become part of a filmmaking process. Within an open installation, they experience different departments of filmmaking and their interplay firsthand through experimenting, exploring and collaboratively developing a scene.",open lab,https://ars.electronica.art/negotiatinghumanity/en/view/LiveCinemaLab-3a738ddb450c802b8dbfe3224df28ed1/,"JKU MED Campus, Plaza",
Press Start – RADICAL GAMING Performance,"Rajiv Bhagwanbali, Anna Hazarian, Philipp “Flip” Kroll, Alina Lugovskaya",10.09,13:00,13:10,"Dance and gaming experience merge together in this performance which explores belonging, recognition and the darker sides of online communities.",performance,https://ars.electronica.art/negotiatinghumanity/en/view/PressStartRADICALGAMINGPerformance-dec38ddb450c832fb6d901f9e7afa93c/,"JKU MED Campus, Teaching Building (LEH), Level 0, Lecture Hall 2",
Robots in the City,,10.09,13:00,15:00,The future is going for a walk through Linz. Humanoid robots and robot dogs are leaving the festival grounds to roam the heart of the city.,performance,https://ars.electronica.art/negotiatinghumanity/en/view/RobotsintheCity-3c038ddb450c808095efc5357efb47bf/,OK Platz,
Spotlight Tour FESTIVAL WALK: Negotiating the Real (EN),,10.09,13:00,14:30,"How do we negotiate reality? How does community form, both among us humans and with other living beings? What systems of belief shape the conflicts we face in this process and what role does technology play?",guided tour,https://ars.electronica.art/negotiatinghumanity/en/view/SpotlightTourFESTIVALWALKNegotiatingtheRealEN-39538ddb450c804487b4d97d74b94fc8/,"OK Platz, WE GUIDE YOU Meeting Point",registration: https://kupfticket.com/events/spotlight-tour-festival-walk-negotiating-the-real-38c64b1115
Where Is the Sound Hiding?,,10.09,13:00,13:45,"The C. Bechstein Centrum Linz invites children on a journey into the world of pianos and grand pianos, full of opportunities to discover, explore and try things out for themselves.",workshop,https://ars.electronica.art/negotiatinghumanity/en/view/WhereIstheSoundHiding-3a338ddb450c80c599dff86fc1090c64/,C. Bechstein Centrum Linz,
WE GUIDE YOU: Homo futuris (DE),,10.09,13:15,14:15,"As a species that has shaped the Earth, humans have transformed their environment like no other species before. With every new technology, our influence—and our responsibility for the future we are shaping—potentially grows.",guided tour,https://ars.electronica.art/negotiatinghumanity/en/view/WEGUIDEYOUHomofuturisDE-37c38ddb450c80eb81ffe889890cceeb/,"Ars Electronica Center, Level 0, Guided Tours & Workshops Desk",registration: https://kupfticket.com/events/ars-electronica-tours-mi-9926-c7b059fa49
WE GUIDE YOU: Homo futuris (EN),,10.09,13:15,14:15,"As a species that has shaped the Earth, humans have transformed their environment like no other species before. With every new technology, our influence—and our responsibility for the future we are shaping—potentially grows.",guided tour,https://ars.electronica.art/negotiatinghumanity/en/view/WEGUIDEYOUHomofuturisEN-c3738ddb450c83379f3201d3aa0c858f/,"Ars Electronica Center, Level 0, Guided Tours & Workshops Desk",registration: https://kupfticket.com/events/ars-electronica-tours-mi-9926-d9d8e18efc
Basic Income for Artists – Ireland as a Model,"Caelainn Hogan, Narcy Calamatta, Evelyn Dawid, Mond / Attac Grundeinkommen",10.09,13:30,15:30,"After a successful pilot program, Ireland has implemented a UBI for artists. This basic security allows artists to create art with greater freedom and independence from commercial considerations. With firsthand insights from Ireland, this session will discuss how to build on the experience.",workshop,https://ars.electronica.art/negotiatinghumanity/en/view/BasicIncomeforArtistsIrelandasaModel-39738ddb450c81a9a4d8f12333452e5b/,"Ursulinenhof Linz, Gewölbesaal",registration: https://mailworx.marketingsuite.info/Form?frm=4a4996a7-a3e8-4603-8ecb-b5f9097d5ea8
Dissonant Stereoscopy,Alisa Martynova,10.09,13:30,14:00,"Alisa Martynova’s residency at the Ars Electronica Futurelab in 2026 explores perception, consciousness and the unstable nature of truth through an immersive projection environment developed for Deep Space 8K.",experience,https://ars.electronica.art/negotiatinghumanity/en/view/DissonantStereoscopy-3a438ddb450c8093b831d6c2812fe11a/,"Ars Electronica Center, Level 0, Deep Space 8K",registration: https://mailworx.marketingsuite.info/Form?ev=d0bc8158-9905-4114-84d0-c7205967b581
Genome Sonification,"Rupert Huber, Johannes Pröll, Mihaela Kavdanska, Dilmana Yordanova",10.09,13:30,14:10,"The genome sonification of the media art installation Show Me Your Face: The Power of Becoming is performed live by Rupert Huber. The project explores how identity emerges through the interplay of genes, environment, experience and choice. Human nature is continuously enacted and transformed through a lifetime of translation.",concert,https://ars.electronica.art/negotiatinghumanity/en/view/GenomeSonification-3ab38ddb450c81a9bb4dd9e12f77560e/,,
The Data Workers’ Inquiry: In Their Own Words,"Victoria De Napoli, Julia Kloiber",10.09,13:30,14:00,"AI systems rest on work that is deliberately kept out of view: labelling images, filtering violent content, correcting and rating outputs—outsourced to the Global South and precarious almost everywhere.",lecture & talk,https://ars.electronica.art/negotiatinghumanity/en/view/TheDataWorkersInquiryInTheirOwnWords-3c038ddb450c801c9bb5c124d173a99c/,"Ursulinenhof Linz, Ursulinensaal",
"13 strokes, please!",,10.09,14:00,16:00,"In this mini-workshop, we show you how to isolate individual colonies from a bacterial culture using the 13-stroke method. Stroke by stroke, a dense micromix on the agar plate is transformed into a clean, smeared clone.",open lab,https://ars.electronica.art/negotiatinghumanity/en/view/13strokesplease-37c38ddb450c80faa9ecfb92da6d07d8/,"Ars Electronica Center, Level -1",
Artist Q&A with Joseph Herscher,Joseph Herscher,10.09,14:00,15:00,"Meet Joseph Herscher, the artist behind Joseph’s Machines—elaborate chain-reaction contraptions that turn everyday objects into unlikely collaborators.",meet the artist,https://ars.electronica.art/negotiatinghumanity/en/view/ArtistQAwithJosephHerscher-3a538ddb450c8017a27cf49cbaabc515/,,
Artist Walk Tour: Negotiating Beyond Humanity,"Alexandra Crasnaru Dragomir, Dr. Lea Luka Sikau, Denisa Půbalová, Erze Dinarama, Maki Ueda, Adrien Lucca, Lea Luka Sikau",10.09,14:00,15:30,"Bringing together artistic and scientific perspectives, this artist-guided tour explores smell, vibration, colour and microbial exchange as ways of sensing and relating across species.",guided tour,https://ars.electronica.art/negotiatinghumanity/en/view/ArtistWalkTourNegotiatingBeyondHumanity-d0f38ddb450c830db8b8816298fd921d/,"OK Platz, WE GUIDE YOU Meeting Point",registration: https://kupfticket.com/events/expert-tours-ok-quarter-41cb716b73
Crafting Futures Lab: Crafting Mountains from Dusty Tales,Lilo Viehweg,10.09,14:00,15:00,"This session gives insights into the research methods of an experimental, embodied and material-based historiography of design which starts in a Parisian physics laboratory in 1880 and traces fragments in scientific mountain crafts up to today.",lecture & talk,https://ars.electronica.art/negotiatinghumanity/en/view/CraftingFuturesLabCraftingMountainsfromDustyTales-3ae38ddb450c80d2b9bbdfde20cc69cf/,,
Eccentric Engineering: Building Otherwise,Tega Brain,10.09,14:00,14:20,"Her keynote makes the case for eccentric engineering based on minimal computing, good-enough prediction, infrastructure designed for something other than growth and for climate art that points to the agency we still have.",keynote,https://ars.electronica.art/negotiatinghumanity/en/view/EccentricEngineeringBuildingOtherwise-3c038ddb450c800cb571fc796e52a599/,"Ursulinenhof Linz, Ursulinensaal",
Unbreakable Ukraine,Saravá,10.09,14:00,14:30,"Unbreakable Ukraine is an immersive exhibition born to safeguard Ukraine’s cultural heritage, now under constant threat from war.",experience,https://ars.electronica.art/negotiatinghumanity/en/view/UnbreakableUkraine-39038ddb450c805f97a1c108437ce7d8/,"Ars Electronica Center, Level 0, Deep Space 8K",registration: https://mailworx.marketingsuite.info/Form?ev=e7b6f401-8065-48a2-9085-5d03738bfcf3
Where Is the Sound Hiding?,,10.09,14:00,14:45,"The C. Bechstein Centrum Linz invites children on a journey into the world of pianos and grand pianos, full of opportunities to discover, explore and try things out for themselves.",workshop,https://ars.electronica.art/negotiatinghumanity/en/view/WhereIstheSoundHiding-3a338ddb450c80c599dff86fc1090c64/,C. Bechstein Centrum Linz,
Agentic Systems as a New Form of Dialogue,,10.09,14:15,14:55,"Agentic systems can be far more than mere information brokers. We demonstrate how new interfaces, the visualization of digital agents and lifelike forms of communication create a dialogical, dynamic approach to knowledge.",deep dive,https://ars.electronica.art/negotiatinghumanity/en/view/AgenticSystemsasaNewFormofDialogue-3a338ddb450c8015916fddd390a45faf/,"Ars Electronica Center, Level 0, Guided Tours & Workshops Desk",registration: https://kupfticket.com/events/ars-electronica-center-tours-do-109-55dbf0dc8a
Open Futurelab Tour (DE),,10.09,14:15,15:15,"In this guided tour, you experience prototypes, installations and the new exhibition Hello Worlds! by the artistic R&D laboratory and atelier Ars Electronica Futurelab.",guided tour,https://ars.electronica.art/negotiatinghumanity/en/view/OpenFuturelabTourDE-3a538ddb450c80c2a39be7d7fc616ec4/,"Ars Electronica Center, Level 0, Guided Tours & Workshops Desk",registration: https://kupfticket.com/events/ars-electronica-center-tours-fr-119-491c65fa48
Performances at Main Square,,10.09,14:15,14:45,"The Flood the Zone with Courage program presents a series of interventions, each lasting no more than seven minutes. Through diverse artistic approaches, these interventions reimagine protest, exploring the many forms it can take and inviting audiences into concentrated moments of action.",performance,https://ars.electronica.art/negotiatinghumanity/en/view/PerformancesatMainSquare-3a538ddb450c8042a6e2c78244bdcd22/,Main Square Linz,
"What Alternatives? Power, Labour, Planet","Julia Kloiber, Marina Otero Verzier, Jaya Klara Brekke, moderated by Julia Kloiber",10.09,14:20,14:50,"From diagnosis to alternatives. Data centres are arriving in European regions faster than grids, water systems and planning authorities can absorb them and the public is rarely asked.",panel discussion,https://ars.electronica.art/negotiatinghumanity/en/view/WhatAlternativesPowerLabourPlanet-3c038ddb450c80828c04dee3aff39e98/,"Ursulinenhof Linz, Ursulinensaal",
Birds of a Feather: Connecting Media Art Research,"Victoria Szabo, Everardo Reyes, Erandy Vergara, Paula Tavares, Baoyang Chen, James She, Juergen Hagler",10.09,14:30,16:00,"Connecting Media Art Research is a Birds of a Feather session that brings together representatives from leading media art communities and conferences. The session offers a platform to introduce their respective initiatives, exchange perspectives on current developments in the field and explore opportunities for future collaboration.",conference,https://ars.electronica.art/negotiatinghumanity/en/view/BirdsofaFeatherConnectingMediaArtResearch-3a538ddb450c804b8531f6c33e30b8f2/,"Ars Electronica Center, Level 3, Sky Loft",
Deep Space Selection,,10.09,14:30,15:00,"At Deep Space Selection, we present several times a day a changing selection from our diverse program, which we’ve been continuously developing since 2009. Visitors can look forward to exciting stories and immersive experiences spanning media art, science and technology.",experience,https://ars.electronica.art/negotiatinghumanity/en/view/DeepSpaceSelection-3a438ddb450c8064afbaf2f7cd324cbd/,"Ars Electronica Center, Level 0, Deep Space 8K",registration: https://mailworx.marketingsuite.info/Form?ev=90de51e2-afc4-4b3d-b1c7-208ed6693f3a
Spotlight Tour: Negotiating Humanity (DE),,10.09,14:30,16:00,Wie verhandeln wir die Menschheit? Was darf nicht verhandelbar sein? Wie gehen wir auf individueller und kollektiver Ebene mit Konflikten um? Und welche Rolle spielt die Kunst in diesem Prozess?,guided tour,https://ars.electronica.art/negotiatinghumanity/en/view/SpotlightTourNegotiatingHumanityDE-39838ddb450c807fb3a9d19e3cefc7ea/,Lentos Kunstmuseum,registration: https://kupfticket.com/events/spotlight-tour-negotiating-humanity-27db850246
"Who Heals Tomorrow? AI, Medicine and the Future of Decision-Making","Experts from the fields of medicine, AI research, law and patient advocacy",10.09,14:30,16:00,"In a fishbowl format, experts from the fields of medicine, AI research and law will discuss the opportunities and risks of AI in healthcare with patient representatives and a live audience—exploring ways in which innovation, responsibility and safety can all be brought together through smart data governance.",panel discussion,https://ars.electronica.art/negotiatinghumanity/en/view/WhoHealsTomorrowAIMedicineandtheFutureofDecision-Making-3a638ddb450c80f8b35efeb57b787f35/,"JKU MED Campus, Laboratory Building (LAB), Level 1, JKU medSPACE",
HandsOn: Man x Machine,,10.09,14:45,15:15,"How close can robots actually get to us? From prosthetics that replace lost abilities, and exoskeletons that support and strengthen us, to robots that accompany and assist us—this HandsOn presentation demonstrates robotics as a technology of closeness.",experience,https://ars.electronica.art/negotiatinghumanity/en/view/HandsOnManxMachine-39738ddb450c80309d0cc9653b295675/,"Ars Electronica Center, Level -1",
Bubble Talk: AI-Guided Exhibition Tour,,10.09,15:00,17:00,"Join an experimental AI-guided exhibition tour with Bubble Talk. Participants create a personalized museum guide based on their interests, discover unexpected connections between artworks, and help shape the future of adaptive exhibition experiences through their feedback.",guided tour,https://ars.electronica.art/negotiatinghumanity/en/view/BubbleTalkAI-GuidedExhibitionTour-3a438ddb450c811fb8c1df1111e31f4b/,"Ars Electronica Center, Level 1, Connected Earth",
Future Screenshots,"Mushon Zer-Aviv, Mushon Zer Aviv",10.09,15:00,16:30,"What if we could reach into a possible future, unlock a phone and take a screenshot? Together we will draft messages, maps, prompts and posts from worlds that do not yet exist—and discover how the futures we imagine today is where the future begins.",workshop,https://ars.electronica.art/negotiatinghumanity/en/view/FutureScreenshots-3a538ddb450c81fba4fef0567a849723/,"Catholic Private University Linz, Linz Diocesan Library",registration: https://mailworx.marketingsuite.info/Form?frm=cc5ab339-afb6-4c82-ac2b-ba29ec106527
Keys Beyond Boundaries,Milan Conic,10.09,15:00,19:00,"Electronics meets improvized piano; dance, film and poetry at the C. Bechstein Piano Gallery. Featuring performances by Milan Conic and collaborators, the program explores new encounters between acoustic and electronic sound.",concert,https://ars.electronica.art/negotiatinghumanity/en/view/KeysBeyondBoundaries-3a338ddb450c80dc9c4eefd462906fe7/,C. Bechstein Centrum Linz,
MEET THE ARTIST: Plant Blindness,"Chih Pui Yi, Ao Kin Man",10.09,15:00,15:30,"Winner of the HKDI Student Talent Award (2025), this piece reimagines native Hong Kong flowers through advanced digital technologies, exploring the tension between permanence and transcience.",meet the artist,https://ars.electronica.art/negotiatinghumanity/en/view/MEETTHEARTISTPlantBlindness-3a438ddb450c81a98c57ea43822ff5f1/,,
MERGING VISIONS,Merve Sahin,10.09,15:00,15:30,"MERGING VISIONS is an immersive journey through the Salzburg Festival. Expanding the urban digital twin into a medium for storytelling, it reveals the site’s geological, ecological, and cultural dimensions, exploring relationships between cities, culture and natural systems.",experience,https://ars.electronica.art/negotiatinghumanity/en/view/MERGINGVISIONS-38d38ddb450c81b1b50cff759475496a/,"Ars Electronica Center, Level 0, Deep Space 8K",registration: https://mailworx.marketingsuite.info/Form?ev=1266007e-5072-4204-b69e-fa1e05bb5d3f
National Gallery Dreaming,"John Stack, Jaron Ghani, Lawrence Chiles",10.09,15:00,18:00,"What if the National Gallery collection could dream? This AI-driven installation journeys through 2,400 artworks, uncovering unexpected connections between paintings, artists and ideas. Shaped by visitor voices, it transforms collection data into a living map of discovery.",project,https://ars.electronica.art/negotiatinghumanity/en/view/NationalGalleryDreaming-39e38ddb450c81dba105e4ee1ac2b004/,"Ars Electronica Center, Level -1, Seminar Room",
Negotiating Democracy at the OpenDemocracyLab,"Stefan Schartlmüller, Lisa Praeg, Martyna Lorenc, Letícia Carneiro, Stephanie Steyrer",10.09,15:00,18:00,"Our democracies and constitutions rest on foundations that were originally laid in a very different world. In this participatory workshop, IG Demokratie invites participants to explore the roots of the current crisis of democracy.",workshop,https://ars.electronica.art/negotiatinghumanity/en/view/NegotiatingDemocracyattheOpenDemocracyLab-39f38ddb450c8186a77cd25d8dde0373/,Main Square Linz,
"Reading the Room: Language, Systems, and Contemporary Art","Ana María Caballero, Manuela Naveau, Sergio Fontanella, Alfred Weidinger",10.09,15:00,16:00,"Reading the Room: Language, Systems, and Contemporary Art brings together Manuela Naveau, Ana María Caballero, Sergio Fontanella and Alfred Weidinger on a panel moderated by Julia Staudach.",lecture & talk,https://ars.electronica.art/negotiatinghumanity/en/view/ReadingtheRoomLanguageSystemsandContemporaryArt-3a938ddb450c805a842fed558bb82a98/,Francisco Carolinum,
Soil Rendezvous,"Anne Daebeler, Magdalena Wutkowska",10.09,15:00,16:00,"Connect across disciplines, exchange ideas and explore artistic approaches to soil literacy and ecological transition. Expand your network, contribute to a growing community of change-makers and discover soil as both climate infrastructure and a cultural commons. Plant seeds for future collaboration!",networking event,https://ars.electronica.art/negotiatinghumanity/en/view/SoilRendezvous-39138ddb450c804abf9fc043ea1c25a0/,"OK Linz, voestalpine OPEN SPACE",registration: https://mailworx.marketingsuite.info/Form?frm=318fade4-8a28-4c7e-8cab-4da13661249d
Spotlight Tour FESTIVAL WALK: Negotiating the Real (DE),,10.09,15:00,16:30,"How do we negotiate reality? How does community form, both among us humans and with other living beings? What systems of belief shape the conflicts we face in this process and what role does technology play?",guided tour,https://ars.electronica.art/negotiatinghumanity/en/view/SpotlightTourFESTIVALWALKNegotiatingtheRealDE-39538ddb450c804cb40efcf4008dd0f2/,"OK Platz, WE GUIDE YOU Meeting Point",registration: https://kupfticket.com/events/spotlight-tour-festival-walk-negotiating-the-real-2f09306d90
Tarlan Eshtiagh,"Tarlan Eshtiagh, Milan Conic",10.09,15:00,16:00,"Tarlan Eshtiagh and Milan Conic are beginning a musical collaboration in Linz. Inspired by traditional Iranian music, they blend electronic sounds with modern arrangements, creating a contemporary, intercultural sound.",concert,https://ars.electronica.art/negotiatinghumanity/en/view/TarlanEshtiagh-3ad38ddb450c80be8390f23b808b2d3e/,C. Bechstein Centrum Linz,
SynTact: Guided Exploration & Discussion,Ricoh,10.09,15:15,15:45,"Explore SynTact, an interactive installation imagining future forms of collaboration beyond the human. Experience the installation together with the artists and researchers behind the project, and engage in a conversation about communication, collaboration, and care across species and technologies.",open lab,https://ars.electronica.art/negotiatinghumanity/en/view/SynTactGuidedExplorationDiscussion-39f38ddb450c813eb76bc02ea17bdca3/,"Ars Electronica Center, Level -3, Open Futurelab",
The Architecture of Public Truth,Eyal Weizman,10.09,15:15,15:35,"Forensic Architecture built a new evidentiary practice, using architecture, modelling and open-source material to hold states and corporations to account where courts and media could not.",keynote,https://ars.electronica.art/negotiatinghumanity/en/view/TheArchitectureofPublicTruth-3c038ddb450c809f8ebffd7564771649/,"Ursulinenhof Linz, Ursulinensaal",
WE GUIDE YOU: Homo futuris (DE),,10.09,15:15,16:15,"As a species that has shaped the Earth, humans have transformed their environment like no other species before. With every new technology, our influence—and our responsibility for the future we are shaping—potentially grows.",guided tour,https://ars.electronica.art/negotiatinghumanity/en/view/WEGUIDEYOUHomofuturisDE-37c38ddb450c80eb81ffe889890cceeb/,"Ars Electronica Center, Level 0, Guided Tours & Workshops Desk",registration: https://kupfticket.com/events/ars-electronica-tours-mi-9926-d063f19529
WE GUIDE YOU: Homo futuris (EN),,10.09,15:15,16:15,"As a species that has shaped the Earth, humans have transformed their environment like no other species before. With every new technology, our influence—and our responsibility for the future we are shaping—potentially grows.",guided tour,https://ars.electronica.art/negotiatinghumanity/en/view/WEGUIDEYOUHomofuturisEN-c3738ddb450c83379f3201d3aa0c858f/,"Ars Electronica Center, Level 0, Guided Tours & Workshops Desk",registration: https://kupfticket.com/events/ars-electronica-tours-mi-9926-cbeabfcb5c
Deep Space Selection,,10.09,15:30,16:00,"At Deep Space Selection, we present several times a day a changing selection from our diverse program, which we’ve been continuously developing since 2009. Visitors can look forward to exciting stories and immersive experiences spanning media art, science and technology.",experience,https://ars.electronica.art/negotiatinghumanity/en/view/DeepSpaceSelection-3a438ddb450c8064afbaf2f7cd324cbd/,"Ars Electronica Center, Level 0, Deep Space 8K",registration: https://mailworx.marketingsuite.info/Form?ev=e31ba610-3351-4258-86f2-b1575e70278d
Expert Tour FESTIVAL WALK: Elisabeth Falkensteiner (EN),Elisabeth Falkensteiner,10.09,15:30,17:00,"The FESTIVAL WALK exhibition tour takes visitors to eight different locations around OK Platz in Linz, guided by co-curator Elisabeth Falkensteiner.",guided tour,https://ars.electronica.art/negotiatinghumanity/en/view/ExpertTourFESTIVALWALKElisabethFalkensteinerEN-3a538ddb450c815ab48dcf98c8f1f5bb/,"OK Platz, WE GUIDE YOU Meeting Point",registration: https://kupfticket.com/events/expert-tours-ok-quarter-18acea3148
Children of a Modest Star: Governing Beyond the Nation-State,Nils Gilman,10.09,15:35,15:55,"Nils Gilman, co-author of Children of a Modest Star, argues that neither a world government nor the nation-state as we have it can govern climate, pandemics or computation and makes the case for multi-scale institutions built to the shape of the problems themselves.",keynote,https://ars.electronica.art/negotiatinghumanity/en/view/ChildrenofaModestStarGoverningBeyondtheNation-State-3c038ddb450c80feaf4fde2b1098acf8/,"Ursulinenhof Linz, Ursulinensaal",
HandsOn: Neuro-Bionics,,10.09,15:45,16:15,"There is a worm in our robot! At least its brain—because a worm’s nervous system can already be “copied” into a machine. But even the human brain, with all the data it produces, can already be read and interpreted well by using EEG and brain/computer interfaces, and can even control things outside the body.",experience,https://ars.electronica.art/negotiatinghumanity/en/view/HandsOnNeuro-Bionics-0ad38ddb450c8270822a01d8ad81733d/,"Ars Electronica Center, Level -3",
The More-than-Human Laboratory,Agnes Meyer-Brandis,10.09,15:55,16:15,"Agnes Meyer-Brandis won the STARTS Prize ’26 Grand Prize for Innovative Collaboration with the Office for Tree Migration, a long-term project following how trees and plants move as climate zones shift.",lecture & talk,https://ars.electronica.art/negotiatinghumanity/en/view/TheMore-than-HumanLaboratory-3c038ddb450c80b18938ee9b24da9dec/,"Ursulinenhof Linz, Ursulinensaal",
A Quarter Century of Processing,"Cassie Tarakajian, Moon Davé, Qianqian Ye, Raphaël de Courville, Wes Taylor, Xin Xin, Charlotte McElwain",10.09,16:00,16:30,"Processing turns 25 this year. Join us to celebrate the past, present and future of Processing—as software, design philosophy, pedagogical approach and global creative community.",performance,https://ars.electronica.art/negotiatinghumanity/en/view/AQuarterCenturyofProcessing-38f38ddb450c81ac9b50d75577230360/,"Ars Electronica Center, Level 0, Deep Space 8K",registration: https://mailworx.marketingsuite.info/Form?ev=a5b91701-7f97-4013-b55a-0418496124b3
Artist Tour with Ana María Caballero and Curator Julia Staudach: “READ THE ROOM”,"Ana María Caballero, Julia Staudach",10.09,16:00,17:00,"In this Artist Tour, artist and poet Ana María Caballero joins curator Julia Staudach to guide visitors through Read the Room, Caballero’s first institutional mid-career retrospective.",guided tour,https://ars.electronica.art/negotiatinghumanity/en/view/ArtistTourwithAnaMaraCaballeroandCuratorJuliaStaudachREADTHEROOM-3a938ddb450c80e3a590dbc660da0b89/,Francisco Carolinum,
Destituent Laughing Choir,"Natalia Agati, Francesco Restuccia, Chuming Yu, Maria Messerer, Chyara Holz, Lorenz Willer, Josephine Zacher, Margarita Gimaeva, Franka Fuchs, Mahsa Landarany, Su Güryay, Anina Neumeier",10.09,16:00,17:20,"Destituent Laughing Choir is a radically horizontal, “join-as-you-come” performance structured around a core group of trained members, which invites the everyday public to organically merge into a massive, contagious feedback loop that renders the mechanics of authority completely inoperative.",performance,https://ars.electronica.art/negotiatinghumanity/en/view/DestituentLaughingChoir-38e38ddb450c81aea359dd3a888c0ed5/,"Ars Electronica Center, Maindeck",
Fluidity of Images: Surrealist Juxtaposition and Image Mixing in Generative AI,Mert Akbal,10.09,16:00,18:00,"What happens when a machine mixes paintings without any text prompts? Fluidity of Images explores the juxtaposition space between images, where two images combine to reveal a spectrum of new visual forms, condensations and compositions.",workshop,https://ars.electronica.art/negotiatinghumanity/en/view/FluidityofImagesSurrealistJuxtapositionandImageMixinginGenerativeAI-39e38ddb450c81378393f625df96e919/,"Ursulinenhof Linz, Gewölbesaal",registration: https://mailworx.marketingsuite.info/Form?frm=2b6ea408-0054-4d9f-940f-b9515c04c434
Musikmaschine in concert,"Maximilian Bernhard, Emanuel Križić, Mahtab Miandehi, Astrid Drechsler",10.09,16:00,16:30,The Musikmaschine is used by artists as an interactive instrument and performance platform. Unique sound experiences are created by combining traditional musical material with digital technologies.,concert,https://ars.electronica.art/negotiatinghumanity/en/view/Musikmaschineinconcert-37b38ddb450c81e7b77eed14187e07b0/,,
Studio Sessions,,10.09,16:00,18:00,Studio Sessions offer a space for experimental and playful performances at Studio 1 of the University of Arts Linz. The spectrum ranges from complex audiovisual pieces and text and dance performances to instrumental spatial and sound art experiences.,performance,https://ars.electronica.art/negotiatinghumanity/en/view/StudioSessions-37c38ddb450c81888ba3d3d2e972873b/,"University of Arts Linz, Hauptplatz 8 (West Building), Third Floor",
The Humanity Negotiation Quest,,10.09,16:00,16:30,"Guide yourself through the FESTIVAL WALK, win negotiation points, collect hidden treasures. Discover your humanity negotiation profile and get recommendations for what festival pieces to see next.",experience,https://ars.electronica.art/negotiatinghumanity/en/view/TheHumanityNegotiationQuest-3b838ddb450c80f1a438ea41018d28e6/,OK Platz,
TiSHiNA (duo),"Viviane Töbich, Milan Conic",10.09,16:00,17:00,"TıSHıNA blends soulful pop with modern harmonies, hip-hop grooves and electronic elements—a sound that is at once intimate and captivating.",concert,https://ars.electronica.art/negotiatinghumanity/en/view/TiSHiNAduo-3ad38ddb450c80cc8211fa426095c5d9/,C. Bechstein Centrum Linz,
Antimonuments,Rafael Lozano-Hemmer,10.09,16:15,16:35,"Surveying his entire body of work, from the early relational architecture pieces to the antimonuments, Rafael Lozano-Hemmer traces a practice concerned with memory, biometrics, participation and the politics of who is seen, counted and remembered.",lecture & talk,https://ars.electronica.art/negotiatinghumanity/en/view/Antimonuments-3c038ddb450c800c9cb9c37d6a074d64/,"Ursulinenhof Linz, Ursulinensaal",
Hello Worlds! Futurelab Tour (EN),,10.09,16:15,16:45,"Explore Hello Worlds! together with the people behind the project. Researchers, artists, designers, developers, and collaboration partners guide you through the exhibition, sharing the ideas, technologies and research behind the works—and, if you like, continue the conversation afterwards.",guided tour,https://ars.electronica.art/negotiatinghumanity/en/view/HelloWorldsFuturelabTourEN-56638ddb450c830c9e7281cf5b59a977/,"Ars Electronica Center, Level 0, Guided Tours & Workshops Desk",registration: https://kupfticket.com/events/ars-electronica-center-tours-fr-119-befa919144
Academic Session: Art Track #5 More-than-Human,"Caroline Vogel, Juice Shuting Cui, Peijing Mou, Ella Raidel, Benjamin Seide, Clarissa Ribeiro, Margarita Köhl, David Altweger",10.09,16:30,18:00,The Academic Session #5 Art Track: More-than-Human presents five Art Papers from the Expanded Conference Open Call that explore multispecies relations and more-than-human perspectives through emerging technologies and artistic practices.,conference,https://ars.electronica.art/negotiatinghumanity/en/view/AcademicSessionArtTrack5More-than-Human-3a538ddb450c80018090ef01a712b557/,"Ars Electronica Center, Level 3, Sky Loft",
Ghost Stories: Negotiating Between Worlds,"Esteban Azuela, Naomi Noir, Wendi Yan, Boris Eldagsen, Ben Chimoy",10.09,16:30,17:15,The five works in this program tell unusual ghost stories in which the boundaries between worlds become permeable and negotiation remains open.,screening,https://ars.electronica.art/negotiatinghumanity/en/view/GhostStoriesNegotiatingBetweenWorlds-39938ddb450c8079978eee12b2bd374e/,"JKU MED Campus, Laboratory Building (LAB), Level 1, JKU medSPACE",
Hack the Façade,,10.09,16:30,18:30,"The Ars Electronica Center’s media façade is more than just a brightly lit surface. With a few tricks, it becomes a democratic tool—visible, public and customizable.",open lab,https://ars.electronica.art/negotiatinghumanity/en/view/HacktheFaade-37c38ddb450c80b6a460c76d6bd0f71d/,"Ars Electronica Center, Level 2",
Onassis ONX Showcase,"Gabriel Barcia-Colombo, Peter Burr, Eirini Linardaki, Winslow Porter, Elie Zananiri",10.09,16:30,17:30,"Spanning video, game engine renderings and textile-based digital landscapes, the Onassis ONX showcase of moving image works reflects on community, ecology, the residue of procedural worlds and other systems shaping contemporary life.",screening,https://ars.electronica.art/negotiatinghumanity/en/view/OnassisONXShowcase-38e38ddb450c8121bdead6947c2afd1a/,"Ars Electronica Center, Level 0, Deep Space 8K",registration: https://mailworx.marketingsuite.info/Form?ev=c0c8c825-5c5b-42de-9973-0c7477d34e03
Performance: Airy,Baoyang Chen,10.09,16:30,16:45,"Airy asks how we sense what a machine is trying to do when its code stays hidden. Robotic arms pull silk into the air. Two dancers move with it, push back, then adjust. A forest crosses the cloth. Mist and storm appear when the rhythm slips. The dancers' response makes the machines easier to read.",performance,https://ars.electronica.art/negotiatinghumanity/en/view/PerformanceAiry-3b038ddb450c8034b7a7c131684e9b26/,"Ars Electronica Center, Level -3, Understanding AI",
Spotlight Tour: Negotiating Humanity (DE),,10.09,16:30,18:00,Wie verhandeln wir die Menschheit? Was darf nicht verhandelbar sein? Wie gehen wir auf individueller und kollektiver Ebene mit Konflikten um? Und welche Rolle spielt die Kunst in diesem Prozess?,guided tour,https://ars.electronica.art/negotiatinghumanity/en/view/SpotlightTourNegotiatingHumanityDE-39838ddb450c807fb3a9d19e3cefc7ea/,Lentos Kunstmuseum,registration: https://kupfticket.com/events/spotlight-tour-negotiating-humanity-50730962e1
Spotlight Tour: Negotiating Humanity (EN),,10.09,16:30,18:00,What can we negotiate when it comes to humanity? What must remain non-negotiable? How do we engage with conflicts on an individual and collective level? And what role does art play in this process?,guided tour,https://ars.electronica.art/negotiatinghumanity/en/view/SpotlightTourNegotiatingHumanityEN-39838ddb450c8078b25ddadd9162b41b/,Lentos Kunstmuseum,registration: https://kupfticket.com/events/spotlight-tour-negotiating-humanity-8b62f481cf
Closing—Coexistence and Possible Futures,"Jose Luis de Vicente, José Luis de Vicente",10.09,16:35,16:45,The day closes on the question it opened with: what did we negotiate and which futures now feel possible?,lecture & talk,https://ars.electronica.art/negotiatinghumanity/en/view/ClosingCoexistenceandPossibleFutures-3c038ddb450c80d79faece8f81a628e7/,"Ursulinenhof Linz, Ursulinensaal",
Artist Tour with Claudia Larcher and Curator Eva Fischer: “No applause. no life. no pain.“,"Claudia Larcher, Eva Fischer",10.09,17:00,18:00,"In this guided tour through the exhibition No applause. no life. no pain. at Francisco Carolinum, artist Claudia Larcher joins the curator of the exhibition, Eva Fischer, to explore how her work unfolds a panorama of change.",guided tour,https://ars.electronica.art/negotiatinghumanity/en/view/ArtistTourwithClaudiaLarcherandCuratorEvaFischerNoapplause.nolife.nopain.-3a938ddb450c80afaff4c112dd8e5b3e/,Francisco Carolinum,
BMW Hydrogen Strategy (DE),Jürgen Guldner,10.09,17:00,17:10,"What role can hydrogen play in tomorrow’s mobility? BMW Group shares its strategy for integrating fuel cell technology into its future vehicle portfolio—highlighting hydrogen as an important energy carrier, an effective storage medium for renewable energy and a complement to battery-electric mobility.",lecture & talk,https://ars.electronica.art/negotiatinghumanity/en/view/BMWHydrogenStrategyDE-3ad38ddb450c811bb9ddd38417594800/,splace,
Crafting Futures Lab: Unearthing Taste,"Julia Moser, Josseline Engeler, Lena Hartl",10.09,17:00,19:00,"Some forms of preservation can only be accessed through destruction. Unearthing Taste is a food happening and conversation exploring clay-based food preservation, material knowledge and the value of impermanence.",workshop,https://ars.electronica.art/negotiatinghumanity/en/view/CraftingFuturesLabUnearthingTaste-3ae38ddb450c80bebeaac30452d9fa0d/,,registration: https://forms.cloud.microsoft/e/4FE2dQRsKx
ECOfem Media Art Stammtisch,"Christa Sommerer, Jill Scott, Victoria Vesna, Claudia Schnugg",10.09,17:00,18:00,"We warmly invite women and gender-conscious media artists, researchers and practitioners to explore how the ethics of care can shape more just and sustainable futures for our planet. Let us share experiences, exchange ideas and collectively envision pathways toward ecological and social change.",networking event,https://ars.electronica.art/negotiatinghumanity/en/view/ECOfemMediaArtStammtisch-39038ddb450c81749ca5c8947f44f2a4/,"OK Linz, voestalpine OPEN SPACE",registration: https://mailworx.marketingsuite.info/Form?frm=cc871f4e-c31a-4b5d-bf9c-278d7ad5e44b
Hello Worlds! Behind the Prototype: Hybrid Thinking,"Maria Pfeifer, Ali Nikrang",10.09,17:00,17:30,"Can AI help us think rather than simply provide answers? Discover how Hybrid Thinking combined voice cloning, prompting, conversational AI and bone-conduction audio to create an uncanny experience that supports reflection instead of automation.",open lab,https://ars.electronica.art/negotiatinghumanity/en/view/HelloWorldsBehindthePrototypeHybridThinking-3a038ddb450c81118843d6f3d09d2a5a/,"Ars Electronica Center, Level -3, Open Futurelab",
KunstUni Campus Exhibition Guided Tour,,10.09,17:00,17:50,"Join us for a guided tour of the Art and Design University of Linz campus. We will explore the university’s main exhibition spaces and discover over 250 artworks by students, artists and international partner universities.",guided tour,https://ars.electronica.art/negotiatinghumanity/en/view/KunstUniCampusExhibitionGuidedTour-39238ddb450c81fabebcd9f6e35041ec/,"University of Arts Linz, Hauptplatz 6 (East Building), Campus Welcome Desk",
Minimal Music Highlights by Maki Namekawa,Maki Namekawa,10.09,17:00,17:35,"Japanese pianist Maki Namekawa, internationally acclaimed for her outstanding interpretations of both the classical and contemporary repertoire, presents a contemporary programme at the C. Bechstein Centrum Linz.",concert,https://ars.electronica.art/negotiatinghumanity/en/view/MinimalMusicHighlightsbyMakiNamekawa-3a338ddb450c80b88eb8e146faecdb5b/,C. Bechstein Centrum Linz,
Press Start – RADICAL GAMING Performance,"Rajiv Bhagwanbali, Anna Hazarian, Philipp “Flip” Kroll, Alina Lugovskaya",10.09,17:00,17:10,"Dance and gaming experience merge together in this performance which explores belonging, recognition and the darker sides of online communities.",performance,https://ars.electronica.art/negotiatinghumanity/en/view/PressStartRADICALGAMINGPerformance-dec38ddb450c832fb6d901f9e7afa93c/,"JKU MED Campus, Teaching Building (LEH), Level 0, Lecture Hall 2",
SCHWEMMLAND FACTORY-LAB,Verein Schwemmland,10.09,17:00,20:00,"To mark the conclusion of the WORK ON BIODIVERSITY Climate Fund project, SCHWEMMLAND and its partners invite visitors to the SCHWEMMLAND FACTORY-LAB at the Climate Oasis Linz-Lustenau.",open lab,https://ars.electronica.art/negotiatinghumanity/en/view/SCHWEMMLANDFACTORY-LAB-39038ddb450c81d3a68ad8b7b43b02a9/,Klimaoase Linz-Lustenau,
WE GUIDE YOU: Homo futuris (DE),,10.09,17:15,18:15,"As a species that has shaped the Earth, humans have transformed their environment like no other species before. With every new technology, our influence—and our responsibility for the future we are shaping—potentially grows.",guided tour,https://ars.electronica.art/negotiatinghumanity/en/view/WEGUIDEYOUHomofuturisDE-37c38ddb450c80eb81ffe889890cceeb/,"Ars Electronica Center, Level 0, Guided Tours & Workshops Desk",registration: https://kupfticket.com/events/ars-electronica-tours-mi-9926-127a3ed543
WE GUIDE YOU: Homo futuris (EN),,10.09,17:15,18:15,"As a species that has shaped the Earth, humans have transformed their environment like no other species before. With every new technology, our influence—and our responsibility for the future we are shaping—potentially grows.",guided tour,https://ars.electronica.art/negotiatinghumanity/en/view/WEGUIDEYOUHomofuturisEN-c3738ddb450c83379f3201d3aa0c858f/,"Ars Electronica Center, Level 0, Guided Tours & Workshops Desk",registration: https://kupfticket.com/events/ars-electronica-tours-mi-9926-7d6b6ced88
Deep Space Selection,,10.09,17:30,18:00,"At Deep Space Selection, we present several times a day a changing selection from our diverse program, which we’ve been continuously developing since 2009. Visitors can look forward to exciting stories and immersive experiences spanning media art, science and technology.",experience,https://ars.electronica.art/negotiatinghumanity/en/view/DeepSpaceSelection-3a438ddb450c8064afbaf2f7cd324cbd/,"Ars Electronica Center, Level 0, Deep Space 8K",registration: https://mailworx.marketingsuite.info/Form?ev=fc3df564-818c-4e9f-a18d-fabb5382c303
Futurelab Networking: Art Science Research,Matthew Gardiner,10.09,17:30,18:15,"Join us in the Futurelab Lounge for a gathering on Art Science Research: Connect with practitioners reframing complex social and scientific issues, share your current projects and meet potential collaborators.",networking event,https://ars.electronica.art/negotiatinghumanity/en/view/FuturelabNetworkingArtScienceResearch-3a538ddb450c8152bf30ee7910c366dd/,"Ars Electronica Center, Level -3, Open Futurelab",
Prix Ars Electronica Insight,"Sabine Hertig & Dirk Koy, Tianji Yu, 2girls1comp, Bruce Eesly, Ryat Yezbick, Aurelijus Čiupas",10.09,17:30,18:30,"This program brings together six works that capture the spirit of this year’s Prix Ars Electronica jury discussions. Five of them received awards, standing out for their artistic intelligence, critical insight and political urgency.",screening,https://ars.electronica.art/negotiatinghumanity/en/view/PrixArsElectronicaInsight-39938ddb450c80ef8414c66523c31119/,"JKU MED Campus, Laboratory Building (LAB), Level 1, JKU medSPACE",
BMW Hydrogen Strategy (EN),Jürgen Guldner,10.09,18:00,18:10,"What role can hydrogen play in tomorrow’s mobility? BMW Group shares its strategy for integrating fuel cell technology into its future vehicle portfolio—highlighting hydrogen as an important energy carrier, an effective storage medium for renewable energy and a complement to battery-electric mobility.",lecture & talk,https://ars.electronica.art/negotiatinghumanity/en/view/BMWHydrogenStrategyEN-2f038ddb450c8366b3ac010417133dce/,splace,
Haunted by Repetition,"Bianca Ludewig, Sashe Urdovski, States of Clay, Stefan Tiefengraber",10.09,18:00,20:00,"Participatory Reading and Discussion: Bianca Ludewig will read from her book Transmedia Festivals – Audio-Social Communities Between Artistic Experimentation and Economization alongside guests. This will be followed by a discussion with sound artists Anna S. Adelt, Stefan Tiefengraber and Sashe Urdovski, who are presenting works at STWST.",lecture & talk,https://ars.electronica.art/negotiatinghumanity/en/view/HauntedbyRepetition-3a938ddb450c800ebb89d1f3f401a41f/,"Ars Electronica Center, Maindeck",
Haunted Herstory: Herzblutwiese Stadtwerkstatt – Screening at Milieukino,"Tanja Brandmayr, Claudia Dworschak",10.09,18:00,20:00,"The essay film Herzblutwiese Stadtwerkstatt addresses feminism, equal rights and gender equality at the Stadtwerkstatt, the longest-running autonomous art and culture space in the city of Linz.",screening,https://ars.electronica.art/negotiatinghumanity/en/view/HauntedHerstoryHerzblutwieseStadtwerkstattScreeningatMilieukino-39838ddb450c807c9aa8c78aadaa6f43/,Stadtwerkstatt,
Perpetual Records,"XCEPT, Chris Cheung Hon Him (h0nh1m), Colette Herry",10.09,18:00,18:30,"Perpetual Records transports visitors into an immersive and ever-evolving crystalline universe that mesmerises and inspires. Drawing inspiration from the Akashic Records, a metaphysical archive of all human experiences, Perpetual Records brings spirituality to life through advanced data processing technology.",screening,https://ars.electronica.art/negotiatinghumanity/en/view/PerpetualRecords-38f38ddb450c81f7850ff2844e7bccd6/,"Ars Electronica Center, Level 0, Deep Space 8K",registration: https://mailworx.marketingsuite.info/Form?ev=082949ed-ae6e-43d6-8643-07434516e100
Sound Campus (THU 10.9.),"DEEP THROAT, Juan Castañeda, Łukasz Romero, Marie-Andrée Pellerin, Marija Jociūtė, Masha Illich, Miguel Francisco, Moritz Kolmbauer, Simon Shimizu, Stanislaw Welbel, Yutong Zhang",10.09,18:00,22:00,"Sound Campus – Listening Underground, explores the movement beneath the surface. It considers the ongoing, divergent processes which are felt but not always seen. To submerge opens up new modes of attention and multi-sensory listening that change our relation with the surrounding.",project,https://ars.electronica.art/negotiatinghumanity/en/view/SoundCampusTHU10.9.-d7b38ddb450c8381b5fc811269022252/,"University of Arts Linz, Hauptplatz 6 (East Building), Courtyard",
Te-En Chen,"Te-En Chen, Milan Conic",10.09,18:00,19:00,"Combining real-time sound processing with synthesizer performance, Te-En Chen creates immersive sonic dialogues between acoustic instruments and electronic textures in interdisciplinary collaborations.",concert,https://ars.electronica.art/negotiatinghumanity/en/view/Te-EnChen-3ad38ddb450c80988124c82f76e3115f/,C. Bechstein Centrum Linz,
Performances at Main Square,,10.09,18:30,19:00,"The Flood the Zone with Courage program presents a series of interventions, each lasting no more than seven minutes. Through diverse artistic approaches, these interventions reimagine protest, exploring the many forms it can take and inviting audiences into concentrated moments of action.",performance,https://ars.electronica.art/negotiatinghumanity/en/view/PerformancesatMainSquare-3a538ddb450c8042a6e2c78244bdcd22/,Main Square Linz,
[not] breaking the cycle,"Darya Sheiko, Darya Kostskina, Zhuojun Li, Luisa Heilbron, Sophie Hofmann, Seojin Moon, Tura Gómez Coll, Bo-Jia Huang, Alina Lugovskaya, Reinier Martinez Badilla, Yasmin Bock, Patricia Soto Molina, Monika Machútová, ShuTing Wang, Kate Yalovetsky, Joann Lee, Ling-Hsuan Hsu",10.09,19:00,19:30,"An exploration of the way we move through different cyclical phases, from order to chaos back to order again. Trying to find the answers to questions, such as: How do things interact when they attract each other? How can what we perceive be distorted? How do things change when they are observed?",performance,https://ars.electronica.art/negotiatinghumanity/en/view/notbreakingthecycle-39138ddb450c813894d6c80a2d176bcd/,"Ars Electronica Center, Level 0, Deep Space 8K",registration: https://mailworx.marketingsuite.info/Form?ev=9334090c-7ed4-4973-ad9b-5c0b6b4d0256
Listen To Each Oida: JALEN MESS,JALEN MESS – FM4,10.09,19:00,20:00,"With a broad spectrum of music genres, including house, techno, psytrance, breaks, tekno, hard dance and drum’n’bass, Jalen Mess captivates her audience with colorful, diverse and exhilarating sets.",performance,https://ars.electronica.art/negotiatinghumanity/en/view/ListenToEachOidaJALENMESS-80538ddb450c8275b78a81401628c626/,Main Square Linz,
Prix Ars Electronica Award Ceremony,,10.09,19:30,22:00,"On this evening, the focus will lie on art—and with it on the exceptional artists who were awarded the Golden Nica of the Prix Ars Electronica in 2026. In addition, the winners of the S+T+ARTS Prize, the AI for Social Impact Initiative and State of the ART(ist) will be asked to come on stage.",award ceremony,https://ars.electronica.art/negotiatinghumanity/en/view/PrixArsElectronicaAwardCeremony-3af38ddb450c8030aef5ce4d4f0e2953/,Design Center Linz,
Inner Radiance,"Kevin Blackistone, Ariathney Coyne, Laura Gagliardi",10.09,20:00,20:30,How can excavating the unseen layers of the human organism permit us to better internalize our human commonalities and connections? This approaches such inquiry through performance in which live ultrasound is used to generate interior volumes within which the dancers interact in self explorations.,performance,https://ars.electronica.art/negotiatinghumanity/en/view/InnerRadiance-38e38ddb450c8108937ace74543497c8/,"Ars Electronica Center, Level 0, Deep Space 8K",registration: https://mailworx.marketingsuite.info/Form?ev=0a23c990-8ed4-4210-a5fc-bf94200a3e6a
Play the Façade,,10.09,20:00,21:00,"Ars Electronica Futurelab’s Play the Façade transforms the Ars Electronica Center into an interactive audiovisual stage within the Linz skyline. Using the local Wi-Fi, visitors can connect to the building with their own smartphones, play music and control the façade’s more than 40,000 LEDs in real time. The Ars Electronica Center thus becomes an instrument that users can play—and the city a share…",project,https://ars.electronica.art/negotiatinghumanity/en/view/PlaytheFaade-38838ddb450c80049ff9d604c744fe53/,"Ars Electronica Center, Façade",
Hack the Façade – Stories,,10.09,21:00,21:30,"The media façade of the Ars Electronica Center is far more than a spectacular, glowing piece of architecture. During the workshop Hack the Façade, it becomes a democratic tool for digital participation, open to all festival visitors.",screening,https://ars.electronica.art/negotiatinghumanity/en/view/HacktheFaadeStories-38f38ddb450c80038603cef06ce04a31/,"Ars Electronica Center, Façade",
Haunted Herstory: Herzblutwiese Stadtwerkstatt – Screening at Milieukino,"Tanja Brandmayr, Claudia Dworschak",10.09,21:00,23:00,"The essay film Herzblutwiese Stadtwerkstatt addresses feminism, equal rights and gender equality at the Stadtwerkstatt, the longest-running autonomous art and culture space in the city of Linz.",screening,https://ars.electronica.art/negotiatinghumanity/en/view/HauntedHerstoryHerzblutwieseStadtwerkstattScreeningatMilieukino-39838ddb450c807c9aa8c78aadaa6f43/,Stadtwerkstatt,
Luminous Patterns,Meister:innenschule für Kommunikationsdesign,10.09,21:30,22:00,"As part of the nextcomic festival, students from the MKD – Master School of Communication Design Linz designed the façade of the Ars Electronica Center. With the watchful gaze of large-scale eyes, pulsating data streams, and the question “Am I AI?”, they transformed the museum into an empathetic entity for one hour each evening, inviting passersby to engage with topics such as surveillance, data…",screening,https://ars.electronica.art/negotiatinghumanity/en/view/LuminousPatterns-38838ddb450c80958e37c6c678718b2d/,"Ars Electronica Center, Façade",
Urban Screen Lab,"Damon Tovbin, Darijo Zeljko Warnecke, Filip Hildebrandt, Hanifa Hannan, Jan Feetje Gemmeke, Jule Potthast, Lilly Kunz, Mohamad Alzhouri, Stefanie Stöckel, Tamara Opferman, Tom Hensel-Moritz",10.09,22:00,23:00,"As part of this laboratory for digital practice, the media façade of the Ars Electronica Center becomes an experimental field for a young generation of media artists. Under the artistic direction of Dawid Liftinger and Karin Balkenhol, six independent works for the iconic façade were created at the Walter-Lübcke-Schule in Wolfhagen, Germany.",project,https://ars.electronica.art/negotiatinghumanity/en/view/UrbanScreenLab-39038ddb450c8099a7f9c62e71d7ebbc/,"Ars Electronica Center, Façade",
Haunted Herstory: Herzblutwiese Stadtwerkstatt – Screening at Milieukino,"Tanja Brandmayr, Claudia Dworschak",11.09,00:00,02:00,"The essay film Herzblutwiese Stadtwerkstatt addresses feminism, equal rights and gender equality at the Stadtwerkstatt, the longest-running autonomous art and culture space in the city of Linz.",screening,https://ars.electronica.art/negotiatinghumanity/en/view/HauntedHerstoryHerzblutwieseStadtwerkstattScreeningatMilieukino-39838ddb450c807c9aa8c78aadaa6f43/,Stadtwerkstatt,
AI for Social Impact – Negotiating Humanity in Times of Crisis,,11.09,10:00,14:00,"Initiated in collaboration with CARE Austria, this conference explores how Artificial Intelligence can contribute to addressing humanitarian, social and environmental challenges. Against the backdrop of growing crises, it highlights initiatives that use AI to improve access to healthcare, education, information, humanitarian services and food security, while strengthening the agency of vulnerable…",conference,https://ars.electronica.art/negotiatinghumanity/en/view/AIforSocialImpactNegotiatingHumanityinTimesofCrisis-3a338ddb450c8063bd12ee537b93e522/,"Ursulinenhof Linz, Ursulinensaal",
Ars Electronica Center Exhibitions,,11.09,10:00,19:00,"Interactive stations, works of art, research projects, large-scale projections and laboratories. The Ars Electronica Center invites you to exciting and inspiring excursions into the future fields of Artificial Intelligence and neuroscience, robotics and autonomous mobility, as well as genetic engineering and biotechnology!",exhibition,https://ars.electronica.art/negotiatinghumanity/en/view/ArsElectronicaCenterExhibitions-34a38ddb450c80cb984ac0ab4598ef15/,Ars Electronica Center,
Ars Electronica Features Exhibition,,11.09,10:00,19:00,"The Ars Electronica Features Exhibition brings together 16 partners presenting artistic and research-based perspectives on the relationship between human intention, algorithmic process and biological life under the festival theme NEGOTIATING HUMANITY – FUTURE BEGINS.",exhibition,https://ars.electronica.art/negotiatinghumanity/en/view/ArsElectronicaFeaturesExhibition-34a38ddb450c80678731f3394eab291f/,Francisco Carolinum,
Ars Electronica Solutions Exhibition,,11.09,10:00,19:00,"What happens behind the scenes at Ars Electronica Solutions? This interactive space for dialogue and experience takes visitors on a journey from the first idea to innovative applications and immersive experiences. Agentic systems accompany them through the exhibition, bringing the processes behind the projects to life.",exhibition,https://ars.electronica.art/negotiatinghumanity/en/view/ArsElectronicaSolutionsExhibition-38b38ddb450c80778cf6e4873babe278/,"Ars Electronica Center, Level -3",
Art & Industry Panel,"Mario von Rickenbach, Simon Christen, Sputniko!",11.09,10:00,11:30,"Mario von Rickenbach, Simon Christen and Sputniko! explore the intersections of animation, technology and society. From interactive games and Pixar’s character animation to speculative design and women’s health, they talk about creative processes, industry experiences and how artistic practices can evolve into meaningful social innovation.",conference,https://ars.electronica.art/negotiatinghumanity/en/view/ArtIndustryPanel-3a538ddb450c80b7ab10e661e2be058a/,"Ars Electronica Center, Level 3, Sky Loft",
Bubble Talk: AI-Guided Exhibition Tour,,11.09,10:00,12:00,"Join an experimental AI-guided exhibition tour with Bubble Talk. Participants create a personalized museum guide based on their interests, discover unexpected connections between artworks, and help shape the future of adaptive exhibition experiences through their feedback.",guided tour,https://ars.electronica.art/negotiatinghumanity/en/view/BubbleTalkAI-GuidedExhibitionTour-3a438ddb450c811fb8c1df1111e31f4b/,"Ars Electronica Center, Level 1, Connected Earth",
Deep Space Selection,,11.09,10:00,10:30,"At Deep Space Selection, we present several times a day a changing selection from our diverse program, which we’ve been continuously developing since 2009. Visitors can look forward to exciting stories and immersive experiences spanning media art, science and technology.",experience,https://ars.electronica.art/negotiatinghumanity/en/view/DeepSpaceSelection-3a438ddb450c8064afbaf2f7cd324cbd/,"Ars Electronica Center, Level 0, Deep Space 8K",registration: https://mailworx.marketingsuite.info/Form?ev=0714e3b0-ecaa-438e-8b01-53fd34345184
EXPANDED 2026,,11.09,10:00,18:00,"The Expanded – Conference on Animation and Interactive Art explores the expanding boundaries of animation across artistic, technological and scientific disciplines. Since 2024, Expanded has been organized as an international peer-reviewed conference featuring a call for scientific and artistic papers and the publication of conference proceedings.",conference,https://ars.electronica.art/negotiatinghumanity/en/view/EXPANDED2026-3a438ddb450c80a49529c7e9882dbc15/,"Ars Electronica Center, Level 3, Sky Loft",
FESTIVAL WALK: Negotiating the Real,,11.09,10:00,19:00,"The exhibition Negotiating the Real – The Desire to Believe explores this year’s festival theme through artworks spread across eight locations throughout Linz. It examines how certainty is socially produced, investigating which claims to truth compete with one another, which become stabilized and which remain marginalized.",exhibition,https://ars.electronica.art/negotiatinghumanity/en/view/FESTIVALWALKNegotiatingtheReal-34a38ddb450c80e59541c1e2a638adce/,OK Platz,
Hello Worlds!,,11.09,10:00,19:00,"How is our understanding of being human changing? Through artistic prototypes, interactive installations, and evolving artworks, Hello Worlds! invites visitors to experience, question and help shape possible futures together. Who will we become? What does it mean to be human?",exhibition,https://ars.electronica.art/negotiatinghumanity/en/view/HelloWorlds-38238ddb450c80c9bdc2e6c2b570d674/,"Ars Electronica Center, Level -3, Hello Worlds!",
Holy Echo,evala,11.09,10:00,17:30,"Beyond the visible: a prayer in resonance. Holy Echo by evala transforms Linz’s Mariendom. Shifting focus from theology to perception, this spatial audio project proposes that a space becomes sacred not through decree, but when human perception is profoundly reorganized through resonance.",exhibition,https://ars.electronica.art/negotiatinghumanity/en/view/HolyEcho-38f38ddb450c8187a872e89a0251e1bf/,St. Mary’s Cathedral,
Intro Session FESTIVAL WALK: Negotiating the Real,,11.09,10:00,18:30,You don’t know where to start? Come join one of our Intro Sessions for the FESTIVAL WALK. Our art educators offer you in-depth insights into selected projects from the exhibition.,guided tour,https://ars.electronica.art/negotiatinghumanity/en/view/IntroSessionFESTIVALWALKNegotiatingtheReal-3a638ddb450c8018a53dcd7313f98207/,Priesterseminar,
JKU Art & Science Tour (EN),"Gregor Pechmann, Denise Atteneder",11.09,10:00,11:00,"Embark on a journey through the JKU MED Campus and discover one of the festival’s most inspiring hubs. From research to artistic exploration, the tour reveals where science, creativity and future visions converge through JKU projects exploring the dialogue between art, technology and society.",guided tour,https://ars.electronica.art/negotiatinghumanity/en/view/JKUArtScienceTourEN-3a638ddb450c819aa2fec61b194dc0b0/,"JKU MED Campus, Administration Building (ADM), Infodesk",registration: https://kupfticket.com/events/jku-med-campus-tours-db3a14fa07
LIT—Linz Institute of Technology Exhibition,,11.09,10:00,19:00,JKU scientists exchange inspiring ideas with locally and internationally renowned artists to create a platform to discuss and experience research at the intersection with art in a playful manner.,exhibition,https://ars.electronica.art/negotiatinghumanity/en/view/LITLinzInstituteofTechnologyExhibition-34a38ddb450c8068a57fe12cc2f48e1a/,,
Negotiating Beyond Humanity,Masha Zolotova,11.09,10:00,19:00,"While the festival theme NEGOTIATING HUMANITY – FUTURE BEGINS proposes that humanity is not a fixed condition, but an ongoing process of negotiation, Negotiating Beyond Humanity expands this horizon by turning towards the more-than-human beings.",exhibition,https://ars.electronica.art/negotiatinghumanity/en/view/NegotiatingBeyondHumanity-38338ddb450c80b394f8d7c836a5ba35/,"Ursulinenhof Linz, Attic",
Negotiating Humanity,,11.09,10:00,18:00,"Featuring six award-winning works from the Prix Ars Electronica 2026 and the European Commission’s STARTS Prize 2026, this exhibition explores what it means to be human. The diverse artistic perspectives challenge familiar assumptions and invite visitors to negotiate humanity anew.",exhibition,https://ars.electronica.art/negotiatinghumanity/en/view/NegotiatingHumanity-34a38ddb450c80b59fb5e33469d2912b/,Lentos Kunstmuseum,
Open Futurelab – Exhibition,,11.09,10:00,19:00,"Open Futurelab makes artistic research visible as it happens: through prototypes, interactive installations and experiments that invite visitors to question, imagine, and actively shape possible futures.",exhibition,https://ars.electronica.art/negotiatinghumanity/en/view/OpenFuturelabExhibition-34a38ddb450c80eb87d7e2feb36ce9b0/,"Ars Electronica Center, Level -3, Open Futurelab",
Opening Remarks,"Gerfried Stocker, Andrea Barschdorf-Hager",11.09,10:00,10:15,"Andrea Barschdorf-Hager, CEO of CARE Austria and Gerfried Stocker, Artistic Director of Ars Electronica, open the day by reflecting on the collaboration between the two organizations and the shared questions that bring the worlds of humanitarian action, art, technology and innovation together.",lecture & talk,https://ars.electronica.art/negotiatinghumanity/en/view/OpeningRemarks-3a338ddb450c802b8b18ef6d7ce8177e/,"Ursulinenhof Linz, Ursulinensaal",
RIECS Summit: Designing the Future of Citizen Science Infrastructure,"Andrea Sforzi, Oliver Stummer, Reda Cimmperman, Dr. John Terenzini, Christine Marizzi, Sandra Zänkert, Tim Kiessling, Dobrivoje Lale Eric, Teije Terhorst, Nicola Vuolo",11.09,10:00,18:00,"The RIECS-Concept Summit brings together experts, external associates and project partners at the mid-point of the RIECS-Concept journey to work on designing the future of citizen science infrastructure. Together, we'll reflect on what has been built so far, consider what comes next, and mark the transition from the first phase into the project's second and final phase.",workshop,https://ars.electronica.art/negotiatinghumanity/en/view/RIECSSummitDesigningtheFutureofCitizenScienceInfrastructure-39838ddb450c80948176e6172575df9c/,"JKU MED Campus, Administration Building (ADM), JKU medLOFT (9th floor)",
Spotlight Tour FESTIVAL WALK: Negotiating the Real (DE),,11.09,10:00,11:30,"How do we negotiate reality? How does community form, both among us humans and with other living beings? What systems of belief shape the conflicts we face in this process and what role does technology play?",guided tour,https://ars.electronica.art/negotiatinghumanity/en/view/SpotlightTourFESTIVALWALKNegotiatingtheRealDE-39538ddb450c804cb40efcf4008dd0f2/,"OK Platz, WE GUIDE YOU Meeting Point",registration: https://kupfticket.com/events/spotlight-tour-festival-walk-negotiating-the-real-4d3e0061a6
u19—create your world Exhibition,,11.09,10:00,19:00,The exhibition showcases the 23 winning projects in the u19—create your world category of the Prix Ars Electronica 2026.,exhibition,https://ars.electronica.art/negotiatinghumanity/en/view/u19createyourworldExhibition-38438ddb450c815a91aac30837379922/,,
Open Futurelab Tour (EN),,11.09,10:15,11:15,"In this guided tour, you experience prototypes, installations and the new exhibition Hello Worlds! by the artistic R&D laboratory and atelier Ars Electronica Futurelab.",guided tour,https://ars.electronica.art/negotiatinghumanity/en/view/OpenFuturelabTourEN-57838ddb450c836199a1014a64eadb52/,"Ars Electronica Center, Level 0, Guided Tours & Workshops Desk",registration: https://kupfticket.com/events/ars-electronica-center-tours-fr-119-69f91d3dc4
Opening Keynote,Hito Steyerl,11.09,10:15,10:45,Hito Steyerl’s opening keynote sets the conceptual framework for AI for Social Impact – Negotiating Humanity in Times of Crisis.,keynote,https://ars.electronica.art/negotiatinghumanity/en/view/OpeningKeynote-3a338ddb450c80e7bf78dde1f3e8cbaf/,"Ursulinenhof Linz, Ursulinensaal",
Deep Space Cities: Shared Immersive Futures,,11.09,10:30,11:30,"Deep Space Cities explores how immersive spaces can become shared infrastructure for culture, science education and exchange—rooted in local identities and connected through an international network.",networking event,https://ars.electronica.art/negotiatinghumanity/en/view/DeepSpaceCitiesSharedImmersiveFutures-39138ddb450c808b8311f9051f5d5332/,"OK Linz, voestalpine OPEN SPACE",registration: https://mailworx.marketingsuite.info/Form?frm=2a774995-3a66-4209-8320-347d787bb755
Intro Session: Negotiating Beyond Humanity,,11.09,10:30,18:30,You don’t know where to start? Come join one of our Intro Sessions. Our art educators offer you in-depth insights into selected projects from the festival's most important exhibitions.,guided tour,https://ars.electronica.art/negotiatinghumanity/en/view/IntroSessionNegotiatingBeyondHumanity-46538ddb450c82f09844019031627a02/,"Ursulinenhof Linz, Attic",
Intro Session: Negotiating Humanity,,11.09,10:30,18:00,You don’t know where to start? Come join one of our Intro Sessions. Our art educators offer you in-depth insights into selected projects from the festival’s most important exhibitions.,guided tour,https://ars.electronica.art/negotiatinghumanity/en/view/IntroSessionNegotiatingHumanity-39138ddb450c809d8d81dd85268614f5/,Lentos Kunstmuseum,
Minute Paintings / Pictures of an Exhibition,Gerhard Funk,11.09,10:30,11:30,"Users encounter seven blank, framed canvases presented in the Petersburg style on the wall, which they can paint together one after the other using various techniques. These techniques are inspired by the works of different artists. This is the latest work in Gerhard Funk’s ”Cooperative Aesthetics” series.",experience,https://ars.electronica.art/negotiatinghumanity/en/view/MinutePaintingsPicturesofanExhibition-37b38ddb450c815a9cc0ebed8dfd2628/,"Ars Electronica Center, Level 0, Deep Space 8K",registration: https://mailworx.marketingsuite.info/Form?ev=bf74e4c5-b6b5-4987-a3f6-478628e25603
HandsOn: Man x Machine,,11.09,10:45,11:15,"How close can robots actually get to us? From prosthetics that replace lost abilities, and exoskeletons that support and strengthen us, to robots that accompany and assist us—this HandsOn presentation demonstrates robotics as a technology of closeness.",experience,https://ars.electronica.art/negotiatinghumanity/en/view/HandsOnManxMachine-39738ddb450c80309d0cc9653b295675/,"Ars Electronica Center, Level -1",
"One in seven: Austria 1946, Uganda 2026—who gets to be a person in a crisis?",Apollo B. Gabazira,11.09,10:45,11:05,"This keynote explores how visibility, data and global attention shape our understanding of humanitarian crises and asks what this means as Artificial Intelligence becomes increasingly influential in humanitarian and social impact work.",keynote,https://ars.electronica.art/negotiatinghumanity/en/view/OneinsevenAustria1946Uganda2026whogetstobeapersoninacrisis-3a338ddb450c8027ae20ed2bcf3149a9/,"Ursulinenhof Linz, Ursulinensaal",
Ars Electronica Campus Exhibition,,11.09,11:00,20:00,"Co-hosted by Ars Electronica and the University of Arts Linz, 45 universities from across the world gather at Ars Electronica Campus Exhibition 2026. Together they create a temporary, imperfect, necessary space where NEGOTIATING HUMANITY is not a theme but a practice.",exhibition,https://ars.electronica.art/negotiatinghumanity/en/view/ArsElectronicaCampusExhibition-34a38ddb450c8099aa01fc4acd2346bf/,University of Arts Linz,
Austrian Panorama,"Jana Welte, Laura-Christina Palmetshofer, Pia Putz, Rosa Ressi & Ramona Kranzl, S fia Braga, Michael Heindl, Claudia Larcher",11.09,11:00,12:00,"Austrian Panorama presents a selection of the most compelling Austrian works submitted to the Prix Ars Electronica 2026 in the New Animation Art category. Following the screening, participating filmmakers and artists will join the audience for a Q&A.",screening,https://ars.electronica.art/negotiatinghumanity/en/view/AustrianPanorama-39938ddb450c806d854ff84c6958c049/,"JKU MED Campus, Laboratory Building (LAB), Level 1, JKU medSPACE",
behind the scenes,Akademie des Österreichischen Films,11.09,11:00,13:00,Various associations and film professionals offer open workshops providing insights into their work on a film set.,open lab,https://ars.electronica.art/negotiatinghumanity/en/view/behindthescenes-3c738ddb450c800fae73f0ee20da5bdb/,"JKU MED Campus, Plaza",
Expanded Play Gallery – Exhibition of Playful Media,,11.09,11:00,19:30,"Now in its third edition, the Expanded Play Gallery features a curated selection of interactive works that address a wide range of topics through the medium of play.",exhibition,https://ars.electronica.art/negotiatinghumanity/en/view/ExpandedPlayGalleryExhibitionofPlayfulMedia-34a38ddb450c800f93f1e2e284d718b8/,Atelierhaus Salzamt,
fem(with)me,Black Pearl de Almeida Lima,11.09,11:00,13:00,"Meet Black Pearl, protagonist of the Extended Reality work OYA, for a hands-on Ballroom workshop. Dive into European Runway—an expressive, feminine walk of technique, poses and turns. Open to all, especially LGBTQIA+ and BIPOC participants, this is a space to celebrate authenticity and self-expression.",workshop,https://ars.electronica.art/negotiatinghumanity/en/view/femwithme-3a638ddb450c816496a2dc366302aef5/,,registration: https://mailworx.marketingsuite.info/Form?frm=33f20622-5d5d-45a3-b887-ff282b16d9c4
Leonardo LASER Talks Linz – Lab Songs Vol. III: Stardust Paella,"Theresa Kofler, Ivan Sukovic, Victoria Vesna, Fabricio Lamoncha",11.09,11:00,20:00,"Leonardo LASER is an international program that brings together artists, scientists, academics and the public to share their work and inspire one another through presentations, performances and discussions.",lecture & talk,https://ars.electronica.art/negotiatinghumanity/en/view/LeonardoLASERTalksLinzLabSongsVol.IIIStardustPaella-37c38ddb450c819cb0f3dab71d34305d/,,
"Media Art Practice: collaborate, conserve, context and intentionality","Christa Sommerer, Victoria Vesna, Paul Thomas, Mike Phillips, Laurent Mignonneau, Jaime de los Rios, Vicente Matallana, Jaime de los Ríos, Vale Vicente Matallana",11.09,11:00,13:00,"The NEWART Foundation, cordially invites artists, practitioners, academics and historians to attend this participatory workshop to discuss key questions on collaboration, conservation, context and intentionality from artists' perspective on the sustainability of media art practice.",workshop,https://ars.electronica.art/negotiatinghumanity/en/view/MediaArtPracticecollaborateconservecontextandintentionality-39e38ddb450c816c8432e7e6ef61cfe9/,"Ursulinenhof Linz, Gewölbesaal",registration: https://mailworx.marketingsuite.info/Form?frm=18eb3de2-df96-453b-a92d-6db5cf3e18dc
Meet the Artist: Exploring the Art-Research Project ”Echoes of the Abyss” – Revealing the Ocean’s Hidden Histories and Geopolitical Scars,"Tina Dolinšek, Robertina Šebjanič, Robertina Šebjanič and Tina Dolinšek",11.09,11:00,11:45,This Meet the Artist event with Robertina Šebjanič (artist) and Tina Dolinšek (Projekt Atol) dives into the toxic legacies of geopolitical conflicts reflected through dumped chemical munitions and unexploded ordnance in the marine environments.,meet the artist,https://ars.electronica.art/negotiatinghumanity/en/view/MeettheArtistExploringtheArt-ResearchProjectEchoesoftheAbyssRevealingtheOceansHiddenHistoriesandGeopoliticalScars-3ac38ddb450c81f49c3cce9808b7590d/,,
Spotlight Tour FESTIVAL WALK: Negotiating the Real (DE),,11.09,11:00,12:30,"How do we negotiate reality? How does community form, both among us humans and with other living beings? What systems of belief shape the conflicts we face in this process and what role does technology play?",guided tour,https://ars.electronica.art/negotiatinghumanity/en/view/SpotlightTourFESTIVALWALKNegotiatingtheRealDE-39538ddb450c804cb40efcf4008dd0f2/,"OK Platz, WE GUIDE YOU Meeting Point",registration: https://kupfticket.com/events/spotlight-tour-festival-walk-negotiating-the-real-bee842f7a8
Spotlight Tour FESTIVAL WALK: Negotiating the Real (EN),,11.09,11:00,12:30,"How do we negotiate reality? How does community form, both among us humans and with other living beings? What systems of belief shape the conflicts we face in this process and what role does technology play?",guided tour,https://ars.electronica.art/negotiatinghumanity/en/view/SpotlightTourFESTIVALWALKNegotiatingtheRealEN-39538ddb450c804487b4d97d74b94fc8/,"OK Platz, WE GUIDE YOU Meeting Point",registration: https://kupfticket.com/events/spotlight-tour-festival-walk-negotiating-the-real-1865fd5bcc
Who Shapes the Future?,"Jerry Tuan, Archana Prasad, moderated by Andrea Barschdorf-Hager",11.09,11:05,11:45,Who gets to shape the future of Artificial Intelligence—and whose voices risk being left out?,lecture & talk,https://ars.electronica.art/negotiatinghumanity/en/view/WhoShapestheFuture-3a338ddb450c808caaf3d5f38b4fdb73/,"Ursulinenhof Linz, Ursulinensaal",
WE GUIDE YOU: Homo futuris (DE),,11.09,11:15,12:15,"As a species that has shaped the Earth, humans have transformed their environment like no other species before. With every new technology, our influence—and our responsibility for the future we are shaping—potentially grows.",guided tour,https://ars.electronica.art/negotiatinghumanity/en/view/WEGUIDEYOUHomofuturisDE-37c38ddb450c80eb81ffe889890cceeb/,"Ars Electronica Center, Level 0, Guided Tours & Workshops Desk",registration: https://kupfticket.com/events/ars-electronica-tours-mi-9926-9bdf3b424e
WE GUIDE YOU: Homo futuris (EN),,11.09,11:15,12:15,"As a species that has shaped the Earth, humans have transformed their environment like no other species before. With every new technology, our influence—and our responsibility for the future we are shaping—potentially grows.",guided tour,https://ars.electronica.art/negotiatinghumanity/en/view/WEGUIDEYOUHomofuturisEN-c3738ddb450c83379f3201d3aa0c858f/,"Ars Electronica Center, Level 0, Guided Tours & Workshops Desk",registration: https://kupfticket.com/events/ars-electronica-tours-mi-9926-fea4d45390
Artist Perspectives: Prix Ars Electronica 2026,"Ryat Yezbick, Veneta Androva, Andrew Herzog",11.09,11:30,13:00,"Andrew Herzog, Golden Nica winner, and Honorary Mention recipients Ryat Yezbick and Veneta Androva share insights into their artistic practices, offering a glimpse beyond the works recognized in the New Animation Art category of Prix Ars Electronica 2026.",conference,https://ars.electronica.art/negotiatinghumanity/en/view/ArtistPerspectivesPrixArsElectronica2026-3a538ddb450c809f97e4c5cdd67d1c72/,"Ars Electronica Center, Level 3, Sky Loft",
Perpetual Records,"XCEPT, Chris Cheung Hon Him (h0nh1m), Colette Herry",11.09,11:30,12:00,"Perpetual Records transports visitors into an immersive and ever-evolving crystalline universe that mesmerises and inspires. Drawing inspiration from the Akashic Records, a metaphysical archive of all human experiences, Perpetual Records brings spirituality to life through advanced data processing technology.",screening,https://ars.electronica.art/negotiatinghumanity/en/view/PerpetualRecords-38f38ddb450c81f7850ff2844e7bccd6/,"Ars Electronica Center, Level 0, Deep Space 8K",registration: https://mailworx.marketingsuite.info/Form?ev=dbfbda80-8ca6-402c-b208-4a7fa2828703
Wicked Mirror: Negotiating Ourselves,"Anna Minta, Bernd Ziegler, Andreas Refsgaard, Sofie Burgos-Thorsen",11.09,11:30,12:00,"Wicked Mirror confronts visitors with an AI-generated version of themselves that argues the opposite position. Together with the artists, researchers of the Catholic Private University Linz discuss how AI transforms identity, empathy and democratic dialogue—and what it means to negotiate with ourselves in the age of Artificial Intelligence.",lecture & talk,https://ars.electronica.art/negotiatinghumanity/en/view/WickedMirrorNegotiatingOurselves-3a538ddb450c81539ebcfafd0173fea9/,"Catholic Private University Linz, Courtyard",
AI for Social Impact Award: Insights from the Jury & Introduction to the Initiative,"Andrea Barschdorf-Hager, Gerfried Stocker",11.09,11:45,11:55,"How can Artificial Intelligence contribute to meaningful social change—and what does it take for an AI-driven project to create impact that is not only innovative, but also responsible, inclusive and sustainable?",lecture & talk,https://ars.electronica.art/negotiatinghumanity/en/view/AIforSocialImpactAwardInsightsfromtheJuryIntroductiontotheInitiative-3a338ddb450c80719142d6035b0c3e9b/,"Ursulinenhof Linz, Ursulinensaal",
HandsOn: Neuro-Bionics,,11.09,11:45,12:15,"There is a worm in our robot! At least its brain—because a worm’s nervous system can already be “copied” into a machine. But even the human brain, with all the data it produces, can already be read and interpreted well by using EEG and brain/computer interfaces, and can even control things outside the body.",experience,https://ars.electronica.art/negotiatinghumanity/en/view/HandsOnNeuro-Bionics-0ad38ddb450c8270822a01d8ad81733d/,"Ars Electronica Center, Level -3",
"12.5 square meters—space for a car, or…","Klasse 1b, Mittelschule Kettenbrücke, Elisabeth Berger, Alexander Janus",11.09,12:00,14:00,The project started with an empty parking space in the schoolyard and the children’s complaints about the lack of space to move around.,project,https://ars.electronica.art/negotiatinghumanity/en/view/12.5squaremetersspaceforacaror-3b238ddb450c804ba348d76e96e8e557/,C. Bechstein Centrum Linz,
Deep Space Selection,,11.09,12:00,12:30,"At Deep Space Selection, we present several times a day a changing selection from our diverse program, which we’ve been continuously developing since 2009. Visitors can look forward to exciting stories and immersive experiences spanning media art, science and technology.",experience,https://ars.electronica.art/negotiatinghumanity/en/view/DeepSpaceSelection-3a438ddb450c8064afbaf2f7cd324cbd/,"Ars Electronica Center, Level 0, Deep Space 8K",registration: https://mailworx.marketingsuite.info/Form?ev=42f96221-5334-46f7-a118-06f6b5ea964f
Renewable Hydrogen for resilient and emission-free Mobility Systems,Michael Csar,11.09,12:00,12:10,"Resilient mobility requires a sustainable energy source. Renewable hydrogen reduces dependence on fossil fuels and opens up new avenues for decarbonizing transportation, logistics and industrial applications.",lecture & talk,https://ars.electronica.art/negotiatinghumanity/en/view/RenewableHydrogenforresilientandemission-freeMobilitySystems-3ac38ddb450c81358883f5c2b6d4d6d4/,splace,
Spotlight Tour FESTIVAL WALK: Negotiating the Real (EN),,11.09,12:00,13:30,"How do we negotiate reality? How does community form, both among us humans and with other living beings? What systems of belief shape the conflicts we face in this process and what role does technology play?",guided tour,https://ars.electronica.art/negotiatinghumanity/en/view/SpotlightTourFESTIVALWALKNegotiatingtheRealEN-39538ddb450c804487b4d97d74b94fc8/,"OK Platz, WE GUIDE YOU Meeting Point",registration: https://kupfticket.com/events/spotlight-tour-festival-walk-negotiating-the-real-c836e7f027
The Elon Musk Antagonist,"Maria Muhar, Herbert Kotschnig",11.09,12:00,12:30,"Elon Musk wielded a chainsaw against public services, social and environmental rights. Attac flips it: Within the participative performances people can oppose the power of billionaires, tech oligarchs and the ultra-rich. Come and watch how power gets dismantled and alternatives built.",performance,https://ars.electronica.art/negotiatinghumanity/en/view/TheElonMuskAntagonist-39738ddb450c81088b6fe52306e932ad/,Main Square Linz,
The Humanity Negotiation Quest,,11.09,12:00,12:30,"Guide yourself through the FESTIVAL WALK, win negotiation points, collect hidden treasures. Discover your humanity negotiation profile and get recommendations for what festival pieces to see next.",experience,https://ars.electronica.art/negotiatinghumanity/en/view/TheHumanityNegotiationQuest-3b838ddb450c80f1a438ea41018d28e6/,OK Platz,
The Next Chapter: Lessons Learned and Futures Beyond S+T+ARTS,Masha Zolotova,11.09,12:00,13:00,"Following the launch of the “Science + Technology + Arts: Lessons Learned from a Decade of Transdisciplinary Innovation” publication, we invite STARTS partners, participating organizations and the wider art-science-technology community to reflect on the program’s legacy.",networking event,https://ars.electronica.art/negotiatinghumanity/en/view/TheNextChapterLessonsLearnedandFuturesBeyondSTARTS-39138ddb450c80b39c11c0f58a6f5bd1/,"OK Linz, voestalpine OPEN SPACE",registration: https://mailworx.marketingsuite.info/Form?frm=9409facb-52fd-40e5-8a5d-7e010fdc061b
AI for Social Impact Award: The award winning projects,"Rafael Lozano-Hemmer, Oluwaseun Kayode, Eniola Benson, Esther Kimani, Shadi Henchiri",11.09,12:10,13:00,"What does it look like when Artificial Intelligence is designed not simply to innovate, but to respond to real social and humanitarian needs?",lecture & talk,https://ars.electronica.art/negotiatinghumanity/en/view/AIforSocialImpactAwardTheawardwinningprojects-3a338ddb450c805baf61ce7e02fd9073/,"Ursulinenhof Linz, Ursulinensaal",
Hello Worlds! Futurelab Tour (DE),,11.09,12:15,12:45,"Explore Hello Worlds! together with the people behind the project. Researchers, artists, designers, developers and collaboration partners guide you through the exhibition, sharing the ideas, technologies and research behind the works—and, if you like, continue the conversation afterwards.",guided tour,https://ars.electronica.art/negotiatinghumanity/en/view/HelloWorldsFuturelabTourDE-3a038ddb450c81a082addecc3a0f5031/,"Ars Electronica Center, Level 0, Guided Tours & Workshops Desk",registration: https://kupfticket.com/events/ars-electronica-center-tours-fr-119-ea47eef521
Best Student Animations from HSLU,Students from HSLU,11.09,12:30,13:30,"This screening presents a selection of 13 student films from the Animation program at Lucerne School of Design, Film and Art (HSLU), one of the world’s leading institutions for animation education.",screening,https://ars.electronica.art/negotiatinghumanity/en/view/BestStudentAnimationsfromHSLU-39938ddb450c80f49c55d81e4d0dc25b/,"JKU MED Campus, Laboratory Building (LAB), Level 1, JKU medSPACE",
Militarisation Myth-Buster Training,,11.09,12:30,14:00,"How do we respond to the accusation that advocating for peace in times of geopolitical power struggles is naive or idealistic? In this workshop, participants will practice well-reasoned counterarguments, discussion skills and learn how to engage in dialogue.",workshop,https://ars.electronica.art/negotiatinghumanity/en/view/MilitarisationMyth-BusterTraining-39138ddb450c81c29dfde66337ae2140/,Main Square Linz,
The Last Judgement Triptych by Hieronymus Bosch,"Sabine Folie, Claudia Koch",11.09,12:30,13:00,Hieronymus Bosch’s The Last Judgement Triptych is one of the great masterpieces of fine arts history. This presentation guides you through the figure-rich visual world of the 500-year-old painting and the gigapixel reveals the tiniest details that are barely visible to the naked eye on the original.,experience,https://ars.electronica.art/negotiatinghumanity/en/view/TheLastJudgementTriptychbyHieronymusBosch-39238ddb450c814ea5f9f798db70295c/,"Ars Electronica Center, Level 0, Deep Space 8K",registration: https://mailworx.marketingsuite.info/Form?ev=6e030317-2493-4d49-b92d-ae0995f7bcd7
Bubble Talk: AI-Guided Exhibition Tour,,11.09,13:00,15:00,"Join an experimental AI-guided exhibition tour with Bubble Talk. Participants create a personalized museum guide based on their interests, discover unexpected connections between artworks, and help shape the future of adaptive exhibition experiences through their feedback.",guided tour,https://ars.electronica.art/negotiatinghumanity/en/view/BubbleTalkAI-GuidedExhibitionTour-3a438ddb450c811fb8c1df1111e31f4b/,"Ars Electronica Center, Level 1, Connected Earth",
Creative Coding Open House (FRI 11.9.),"Amir Bastan, Cécile Bucher, Chris Coleman, Raphaël de Courville, Joreg",11.09,13:00,18:00,"Contribute to creative coding by exploring first steps: making tutorials, writing documentation, adding language support and committing code. Gain hands-on experience supporting communities and the open-source tools that you rely on.",open lab,https://ars.electronica.art/negotiatinghumanity/en/view/CreativeCodingOpenHouseFRI11.9.-3a838ddb450c8145a55bc3a79dfd6046/,PopUp Store,
Deep Space Selection,,11.09,13:00,13:30,"At Deep Space Selection, we present several times a day a changing selection from our diverse program, which we’ve been continuously developing since 2009. Visitors can look forward to exciting stories and immersive experiences spanning media art, science and technology.",experience,https://ars.electronica.art/negotiatinghumanity/en/view/DeepSpaceSelection-3a438ddb450c8064afbaf2f7cd324cbd/,"Ars Electronica Center, Level 0, Deep Space 8K",registration: https://mailworx.marketingsuite.info/Form?ev=a5705b69-a86d-40fe-bf54-783189d394db
Hello Worlds! Behind the Prototype: Resonance Loom,"Johannes Pöll, Cailean Finn, Maria Pfeifer, Takuma Suzuki, Misako Kawata, Takashi Nishimura",11.09,13:00,13:30,What do weaving and AI have in common? Explore this question together with the Ars Electronica Futurelab team behind the Resonance Loom in the new Hello Worlds! exhibition and platform in the Ars Electronica Center.,open lab,https://ars.electronica.art/negotiatinghumanity/en/view/HelloWorldsBehindthePrototypeResonanceLoom-3a038ddb450c81999163f10a54cdcaa0/,"Ars Electronica Center, Level -3, Open Futurelab",
Hydrogen at the BMW Group Plant Steyr,Oliver Fürst and Bernhard Aichhorn,11.09,13:00,13:10,"At BMW Group Plant Steyr, more than 40 years of expertise meet the next generation of hydrogen technology. The team is contributing to the pre-series development of the third-generation fuel cell system and preparing for series production of the hydrogen drivetrain.",lecture & talk,https://ars.electronica.art/negotiatinghumanity/en/view/HydrogenattheBMWGroupPlantSteyr-3ad38ddb450c8112af0bc1f863a616a5/,splace,
Live Cinema Lab,Lukas Strasser,11.09,13:00,18:00,"The Live Cinema Lab invites participants to become part of a filmmaking process. Within an open installation, they experience different departments of filmmaking and their interplay firsthand through experimenting, exploring and collaboratively developing a scene.",open lab,https://ars.electronica.art/negotiatinghumanity/en/view/LiveCinemaLab-3a738ddb450c802b8dbfe3224df28ed1/,"JKU MED Campus, Plaza",
Negotiating Humanity,"Reshma Aziz Khan, Milagros Miceli, Eniola Benson, Shadi Henchiri, Vivian Tabeth moderated by Reshma Khan",11.09,13:00,13:55,"Bringing the symposium to a close, this panel explores what it means to keep humanity at the center of Artificial Intelligence in humanitarian action.",panel discussion,https://ars.electronica.art/negotiatinghumanity/en/view/NegotiatingHumanity-3a338ddb450c80419c52ca6af6074875/,"Ursulinenhof Linz, Ursulinensaal",
Networking Event hosted by the Creative Industries Fund NL,,11.09,13:00,15:00,"The Creative Industries Fund NL, CIIIC and Ars Electronica Festival warmly invite you to this networking gathering, where you will have the opportunity to get to know more about five consortia dedicated to artistic and design research for immersive experiences consisting of makers, producers, cultural institutions and researchers.",networking event,https://ars.electronica.art/negotiatinghumanity/en/view/NetworkingEventhostedbytheCreativeIndustriesFundNL-3a338ddb450c8075a20fd7cb71e93b30/,"OK Linz, OK-DECK",registration: https://mailworx.marketingsuite.info/Form?frm=338ce4a8-9ea6-4782-b76f-a6c1835b45a7
Press Start – RADICAL GAMING Performance,"Rajiv Bhagwanbali, Anna Hazarian, Philipp “Flip” Kroll, Alina Lugovskaya",11.09,13:00,13:10,"Dance and gaming experience merge together in this performance which explores belonging, recognition and the darker sides of online communities.",performance,https://ars.electronica.art/negotiatinghumanity/en/view/PressStartRADICALGAMINGPerformance-dec38ddb450c832fb6d901f9e7afa93c/,"JKU MED Campus, Teaching Building (LEH), Level 0, Lecture Hall 2",
Reality Screenshot,,11.09,13:00,14:00,"Reality Screenshot is a hybrid evolution of [ The Frame ], blending street theater and data visualization. Created by Eléctrico 28 and Domestic Data Streamers, it unfolds as a “Human Artificial Intelligence” interpreting the constant present of public space, revealing what often goes unnoticed.",performance,https://ars.electronica.art/negotiatinghumanity/en/view/RealityScreenshot-3a238ddb450c8181b372cef14fb5fd53/,"Main Square Linz, Hauptplatz 11",registration: https://mailworx.marketingsuite.info/Form?frm=d23dda96-a015-4ea0-9589-6c0f6bc4e456
Robots in the City,,11.09,13:00,16:30,The future is going for a walk through Linz. Humanoid robots and robot dogs are leaving the festival grounds to roam the heart of the city.,performance,https://ars.electronica.art/negotiatinghumanity/en/view/RobotsintheCity-3c038ddb450c808095efc5357efb47bf/,OK Platz,
Spotlight Tour FESTIVAL WALK: Negotiating the Real (DE),,11.09,13:00,14:30,"How do we negotiate reality? How does community form, both among us humans and with other living beings? What systems of belief shape the conflicts we face in this process and what role does technology play?",guided tour,https://ars.electronica.art/negotiatinghumanity/en/view/SpotlightTourFESTIVALWALKNegotiatingtheRealDE-39538ddb450c804cb40efcf4008dd0f2/,"OK Platz, WE GUIDE YOU Meeting Point",registration: https://kupfticket.com/events/spotlight-tour-festival-walk-negotiating-the-real-c9629091a5
Where Is the Sound Hiding?,,11.09,13:00,13:45,"The C. Bechstein Centrum Linz invites children on a journey into the world of pianos and grand pianos, full of opportunities to discover, explore and try things out for themselves.",workshop,https://ars.electronica.art/negotiatinghumanity/en/view/WhereIstheSoundHiding-3a338ddb450c80c599dff86fc1090c64/,C. Bechstein Centrum Linz,
WE GUIDE YOU: Homo futuris (DE),,11.09,13:15,14:15,"As a species that has shaped the Earth, humans have transformed their environment like no other species before. With every new technology, our influence—and our responsibility for the future we are shaping—potentially grows.",guided tour,https://ars.electronica.art/negotiatinghumanity/en/view/WEGUIDEYOUHomofuturisDE-37c38ddb450c80eb81ffe889890cceeb/,"Ars Electronica Center, Level 0, Guided Tours & Workshops Desk",registration: https://kupfticket.com/events/ars-electronica-tours-mi-9926-2be9484e49
WE GUIDE YOU: Homo futuris (EN),,11.09,13:15,14:15,"As a species that has shaped the Earth, humans have transformed their environment like no other species before. With every new technology, our influence—and our responsibility for the future we are shaping—potentially grows.",guided tour,https://ars.electronica.art/negotiatinghumanity/en/view/WEGUIDEYOUHomofuturisEN-c3738ddb450c83379f3201d3aa0c858f/,"Ars Electronica Center, Level 0, Guided Tours & Workshops Desk",registration: https://kupfticket.com/events/ars-electronica-tours-mi-9926-d767cf890d
Interactive Brosch – Red Dinosaurs,"Nils Gallist, Juergen Hagler, Celine Pham, Sara Trawöger, Alexander Wilhelm, Lisa Gierlinger, Norbert Artner",11.09,13:30,14:00,"Interactive Brosch presents Klemens Brosch’s unfinished masterpiece Red Dinosaurs as a gigapixel artwork, an abstract animated film and an interactive world. Blending art archives, storytelling and media art, the project invites visitors to explore and experience cultural heritage in new ways.",experience,https://ars.electronica.art/negotiatinghumanity/en/view/InteractiveBroschRedDinosaurs-38438ddb450c81c2afdaddd9e3b72fa7/,"Ars Electronica Center, Level 0, Deep Space 8K",registration: https://mailworx.marketingsuite.info/Form?ev=404462fa-649e-4c47-8698-03289416869e
Networking: Art Thinking,"Emiko Ogawa, Laura Welzenbach, Anna Weiss, Hideaki Ogawa",11.09,13:30,14:15,"This informal gathering is an invitation to explore what Art Thinking means in practice, to exchange ideas and connect with others interested in shaping the futures.",networking event,https://ars.electronica.art/negotiatinghumanity/en/view/NetworkingArtThinking-3a538ddb450c804dbad4ee79b9e55359/,"Ars Electronica Center, Level -3, Open Futurelab",
Olfactory Biome: The Smell is the Message!,"Maki Ueda, Civic Creative Base Tokyo",11.09,13:30,15:30,Create your own fragrance for the Olfactory Biome installation by using pheromone-like compounds and scent molecules that attract and repel. Make a fragrance that expresses your mood and experience how chemical signals shape social interactions and our sense of distance.,workshop,https://ars.electronica.art/negotiatinghumanity/en/view/OlfactoryBiomeTheSmellistheMessage-38f38ddb450c8163a6bdc48188c053a1/,"Ursulinenhof Linz, Gewölbesaal",registration: https://mailworx.marketingsuite.info/Form?frm=da07ee01-d305-45e8-867c-e4523fb2428a
From AI for Good to AI for Action,Andrea Barschdorf-Hager,11.09,13:55,14:00,The closing remarks summarize the key insights of the symposium and emphasize the transition from dialogue to implementation.,lecture & talk,https://ars.electronica.art/negotiatinghumanity/en/view/FromAIforGoodtoAIforAction-3a338ddb450c80ac87f0f49bb1d7d535/,"Ursulinenhof Linz, Ursulinensaal",
Artist Q&A with Joseph Herscher,Joseph Herscher,11.09,14:00,15:00,"Meet Joseph Herscher, the artist behind Joseph’s Machines—elaborate chain-reaction contraptions that turn everyday objects into unlikely collaborators.",meet the artist,https://ars.electronica.art/negotiatinghumanity/en/view/ArtistQAwithJosephHerscher-3a538ddb450c8017a27cf49cbaabc515/,,
Artist Walk Tour: Negotiating Beyond Humanity,"Masha Zolotova, Laura Colmenares Guerra, Ivan Šuković, Emir Šehanović, Dejan Todorović, Ivan Sukovic, Studio Above&Below",11.09,14:00,15:30,"This artist-guided tour explores how artistic research can deepen our understanding of these hidden ecologies, revealing soil as a living system rather than a passive resource.",guided tour,https://ars.electronica.art/negotiatinghumanity/en/view/ArtistWalkTourNegotiatingBeyondHumanity-39c38ddb450c805ab52ddb607d9a503a/,"OK Platz, WE GUIDE YOU Meeting Point",registration: https://kupfticket.com/events/expert-tours-ok-quarter-14450b4b60
Crafting Futures Lab: From Textiles to Textures,Antonia Ludwig,11.09,14:00,16:00,"We understand tools as actors in the making of physical things, but they are also put to use to shape and preserve memory across generations. In this workshop, we explore the unexpected connections between pasta-making and textile crafts through their shared use of similar tools.",workshop,https://ars.electronica.art/negotiatinghumanity/en/view/CraftingFuturesLabFromTextilestoTextures-3ae38ddb450c80d49d05f26229912792/,,registration: https://forms.cloud.microsoft/e/4FE2dQRsKx
How to create a monotype,"Victor J. Schupfer, ZÜLOW Gruppe",11.09,14:00,18:00,Discover the art of monotype printmaking in this event hosted by the Zülow-Gruppe. Learn about a printmaking technique that has fascinated artists for centuries.,workshop,https://ars.electronica.art/negotiatinghumanity/en/view/Howtocreateamonotype-3a438ddb450c81fc8cc3c1523e2d1cd1/,"Ursulinenhof Linz, ZÜLOW Gruppe",
Neurogaming: Let your mind play,,11.09,14:00,16:00,"The brain continuously generates, processes and transmits electrical signals that control all bodily functions and shape our perception. This brain activity can be recorded using brain-computer interfaces and visualized in real time. However, this measurement data can also be used for interactive, game-based formats.",open lab,https://ars.electronica.art/negotiatinghumanity/en/view/NeurogamingLetyourmindplay-37c38ddb450c80f9beb5c56f547b44de/,"Ars Electronica Center, Level -3",
Pain: Interconnected with Nature,"Mary Maggic, Dominika Kolenda",11.09,14:00,16:00,"We attune to the earth’s body alongside our own, exploring how ecological grief and planetary suffering are felt in our nervous systems and affect our sense of belonging. As the world heats up and changes permanently, where does that solastalgia land in you? Join us in a practice of listening and inter-being.",workshop,https://ars.electronica.art/negotiatinghumanity/en/view/PainInterconnectedwithNature-3a738ddb450c81698729c804e3fc5c05/,,
Robertina Šebjanič – Journal from the TARA expedition vessel: Echoes of the Abyss,"Ilaria Hoppe, Martin Koci, Robertina Šebjanič",11.09,14:00,14:30,"Echoes of the Abyss explores the hidden legacy of chemical weapons dumped in the ocean. Based on the artist’s Baltic Sea research, the talk examines how artistic practice reveals ecological threats and creates new perspectives on the links between science, history and environmental destruction.",lecture & talk,https://ars.electronica.art/negotiatinghumanity/en/view/RobertinaebjaniJournalfromtheTARAexpeditionvesselEchoesoftheAbyss-3a538ddb450c81fb9082cea8161fdb76/,"Catholic Private University Linz, Courtyard",
SCHWEMMLAND FACTORY-LAB,Verein Schwemmland,11.09,14:00,23:59,"To mark the conclusion of the WORK ON BIODIVERSITY Climate Fund project, SCHWEMMLAND and its partners invite visitors to the SCHWEMMLAND FACTORY-LAB at the Climate Oasis Linz-Lustenau.",open lab,https://ars.electronica.art/negotiatinghumanity/en/view/SCHWEMMLANDFACTORY-LAB-39038ddb450c81d3a68ad8b7b43b02a9/,Klimaoase Linz-Lustenau,
Spotlight Tour FESTIVAL WALK: Negotiating the Real (DE),,11.09,14:00,15:30,"How do we negotiate reality? How does community form, both among us humans and with other living beings? What systems of belief shape the conflicts we face in this process and what role does technology play?",guided tour,https://ars.electronica.art/negotiatinghumanity/en/view/SpotlightTourFESTIVALWALKNegotiatingtheRealDE-39538ddb450c804cb40efcf4008dd0f2/,"OK Platz, WE GUIDE YOU Meeting Point",registration: https://kupfticket.com/events/spotlight-tour-festival-walk-negotiating-the-real-c1cd8a5fad
Spotlight Tour FESTIVAL WALK: Negotiating the Real (EN),,11.09,14:00,15:30,"How do we negotiate reality? How does community form, both among us humans and with other living beings? What systems of belief shape the conflicts we face in this process and what role does technology play?",guided tour,https://ars.electronica.art/negotiatinghumanity/en/view/SpotlightTourFESTIVALWALKNegotiatingtheRealEN-39538ddb450c804487b4d97d74b94fc8/,"OK Platz, WE GUIDE YOU Meeting Point",registration: https://kupfticket.com/events/spotlight-tour-festival-walk-negotiating-the-real-2a83405297
Spray and Pray,Veneta Androva,11.09,14:00,14:35,"Join Veneta Androva for a screening of her new film Spray and Pray, recipient of an Honorary Mention in the Prix Ars Electronica 2026. The screening is followed by a conversation with the artist.",screening,https://ars.electronica.art/negotiatinghumanity/en/view/SprayandPray-39938ddb450c801e9f63e32bd6137963/,"JKU MED Campus, Laboratory Building (LAB), Level 1, JKU medSPACE",
The Sound of the Day: A Communal Sound Gathering with elekhlekha (อีเหละเขละขละ),"elekhlekha (อีเหละเขละขละ), elekhlekha อีเหละเขละขละ",11.09,14:00,14:45,"In this performance, elekhlekha (อีเหละเขละขละ) bring their Network Gong Ensemble Archive to life through homemade gongs, found objects and an interactive sound world rooted in Southeast Asian tradition—a communal, participatory sound-making and listening experience for all ages.",performance,https://ars.electronica.art/negotiatinghumanity/en/view/TheSoundoftheDayACommunalSoundGatheringwithelekhlekha-39f38ddb450c818b88d6cc6267264a26/,"Francisco Carolinum, Level 2",
Unbreakable Ukraine,Saravá,11.09,14:00,14:30,"Unbreakable Ukraine is an immersive exhibition born to safeguard Ukraine’s cultural heritage, now under constant threat from war.",experience,https://ars.electronica.art/negotiatinghumanity/en/view/UnbreakableUkraine-39038ddb450c805f97a1c108437ce7d8/,"Ars Electronica Center, Level 0, Deep Space 8K",registration: https://mailworx.marketingsuite.info/Form?ev=d74792e1-2920-4a8e-8f92-1f161d89274c
What we can hear and cannot understand,"Ash Eliza Smith, Iohanna Nicenboim",11.09,14:00,17:00,"Posthuman Radio is a live sonic cabaret where human and non-human guests are staged together. Tune out the usual noise, tune in, and attune to and with others. We are rehearsing new relations, in real time. The broadcast continues whether we are listening or not. Listen in. Something is always on.",performance,https://ars.electronica.art/negotiatinghumanity/en/view/Whatwecanhearandcannotunderstand-3c938ddb450c818497d2cf790bed767e/,IT:U Digital City Studio Linz,
Where Is the Sound Hiding?,,11.09,14:00,14:45,"The C. Bechstein Centrum Linz invites children on a journey into the world of pianos and grand pianos, full of opportunities to discover, explore and try things out for themselves.",workshop,https://ars.electronica.art/negotiatinghumanity/en/view/WhereIstheSoundHiding-3a338ddb450c80c599dff86fc1090c64/,C. Bechstein Centrum Linz,
Ars Electronica Solutions Tour (EN),,11.09,14:15,14:45,During this tour we offer personal insights into our ways of working and the development of the exhibition.,guided tour,https://ars.electronica.art/negotiatinghumanity/en/view/ArsElectronicaSolutionsTourEN-cac38ddb450c8308900581cf0003eb4d/,"Ars Electronica Center, Level 0, Guided Tours & Workshops Desk",registration: https://kupfticket.com/events/ars-electronica-center-tours-do-109-035e08eaac
Open Futurelab Tour (DE),,11.09,14:15,15:15,"In this guided tour, you experience prototypes, installations and the new exhibition Hello Worlds! by the artistic R&D laboratory and atelier Ars Electronica Futurelab.",guided tour,https://ars.electronica.art/negotiatinghumanity/en/view/OpenFuturelabTourDE-3a538ddb450c80c2a39be7d7fc616ec4/,"Ars Electronica Center, Level 0, Guided Tours & Workshops Desk",registration: https://kupfticket.com/events/ars-electronica-center-tours-fr-119-7bfde7502f
Performances at Main Square,,11.09,14:15,14:45,"The Flood the Zone with Courage program presents a series of interventions, each lasting no more than seven minutes. Through diverse artistic approaches, these interventions reimagine protest, exploring the many forms it can take and inviting audiences into concentrated moments of action.",performance,https://ars.electronica.art/negotiatinghumanity/en/view/PerformancesatMainSquare-3a538ddb450c8042a6e2c78244bdcd22/,Main Square Linz,
ASIFA Austria Forum: Current Perspectives,"2girls1comp, Claudia Larcher, Hisko Hulsing",11.09,14:30,16:00,"ASIFA Austria Forum: Current Perspectives brings together artists 2girls1comp, Claudia Larcher and Hisko Hulsing to discuss contemporary animation practices, exploring game hacking, ecological mourning, generative AI, political storytelling and new approaches to image-making.",conference,https://ars.electronica.art/negotiatinghumanity/en/view/ASIFAAustriaForumCurrentPerspectives-3a538ddb450c800fa7f9d18c353cc43f/,"Ars Electronica Center, Level 3, Sky Loft",
Quantum Zoom – The First Chapter,"Markos Kay, Michael Wilhelm, DESY, IQOQI Vienna",11.09,14:30,15:30,"Quantum Zoom is a 3D stereoscopic immersive experience, where audiences will step into a vast, evolving system of nested realities. As they move deeper—from the visible world into microscopic and quantum domains—they will witness the flow of information as it self-organizes into different structures of reality",experience,https://ars.electronica.art/negotiatinghumanity/en/view/QuantumZoomTheFirstChapter-39038ddb450c8017aa13f8d29d50a69a/,"Ars Electronica Center, Level 0, Deep Space 8K",registration: https://mailworx.marketingsuite.info/Form?ev=73eb1752-2e93-480b-b7fd-35892b5488c4
Spotlight Tour: Negotiating Humanity (DE),,11.09,14:30,16:00,Wie verhandeln wir die Menschheit? Was darf nicht verhandelbar sein? Wie gehen wir auf individueller und kollektiver Ebene mit Konflikten um? Und welche Rolle spielt die Kunst in diesem Prozess?,guided tour,https://ars.electronica.art/negotiatinghumanity/en/view/SpotlightTourNegotiatingHumanityDE-39838ddb450c807fb3a9d19e3cefc7ea/,Lentos Kunstmuseum,registration: https://kupfticket.com/events/spotlight-tour-negotiating-humanity-9166b298db
Spotlight Tour: Negotiating Humanity (EN),,11.09,14:30,16:00,What can we negotiate when it comes to humanity? What must remain non-negotiable? How do we engage with conflicts on an individual and collective level? And what role does art play in this process?,guided tour,https://ars.electronica.art/negotiatinghumanity/en/view/SpotlightTourNegotiatingHumanityEN-39838ddb450c8078b25ddadd9162b41b/,Lentos Kunstmuseum,registration: https://kupfticket.com/events/spotlight-tour-negotiating-humanity-35b2fdd1ce
Town Hall Meeting: Hello Worlds!,"Maria Pfeifer, Hideaki Ogawa, Cyntha Wieringa, Nicolas Naveau, Jan Zuiderveld, Kyoko Kunoh",11.09,14:30,15:30,"What happens when industry does not stop at developing future technologies, but begins experimenting with how future questions themselves can be explored? And what happens when an exhibition becomes part of that research rather than simply presenting its results?",networking event,https://ars.electronica.art/negotiatinghumanity/en/view/TownHallMeetingHelloWorlds-3a038ddb450c815189a3db7931ae4841/,"OK Linz, voestalpine OPEN SPACE",registration: https://mailworx.marketingsuite.info/Form?frm=67095d2f-4282-453e-abd1-8792e2cc2564
Ghost Stories: Negotiating Between Worlds,"Esteban Azuela, Naomi Noir, Wendi Yan, Boris Eldagsen, Ben Chimoy",11.09,14:45,15:30,The five works in this program tell unusual ghost stories in which the boundaries between worlds become permeable and negotiation remains open.,screening,https://ars.electronica.art/negotiatinghumanity/en/view/GhostStoriesNegotiatingBetweenWorlds-39938ddb450c8079978eee12b2bd374e/,"JKU MED Campus, Laboratory Building (LAB), Level 1, JKU medSPACE",
HandsOn: Man x Machine,,11.09,14:45,15:15,"How close can robots actually get to us? From prosthetics that replace lost abilities, and exoskeletons that support and strengthen us, to robots that accompany and assist us—this HandsOn presentation demonstrates robotics as a technology of closeness.",experience,https://ars.electronica.art/negotiatinghumanity/en/view/HandsOnManxMachine-39738ddb450c80309d0cc9653b295675/,"Ars Electronica Center, Level -1",
DodekaOTTO Open-Air Listening Experience,Ionian Academy,11.09,15:00,20:00,"Installed in the garden of the Anton Bruckner University, the DodekaOTTO Listening Experience invites visitors to encounter spatial music in an open-air setting.",concert,https://ars.electronica.art/negotiatinghumanity/en/view/DodekaOTTOOpen-AirListeningExperience-38238ddb450c80bfaa3dddadb25ad1c9/,"Anton Bruckner University, Garden",
Expert Tour FESTIVAL WALK: Christl Baur (EN),Christl Baur,11.09,15:00,16:30,"The exhibition Negotiating the Real – The Desire to Believe asks which systems of belief and worldviews underpin our social order—and, in turn, shape our understanding of what it means to be human.",guided tour,https://ars.electronica.art/negotiatinghumanity/en/view/ExpertTourFESTIVALWALKChristlBaurEN-3a438ddb450c80b6bd73ce9df6780e40/,"OK Platz, WE GUIDE YOU Meeting Point",registration: https://kupfticket.com/events/expert-tours-ok-quarter-fce23652dd
Keys Beyond Boundaries,Milan Conic,11.09,15:00,19:00,"Electronics meets improvized piano; dance, film and poetry at the C. Bechstein Piano Gallery. Featuring performances by Milan Conic and collaborators, the program explores new encounters between acoustic and electronic sound.",concert,https://ars.electronica.art/negotiatinghumanity/en/view/KeysBeyondBoundaries-3a338ddb450c80dc9c4eefd462906fe7/,C. Bechstein Centrum Linz,
Learning from Kronstorf—fighting for transparent and climate-respectful digitalization,Bürger:inneninitiative Rechenzentrum Kronstorf,11.09,15:00,17:00,"To keep the data streams flowing, the asphalt needs to sizzle. We, on the other hand, are taking to the streets! We’re calling for a gathering in Linz on September 11th!",lecture & talk,https://ars.electronica.art/negotiatinghumanity/en/view/LearningfromKronstorffightingfortransparentandclimate-respectfuldigitalization-3cb38ddb450c80ab9590c73e8593ee1e/,Landhaus,
Light & Sound Installation: Klang-/Licht STROM,"Ben Bengler, Thomas Geissl",11.09,15:00,20:00,Room 301 is an immersive light and sound installation created specifically for this year’s Sonic Saturday.,project,https://ars.electronica.art/negotiatinghumanity/en/view/LightSoundInstallationKlang-LichtSTROM-38238ddb450c805ea363dc10366d58f8/,"Anton Bruckner University, Room 301",
Listening Room,Various artists,11.09,15:00,20:00,"The Listening Room at the ABU ProduktionsStudio provides a dedicated space for attentive listening and discovery, showcasing a broad range of contemporary approaches to spatial and electroacoustic composition.",concert,https://ars.electronica.art/negotiatinghumanity/en/view/ListeningRoom-38238ddb450c80d4b938e9a519053895/,"Anton Bruckner University, Produktionsstudio",
National Gallery Dreaming,"John Stack, Jaron Ghani, Lawrence Chiles",11.09,15:00,18:00,"What if the National Gallery collection could dream? This AI-driven installation journeys through 2,400 artworks, uncovering unexpected connections between paintings, artists and ideas. Shaped by visitor voices, it transforms collection data into a living map of discovery.",project,https://ars.electronica.art/negotiatinghumanity/en/view/NationalGalleryDreaming-39e38ddb450c81dba105e4ee1ac2b004/,"Ars Electronica Center, Level -1, Seminar Room",
Negotiating Democracy at the OpenDemocracyLab,"Stefan Schartlmüller, Lisa Praeg, Martyna Lorenc, Letícia Carneiro, Stephanie Steyrer",11.09,15:00,17:30,"Our democracies and constitutions rest on foundations that were originally laid in a very different world. In this participatory workshop, IG Demokratie invites participants to explore the roots of the current crisis of democracy.",workshop,https://ars.electronica.art/negotiatinghumanity/en/view/NegotiatingDemocracyattheOpenDemocracyLab-39f38ddb450c8186a77cd25d8dde0373/,Main Square Linz,
Random Check 8 UN-ORGANIC (2026),Random Check Media Ensemble,11.09,15:00,20:00,"UN-ORGANIC is the eighth edition of an interdisciplinary artistic project developed since 2019 by the Random Check Media Ensemble (RCME). The project comprises four audiovisual compositions, performative actions and an interactive multimedia installation.",collection,https://ars.electronica.art/negotiatinghumanity/en/view/RandomCheck8UN-ORGANIC2026-38238ddb450c80d6aa3bf2da6de139d2/,"Anton Bruckner University, Studiobühne",
Reality Screenshot,,11.09,15:00,16:00,"Reality Screenshot is a hybrid evolution of [ The Frame ], blending street theater and data visualization. Created by Eléctrico 28 and Domestic Data Streamers, it unfolds as a “Human Artificial Intelligence” interpreting the constant present of public space, revealing what often goes unnoticed.",performance,https://ars.electronica.art/negotiatinghumanity/en/view/RealityScreenshot-3a238ddb450c8181b372cef14fb5fd53/,"Main Square Linz, Hauptplatz 11",registration: https://mailworx.marketingsuite.info/Form?frm=8dea3413-c237-47ac-8a51-72dcdeac73aa
"Sonic Saturday: Audible Futures, Silent Decisions",,11.09,15:00,21:00,"Sonic Saturday hosted by Anton Bruckner University features spatial sound concerts, live performances, and audiovisual and sound installations. This year’s edition explores how the future takes form within sonic practices.",collection,https://ars.electronica.art/negotiatinghumanity/en/view/SonicSaturdayAudibleFuturesSilentDecisions-38238ddb450c80f8881dccf6abfc5734/,Anton Bruckner University,
Spotlight Tour FESTIVAL WALK: Negotiating the Real (DE),,11.09,15:00,16:30,"How do we negotiate reality? How does community form, both among us humans and with other living beings? What systems of belief shape the conflicts we face in this process and what role does technology play?",guided tour,https://ars.electronica.art/negotiatinghumanity/en/view/SpotlightTourFESTIVALWALKNegotiatingtheRealDE-39538ddb450c804cb40efcf4008dd0f2/,"OK Platz, WE GUIDE YOU Meeting Point",registration: https://kupfticket.com/events/spotlight-tour-festival-walk-negotiating-the-real-c4097c9efe
"Symposium Tech-Bro-Topia. A Dystopian Shift of Politics, Economics and Culture?",,11.09,15:00,18:50,"Tech billionaires promise progress through markets and technology but their visions are anti-democratic, unequal and shaped by a very specific idea of masculinity. This interdisciplinary symposium brings together international experts to ask: whose future is being promoted here and by which means?",conference,https://ars.electronica.art/negotiatinghumanity/en/view/SymposiumTech-Bro-Topia.ADystopianShiftofPoliticsEconomicsandCulture-38438ddb450c81afb3dccf425c941afc/,"Ursulinenhof Linz, Ursulinensaal",
Test_Lab: Incompleteness as Reorientation,"Boris Debackere, Florian Weigl, Sondi, Ra Asensi, Gökay Atabek",11.09,15:00,16:00,"A live event with the artists Sondi, Ra Asensi and Gokay Atabek , as well as V2_’s Florian Weigl. Test_Lab: Incompleteness as Reorientation is part of V2_’s public event series that offers an informal space for presenting, testing and discussing artistic research and development.",meet the artist,https://ars.electronica.art/negotiatinghumanity/en/view/Test_LabIncompletenessasReorientation-37a38ddb450c81ed964bc3188d264644/,"Francisco Carolinum, Level 2",
TiSHiNA (duo),"Viviane Töbich, Milan Conic",11.09,15:00,16:00,"TıSHıNA blends soulful pop with modern harmonies, hip-hop grooves and electronic elements—a sound that is at once intimate and captivating.",concert,https://ars.electronica.art/negotiatinghumanity/en/view/TiSHiNAduo-3ad38ddb450c80cc8211fa426095c5d9/,C. Bechstein Centrum Linz,
UN-ORGANIC (multimedia installation),Random Check Media Ensemble,11.09,15:00,16:00,"Drawing upon the four compositions that form Random Check 8, the multimedia installation unfolds as a dynamic field of sound, image and bodily presence.",project,https://ars.electronica.art/negotiatinghumanity/en/view/UN-ORGANICmultimediainstallation-38238ddb450c80bbb78ff7dcfaca4ecc/,"Anton Bruckner University, Studiobühne",
Welcome address,"Doris Weichselbaumer, Stephan Pühringer, Sarah Kriesche",11.09,15:00,15:10,"Sarah Kriesche, Doris Weichselbaumer and Stephan Pühringer will open this conference with introductory remarks on the project and their main questions.",lecture & talk,https://ars.electronica.art/negotiatinghumanity/en/view/Welcomeaddress-39c38ddb450c808e8579db789c15d23d/,"Ursulinenhof Linz, Ursulinensaal",
On Broligarchy,Aya Jaff,11.09,15:10,15:50,"In the first keynote, Aya Jaff dissects the rise of a new tech elite—founders who present themselves as rebels, but rule like kings.",keynote,https://ars.electronica.art/negotiatinghumanity/en/view/OnBroligarchy-39c38ddb450c80ecbaa6d9879d685a7b/,"Ursulinenhof Linz, Ursulinensaal",
SynTact: Guided Exploration & Discussion,Ricoh,11.09,15:15,15:45,"Explore SynTact, an interactive installation imagining future forms of collaboration beyond the human. Experience the installation together with the artists and researchers behind the project, and engage in a conversation about communication, collaboration, and care across species and technologies.",open lab,https://ars.electronica.art/negotiatinghumanity/en/view/SynTactGuidedExplorationDiscussion-39f38ddb450c813eb76bc02ea17bdca3/,"Ars Electronica Center, Level -3, Open Futurelab",
WE GUIDE YOU: Homo futuris (DE),,11.09,15:15,16:15,"As a species that has shaped the Earth, humans have transformed their environment like no other species before. With every new technology, our influence—and our responsibility for the future we are shaping—potentially grows.",guided tour,https://ars.electronica.art/negotiatinghumanity/en/view/WEGUIDEYOUHomofuturisDE-37c38ddb450c80eb81ffe889890cceeb/,"Ars Electronica Center, Level 0, Guided Tours & Workshops Desk",registration: https://kupfticket.com/events/ars-electronica-tours-mi-9926-5de17f32d3
WE GUIDE YOU: Homo futuris (EN),,11.09,15:15,16:15,"As a species that has shaped the Earth, humans have transformed their environment like no other species before. With every new technology, our influence—and our responsibility for the future we are shaping—potentially grows.",guided tour,https://ars.electronica.art/negotiatinghumanity/en/view/WEGUIDEYOUHomofuturisEN-c3738ddb450c83379f3201d3aa0c858f/,"Ars Electronica Center, Level 0, Guided Tours & Workshops Desk",registration: https://kupfticket.com/events/ars-electronica-tours-mi-9926-0b23268a3a
Agentic Systems in Immersive Spaces,,11.09,15:30,16:00,"The Deep Space Session welcomes a special guest—albeit not a human one. At its centre is an agent-based AI system that functions as an intelligent assistant. Through this agent, visitors gain a behind-the-scenes perspective on the projects and activities of Ars Electronica Solutions—not through a traditional presentation, but through an interactive, dialogue-based experience.",experience,https://ars.electronica.art/negotiatinghumanity/en/view/AgenticSystemsinImmersiveSpaces-39738ddb450c80d58e91c6e9de64cc5e/,"Ars Electronica Center, Level 0, Deep Space 8K",registration: https://mailworx.marketingsuite.info/Form?ev=a7811386-7887-4d5e-83c7-0452d775547e
DAS Trail Workshop,Toyota Coniq,11.09,15:30,17:00,"DAS Trail is a fieldwork program in which participants explore local areas through observation, dialogue and 3D scanning. You will walk along a special trail in Linz and learn to explore the area from a new perspective.",workshop,https://ars.electronica.art/negotiatinghumanity/en/view/DASTrailWorkshop-3a638ddb450c81e4b043cbe71e2d8825/,"Ars Electronica Center, Level -3, Open Futurelab",registration: https://mailworx.marketingsuite.info/Form?ev=a0ac2efc-d510-44f1-973d-f9a1be153e63
Future Care,"Yoko Shimizu, Dai Nippon Printing",11.09,15:45,16:15,"Explore the future of care and connection in the age of AI and robotics. This open discussion explores how technology is reshaping our culture of health—from mental well-being, happiness and social connection to the shift from treatment to prevention. Participants are invited to share their vision for the future.",workshop,https://ars.electronica.art/negotiatinghumanity/en/view/FutureCare-3ad38ddb450c81e9bcafd94adabd3eb1/,"Ars Electronica Center, Level -3, Open Futurelab",
The Tech-Elite and the new Fascism,"Rainer Mühlhoff, Sarah Kriesche",11.09,15:50,16:30,"In the second keynote Rainer Mühlhoff will deliver an in-depth analysis of the ideologies underpinning the contemporary tech-elite, in a fireside-chat exchange with Sarah Kriesche.",lecture & talk,https://ars.electronica.art/negotiatinghumanity/en/view/TheTech-EliteandthenewFascism-39c38ddb450c80ee829afdbad8110e40/,"Ursulinenhof Linz, Ursulinensaal",
Artist Walk Tour: Negotiating Humanity,"Emiko Ogawa, Andrew Herzog, Hito Steyerl",11.09,16:00,17:30,"Join us for a special guided tour led by Emiko Ogawa, Head of the Prix Ars Electronica. Together with the award recipients, she will lead visitors through the Prize Winners Exhibition, offering exclusive insights into the featured works.",guided tour,https://ars.electronica.art/negotiatinghumanity/en/view/ArtistWalkTourNegotiatingHumanity-39138ddb450c804ab2c6fb6774934b62/,Lentos Kunstmuseum,registration: https://kupfticket.com/events/expert-tours-danube-triangle-5fb85ef140
Border Tuner | Sintonizador Fronterizo,Rafael Lozano-Hemmer,11.09,16:00,17:30,"Join Rafael Lozano-Hemmer for a lecture on Border Tuner, followed by a screening of the documentary and a presentation of the accompanying publication.",lecture & talk,https://ars.electronica.art/negotiatinghumanity/en/view/BorderTunerSintonizadorFronterizo-39938ddb450c809faaf0f2ae80d986e5/,"JKU MED Campus, Laboratory Building (LAB), Level 1, JKU medSPACE",
Creative Europe Get Together,,11.09,16:00,18:00,"Ars Electronica and Creative Europe Desk Austria will once again be hosting the Creative Europe Get Together, an event that brings together European partners from across a variety of sectors in a friendly environment, where attendees can meet and share perspectives.",networking event,https://ars.electronica.art/negotiatinghumanity/en/view/CreativeEuropeGetTogether-3a338ddb450c80ad9e5cd0e303c9c33b/,"OK Linz, OK-DECK",
Destituent Laughing Choir,"Natalia Agati, Francesco Restuccia, Chuming Yu, Maria Messerer, Chyara Holz, Lorenz Willer, Josephine Zacher, Margarita Gimaeva, Franka Fuchs, Mahsa Landarany, Su Güryay, Anina Neumeier",11.09,16:00,17:20,"Destituent Laughing Choir is a radically horizontal, “join-as-you-come” performance structured around a core group of trained members, which invites the everyday public to organically merge into a massive, contagious feedback loop that renders the mechanics of authority completely inoperative.",performance,https://ars.electronica.art/negotiatinghumanity/en/view/DestituentLaughingChoir-38e38ddb450c81aea359dd3a888c0ed5/,"Ars Electronica Center, Maindeck",
Future Screenshots,"Mushon Zer-Aviv, Mushon Zer Aviv",11.09,16:00,17:30,"What if we could reach into a possible future, unlock a phone and take a screenshot? Together we will draft messages, maps, prompts and posts from worlds that do not yet exist—and discover how the futures we imagine today is where the future begins.",workshop,https://ars.electronica.art/negotiatinghumanity/en/view/FutureScreenshots-3a538ddb450c81fba4fef0567a849723/,"Catholic Private University Linz, Linz Diocesan Library",registration: https://mailworx.marketingsuite.info/Form?frm=9c98ba01-c353-4072-9772-ba09eaba7b89
Genome Sonification,"Rupert Huber, Johannes Pröll, Mihaela Kavdanska, Dilmana Yordanova",11.09,16:00,16:40,"The genome sonification of the media art installation Show Me Your Face: The Power of Becoming is performed live by Rupert Huber. The project explores how identity emerges through the interplay of genes, environment, experience and choice. Human nature is continuously enacted and transformed through a lifetime of translation.",concert,https://ars.electronica.art/negotiatinghumanity/en/view/GenomeSonification-3ab38ddb450c81a9bb4dd9e12f77560e/,,
Glitch & Leak: Overflowing Bodies in Public Space at Domgasse,,11.09,16:00,20:00,"Run(a)way is a performative collective intervention in public space. Who shapes public space? Whose body, whose gaze, whose movement has a place here? And who has the agency to disrupt the “normative ordinary”?",performance,https://ars.electronica.art/negotiatinghumanity/en/view/GlitchLeakOverflowingBodiesinPublicSpaceatDomgasse-3a538ddb450c80f8b76fe2886c7d527f/,FIFTITU%,
Lost Legends,"Melinda File, Benedikt Pfisterer, Stefan Czerny, Lisa Hochgatterer",11.09,16:00,16:30,"Using highly detailed 3D models created from fossils and specimens in the collections of the Natural History Museum Vienna, this experience combines scientific evidence with immersive visualization to bring these lost legends back to life.",experience,https://ars.electronica.art/negotiatinghumanity/en/view/LostLegends-39538ddb450c80cf95b7ca71aea39e0a/,"Ars Electronica Center, Level 0, Deep Space 8K",registration: https://mailworx.marketingsuite.info/Form?ev=abf1c80a-6d93-4803-a8e3-b6bf6990de29
Musikmaschine in concert,"Maximilian Bernhard, Emanuel Križić, Mahtab Miandehi, Astrid Drechsler",11.09,16:00,16:30,The Musikmaschine is used by artists as an interactive instrument and performance platform. Unique sound experiences are created by combining traditional musical material with digital technologies.,concert,https://ars.electronica.art/negotiatinghumanity/en/view/Musikmaschineinconcert-37b38ddb450c81e7b77eed14187e07b0/,,
Spotlight Tour FESTIVAL WALK: Negotiating the Real (EN),,11.09,16:00,17:30,"How do we negotiate reality? How does community form, both among us humans and with other living beings? What systems of belief shape the conflicts we face in this process and what role does technology play?",guided tour,https://ars.electronica.art/negotiatinghumanity/en/view/SpotlightTourFESTIVALWALKNegotiatingtheRealEN-39538ddb450c804487b4d97d74b94fc8/,"OK Platz, WE GUIDE YOU Meeting Point",registration: https://kupfticket.com/events/spotlight-tour-festival-walk-negotiating-the-real-35c5b7bca7
Studio Sessions,,11.09,16:00,18:00,Studio Sessions offer a space for experimental and playful performances at Studio 1 of the University of Arts Linz. The spectrum ranges from complex audiovisual pieces and text and dance performances to instrumental spatial and sound art experiences.,performance,https://ars.electronica.art/negotiatinghumanity/en/view/StudioSessions-37c38ddb450c81888ba3d3d2e972873b/,"University of Arts Linz, Hauptplatz 8 (West Building), Third Floor",
Tarlan Eshtiagh,"Tarlan Eshtiagh, Milan Conic",11.09,16:00,17:00,"Tarlan Eshtiagh and Milan Conic are beginning a musical collaboration in Linz. Inspired by traditional Iranian music, they blend electronic sounds with modern arrangements, creating a contemporary, intercultural sound.",concert,https://ars.electronica.art/negotiatinghumanity/en/view/TarlanEshtiagh-3ad38ddb450c80be8390f23b808b2d3e/,C. Bechstein Centrum Linz,
UN-ORGANIC,"Marcin Rupociński, Maja Wolińska",11.09,16:00,16:30,"The eponymous composition UN-ORGANIC unfolds as an unstable ecology of drifting filaments, luminous spores, vaporous tissues and half-formed organisms.",concert,https://ars.electronica.art/negotiatinghumanity/en/view/UN-ORGANIC-38238ddb450c8050a6d0e027af9c3acc/,"Anton Bruckner University, Studiobühne",
Hello Worlds! Futurelab Tour (EN),,11.09,16:15,16:45,"Explore Hello Worlds! together with the people behind the project. Researchers, artists, designers, developers, and collaboration partners guide you through the exhibition, sharing the ideas, technologies and research behind the works—and, if you like, continue the conversation afterwards.",guided tour,https://ars.electronica.art/negotiatinghumanity/en/view/HelloWorldsFuturelabTourEN-56638ddb450c830c9e7281cf5b59a977/,"Ars Electronica Center, Level 0, Guided Tours & Workshops Desk",registration: https://kupfticket.com/events/ars-electronica-center-tours-fr-119-3dc5ce5c17
A Sky of Infinite Wishes,Sputniko!,11.09,16:30,17:00,"An evolving panoramic dusk sky is filled with auspicious signs drawn from East Asian tradition, which are generated endlessly and overwritten by one another until the sky buckles under their excess. Once rare omens seldomly read in the heavens, the work questions whether a blessing reproduced infinitely can still hold meaning.",screening,https://ars.electronica.art/negotiatinghumanity/en/view/ASkyofInfiniteWishes-38238ddb450c815fa272d74c73cd62e0/,"Ars Electronica Center, Level 0, Deep Space 8K",registration: https://mailworx.marketingsuite.info/Form?ev=f3d2fd58-85de-4a52-85e2-a91d4864d54b
DANCING DIALOGUES (with(out) AI) …,,11.09,16:30,18:30,"What happens when movement becomes a form of dialogue—not only between people, but also between human and machine? In this workshop, we will explore new ways of moving in relation to ourselves, to each other, to audiences with and without mediation by digitally generated movements and sounds.",workshop,https://ars.electronica.art/negotiatinghumanity/en/view/DANCINGDIALOGUESwithoutAI-39e38ddb450c8153b14ee79762dcd0dc/,"Ursulinenhof Linz, Gewölbesaal",registration: https://mailworx.marketingsuite.info/Form?frm=8dd35951-5fbc-49c3-993a-27525f8e944d
Keynote Session: Research through Design at the Intersection of HCI and Games,Katherine Isbister,11.09,16:30,18:00,Katherine Isbister draws upon case studies from her research practice that illustrate the strengths of designer-based approaches and values in the creation of innovative directions for the future of our everyday lives with technology.,conference,https://ars.electronica.art/negotiatinghumanity/en/view/KeynoteSessionResearchthroughDesignattheIntersectionofHCIandGames-3a538ddb450c80c7bf1fc731ad102b48/,"Ars Electronica Center, Level 3, Sky Loft",
"NaturArchy: Curating Across Art, Science, Policymaking","Caterina Benincasa, Ingeborg Reichle, Claudia Schnugg",11.09,16:30,17:30,"How do we meaningfully curate across art, science and policymaking? Drawing on examples from the NaturArchy project we invite participants to discuss their own experiences and practices at the art-science-policy nexus.",networking event,https://ars.electronica.art/negotiatinghumanity/en/view/NaturArchyCuratingAcrossArtSciencePolicymaking-3a338ddb450c80549ac9f4a2889cedfc/,"OK Linz, voestalpine OPEN SPACE",registration: https://mailworx.marketingsuite.info/Form?frm=6d096c26-a34d-45e6-bafd-3f7ea64462a2
Reality Screenshot,,11.09,16:30,17:30,"Reality Screenshot is a hybrid evolution of [ The Frame ], blending street theater and data visualization. Created by Eléctrico 28 and Domestic Data Streamers, it unfolds as a “Human Artificial Intelligence” interpreting the constant present of public space, revealing what often goes unnoticed.",performance,https://ars.electronica.art/negotiatinghumanity/en/view/RealityScreenshot-3a238ddb450c8181b372cef14fb5fd53/,"Main Square Linz, Hauptplatz 11",registration: https://mailworx.marketingsuite.info/Form?frm=e1a02b65-3b8c-4a5d-9db2-f59c9094e1f5
Spotlight Tour: Negotiating Humanity (EN),,11.09,16:30,18:00,What can we negotiate when it comes to humanity? What must remain non-negotiable? How do we engage with conflicts on an individual and collective level? And what role does art play in this process?,guided tour,https://ars.electronica.art/negotiatinghumanity/en/view/SpotlightTourNegotiatingHumanityEN-39838ddb450c8078b25ddadd9162b41b/,Lentos Kunstmuseum,registration: https://kupfticket.com/events/spotlight-tour-negotiating-humanity-a31bd3a9ec
The Syntax of Nature and Other Approximate Truths,"Cezary Duchnowski, Norbert Kowalczyk",11.09,16:30,17:00,"The Syntax of Nature and Other Approximate Truths questions the status of truths commonly regarded as natural and universal, exploring a space in which the notions of origin and originality begin to dissolve.",concert,https://ars.electronica.art/negotiatinghumanity/en/view/TheSyntaxofNatureandOtherApproximateTruths-38238ddb450c8045bf1ffbe7ab6c0460/,"Anton Bruckner University, Studiobühne",
The New Patriarchs of Digital Capitalism,Alison Winch,11.09,16:40,17:20,"In this keynote, Alison Winch delivers an analysis of the gendered and racialized power dynamics underlying the rise and rule of the tech bros of silicon valley.",keynote,https://ars.electronica.art/negotiatinghumanity/en/view/TheNewPatriarchsofDigitalCapitalism-39c38ddb450c80329f00f61c3443fa03/,"Ursulinenhof Linz, Ursulinensaal",
Alien in the Closet,"Anna Steward, Sebastian Gfellner, Hannes Buchwieser",11.09,17:00,17:45,"A 45-minute open-format performance. A performer outside. A scientist inside. What opens up the space between them? Signs, gestures and materials drift across the field.",performance,https://ars.electronica.art/negotiatinghumanity/en/view/AlienintheCloset-37d38ddb450c808f988fed9983f5e53e/,"Ars Electronica Center, Level -1",
BMW Hydrogen Strategy (DE),Jürgen Guldner,11.09,17:00,17:10,"What role can hydrogen play in tomorrow’s mobility? BMW Group shares its strategy for integrating fuel cell technology into its future vehicle portfolio—highlighting hydrogen as an important energy carrier, an effective storage medium for renewable energy and a complement to battery-electric mobility.",lecture & talk,https://ars.electronica.art/negotiatinghumanity/en/view/BMWHydrogenStrategyDE-3ad38ddb450c811bb9ddd38417594800/,splace,
Crafting Futures Aperitif: Liquid Archives,"Antonia Ludwig, Helene Mondria, Julia Moser, Valerie Moschner, Irene Posch",11.09,17:00,19:00,Visitors are invited to an aperitif event where they can compose their own drinks and encounter this collection through taste and togetherness.,workshop,https://ars.electronica.art/negotiatinghumanity/en/view/CraftingFuturesAperitifLiquidArchives-3ae38ddb450c8028bf38ff2bfa37e5b0/,,
Endless Possibilities,Deep Space Community,11.09,17:00,18:00,Members of the global Deep Space Community share insights into their current projects and show how ideas become immersive experiences—from interactive applications and stereoscopic 3D experiences to entirely new formats.,experience,https://ars.electronica.art/negotiatinghumanity/en/view/EndlessPossibilities-30038ddb450c8324a91681957a452f56/,"Ars Electronica Center, Level 0, Deep Space 8K",registration: https://mailworx.marketingsuite.info/Form?ev=a3b1d9f5-0d04-4317-b6e1-913bdf7e3a33
Hello Worlds! Behind the Prototype: Interbeing Lab (Corpus Corax & Conversations Beyond the Ordinary),"Peter Holzkorn, Anna Weiss, Nicolas Naveau, Jan Zuiderveld",11.09,17:00,17:30,"Meet the artists and researchers behind the artworks in the Interbeing Lab and discuss how conversations beyond the human are imagined, designed and built—and what they reveal about our relationships with more-than-human worlds.",open lab,https://ars.electronica.art/negotiatinghumanity/en/view/HelloWorldsBehindthePrototypeInterbeingLabCorpusCoraxConversationsBeyondtheOrdinary-3a038ddb450c815b93c4e2cc25c7e8a0/,"Ars Electronica Center, Level -3, Open Futurelab",
KunstUni Campus Exhibition Guided Tour,,11.09,17:00,17:50,"Join us for a guided tour of the Art and Design University of Linz campus. We will explore the university’s main exhibition spaces and discover over 250 artworks by students, artists and international partner universities.",guided tour,https://ars.electronica.art/negotiatinghumanity/en/view/KunstUniCampusExhibitionGuidedTour-39238ddb450c81fabebcd9f6e35041ec/,"University of Arts Linz, Hauptplatz 6 (East Building), Campus Welcome Desk",
Press Start – RADICAL GAMING Performance,"Rajiv Bhagwanbali, Anna Hazarian, Philipp “Flip” Kroll, Alina Lugovskaya",11.09,17:00,17:10,"Dance and gaming experience merge together in this performance which explores belonging, recognition and the darker sides of online communities.",performance,https://ars.electronica.art/negotiatinghumanity/en/view/PressStartRADICALGAMINGPerformance-dec38ddb450c832fb6d901f9e7afa93c/,"JKU MED Campus, Teaching Building (LEH), Level 0, Lecture Hall 2",
Spotlight Tour FESTIVAL WALK: Negotiating the Real (DE),,11.09,17:00,18:30,"How do we negotiate reality? How does community form, both among us humans and with other living beings? What systems of belief shape the conflicts we face in this process and what role does technology play?",guided tour,https://ars.electronica.art/negotiatinghumanity/en/view/SpotlightTourFESTIVALWALKNegotiatingtheRealDE-39538ddb450c804cb40efcf4008dd0f2/,"OK Platz, WE GUIDE YOU Meeting Point",registration: https://kupfticket.com/events/spotlight-tour-festival-walk-negotiating-the-real-0445d1d31c
Spotlight Tour FESTIVAL WALK: Negotiating the Real (EN),,11.09,17:00,18:30,"How do we negotiate reality? How does community form, both among us humans and with other living beings? What systems of belief shape the conflicts we face in this process and what role does technology play?",guided tour,https://ars.electronica.art/negotiatinghumanity/en/view/SpotlightTourFESTIVALWALKNegotiatingtheRealEN-39538ddb450c804487b4d97d74b94fc8/,"OK Platz, WE GUIDE YOU Meeting Point",registration: https://kupfticket.com/events/spotlight-tour-festival-walk-negotiating-the-real-0445d1d31c
Tomá Ivanov,Tomá Ivanov,11.09,17:00,18:00,"Tomá Ivanov captivates with a reduced, personal sound: dusty low-end warmth, tight percussion and melodic restraint.",concert,https://ars.electronica.art/negotiatinghumanity/en/view/TomIvanov-3ad38ddb450c800ea88bfaff193bd3f5/,C. Bechstein Centrum Linz,
UN-ORGANIC (multimedia installation),Random Check Media Ensemble,11.09,17:00,18:00,"Drawing upon the four compositions that form Random Check 8, the multimedia installation unfolds as a dynamic field of sound, image and bodily presence.",project,https://ars.electronica.art/negotiatinghumanity/en/view/UN-ORGANICmultimediainstallation-38238ddb450c80bbb78ff7dcfaca4ecc/,"Anton Bruckner University, Studiobühne",
WE GUIDE YOU: Homo futuris (DE),,11.09,17:15,18:15,"As a species that has shaped the Earth, humans have transformed their environment like no other species before. With every new technology, our influence—and our responsibility for the future we are shaping—potentially grows.",guided tour,https://ars.electronica.art/negotiatinghumanity/en/view/WEGUIDEYOUHomofuturisDE-37c38ddb450c80eb81ffe889890cceeb/,"Ars Electronica Center, Level 0, Guided Tours & Workshops Desk",registration: https://kupfticket.com/events/ars-electronica-tours-mi-9926-2fe9d77ddd
WE GUIDE YOU: Homo futuris (EN),,11.09,17:15,18:15,"As a species that has shaped the Earth, humans have transformed their environment like no other species before. With every new technology, our influence—and our responsibility for the future we are shaping—potentially grows.",guided tour,https://ars.electronica.art/negotiatinghumanity/en/view/WEGUIDEYOUHomofuturisEN-c3738ddb450c83379f3201d3aa0c858f/,"Ars Electronica Center, Level 0, Guided Tours & Workshops Desk",registration: https://kupfticket.com/events/ars-electronica-tours-mi-9926-3f614db202
Team Tech or Team Human?,"Douglas Rushkoff, Sarah Kriesche",11.09,17:20,18:00,How did we get from the possibilities of the early cyber utopias to the catastrophising fantasies of the tech-bros—and how can we reactivate a commitment to the interdependent ”Team Human”? Rushkoff will take on these and other questions as the final keynote in a fireside chat with Sarah Kriesche.,lecture & talk,https://ars.electronica.art/negotiatinghumanity/en/view/TeamTechorTeamHuman-39e38ddb450c80f49144c6abade7c1d9/,"Ursulinenhof Linz, Ursulinensaal",
Layers of Time: City Tour meets Media Arts (EN),"Wolfram Starczewski, WE GUIDE YOU",11.09,17:30,19:00,"Discover how Linz's historic buildings became today's festival venues. Each stop begins with the site's history and architectural significance before we introduce the artworks, creating a dialogue between past, present and future.",guided tour,https://ars.electronica.art/negotiatinghumanity/en/view/LayersofTimeCityTourmeetsMediaArtsEN-3a038ddb450c81968a8adf47639794a6/,"OK Platz, WE GUIDE YOU Meeting Point",registration: https://kupfticket.com/events/expert-tours-ok-quarter-b114b72d25
The Elon Musk Antagonist,"Maria Muhar, Herbert Kotschnig",11.09,17:30,17:45,"Elon Musk wielded a chainsaw against public services, social and environmental rights. Attac flips it: Within the participative performances people can oppose the power of billionaires, tech oligarchs and the ultra-rich. Come and watch how power gets dismantled and alternatives built.",performance,https://ars.electronica.art/negotiatinghumanity/en/view/TheElonMuskAntagonist-39738ddb450c81088b6fe52306e932ad/,Main Square Linz,
Futurelab Networking: Feminist Tools for the Future,"Anna Weiss, Peter Holzkorn, Susanne Kiesenhofer, Bernadette Geißler",11.09,17:45,18:30,"How do we create change together? Join an open conversation exploring feminist tools, practices, and ways of working that help navigate complexity, build trust, and turn ideas into action—across disciplines, roles, and identities.",networking event,https://ars.electronica.art/negotiatinghumanity/en/view/FuturelabNetworkingFeministToolsfortheFuture-3a038ddb450c802baff1c23e87712439/,"Ars Electronica Center, Level -3, Open Futurelab",
Post Compost – Forest Reset,"Fritzi Mathilda Buhtz, Christian Doeller, Klaus Fritze, Johann Joesten, Nina Kegel, Zakhar Komarov-Zelinskii, Katharina Langenhan, Krittaporn Mahaweerarat, Jan Munske, Tan Oktik, Leandra Schieder, Adam Schmidt, Ayca Tugran",11.09,17:45,18:00,"Monocultures and drought weaken European forests, enabling bark beetles to reshape entire landscapes. This artistic research project explores decaying and emerging habitats through a continuously evolving series of large-format posters installed on a public billboard.",performance,https://ars.electronica.art/negotiatinghumanity/en/view/PostCompostForestReset-37b38ddb450c81eb8e17e85680e8f00e/,Main Square Linz,
Anatomy for Everyone,Prim. Univ.-Prof. Dr. Franz Fellner,11.09,18:00,19:00,"Discover the human body in immersive 3D. Guided by JKU professor Franz Fellner, Anatomy for Everyone reveals organs, muscles, bones and blood vessels through stunning virtual anatomy, showcasing how advanced imaging technologies are transforming the way we explore the human body.",experience,https://ars.electronica.art/negotiatinghumanity/en/view/AnatomyforEveryone-3a438ddb450c81d9b7b8fa811d7474e1/,"JKU MED Campus, Laboratory Building (LAB), Level 1, JKU medSPACE",
BMW Hydrogen Strategy (EN),Jürgen Guldner,11.09,18:00,18:10,"What role can hydrogen play in tomorrow’s mobility? BMW Group shares its strategy for integrating fuel cell technology into its future vehicle portfolio—highlighting hydrogen as an important energy carrier, an effective storage medium for renewable energy and a complement to battery-electric mobility.",lecture & talk,https://ars.electronica.art/negotiatinghumanity/en/view/BMWHydrogenStrategyEN-2f038ddb450c8366b3ac010417133dce/,splace,
Deep Space Selection,,11.09,18:00,18:30,"At Deep Space Selection, we present several times a day a changing selection from our diverse program, which we’ve been continuously developing since 2009. Visitors can look forward to exciting stories and immersive experiences spanning media art, science and technology.",experience,https://ars.electronica.art/negotiatinghumanity/en/view/DeepSpaceSelection-3a438ddb450c8064afbaf2f7cd324cbd/,"Ars Electronica Center, Level 0, Deep Space 8K",registration: https://mailworx.marketingsuite.info/Form?ev=77c1e5d3-7c94-4bad-b1b9-5ddb160d5966
For Sun Ra on Saturn (Against Elon on Mars),STWST Hauntology Department & Guests,11.09,18:00,21:30,"This year, a red-lit area will be visible on the Maindeck in front of the STWST. The red area stands for all manner of dramatic expressions.",experience,https://ars.electronica.art/negotiatinghumanity/en/view/ForSunRaonSaturnAgainstElononMars-3b538ddb450c804daa62cab99039577d/,"Ars Electronica Center, Maindeck",
Haunted Herstory: Herzblutwiese Stadtwerkstatt – Screening at Milieukino,"Tanja Brandmayr, Claudia Dworschak",11.09,18:00,20:00,"The essay film Herzblutwiese Stadtwerkstatt addresses feminism, equal rights and gender equality at the Stadtwerkstatt, the longest-running autonomous art and culture space in the city of Linz.",screening,https://ars.electronica.art/negotiatinghumanity/en/view/HauntedHerstoryHerzblutwieseStadtwerkstattScreeningatMilieukino-39838ddb450c807c9aa8c78aadaa6f43/,Stadtwerkstatt,
Roundtable Discussion,"Alison Winch, Sarah Kriesche, Aya Jaff, Rainer Mühlhoff, Douglas Rushkoff",11.09,18:00,18:50,All keynote speakers will join a roundtable discussion moderated by Sarah Kriesche.,panel discussion,https://ars.electronica.art/negotiatinghumanity/en/view/RoundtableDiscussion-39c38ddb450c80e0a8b3ea747d2b746a/,"Ursulinenhof Linz, Ursulinensaal",
The Art of Protest: Painting Banners That Matter,,11.09,18:00,19:30,"How do a few bold words on fabric shift public opinion? Join Attac acitivists for a short intro on protest slogans, then team up to paint your own banners — with a feminist focus, or your own message. All welcome, as long as it stands against discrimination. Let's paint, protest, be heard!",workshop,https://ars.electronica.art/negotiatinghumanity/en/view/TheArtofProtestPaintingBannersThatMatter-39738ddb450c816cbe90ff06d00c0f76/,Main Square Linz,
The Unsettled,"Milan Conic, J San",11.09,18:00,19:00,"The Unsettled offers an immersive live experience where melodic storytelling meets intricate rhythms, inviting audiences on a journey of emotional connection and new perspectives.",concert,https://ars.electronica.art/negotiatinghumanity/en/view/TheUnsettled-3ad38ddb450c8093a31bd1abc6f2edf5/,C. Bechstein Centrum Linz,
Big Concert Night 2026,,11.09,18:30,22:30,"This year, Ars Electronica’s Big Concert Night unfolds as a multimedia Gesamtkunstwerk. Staged across three concert halls, visitors move between strikingly different concerts and performances.",concert,https://ars.electronica.art/negotiatinghumanity/en/view/BigConcertNight2026-34a38ddb450c80b2a82fd47f29d8ccc4/,Posthof Linz,registration: https://ars.electronica.art/negotiatinghumanity/en/tickets/#festivalpassplus
Deep Space Community,Deep Space Community,11.09,18:30,19:30,This session showcases the continuously growing global Deep Space community and its increasing diversity. Partners from a network spanning more than eight countries across three continents present different formats and demonstrate how Deep Space can be used and adapted to a wide range of contexts.,experience,https://ars.electronica.art/negotiatinghumanity/en/view/DeepSpaceCommunity-39738ddb450c809eb1ebc30a82ee8213/,"Ars Electronica Center, Level 0, Deep Space 8K",registration: https://mailworx.marketingsuite.info/Form?ev=1ef414c9-c987-45c3-b60e-1575c272e580
NEKRO//MAKINA,"Enrique Mendoza, Barnaba Mikułowski",11.09,18:30,19:00,"NEKRO//MAKINA is an audiovisual ritual in which death is no longer treated as an ending, but as a state that remains active. Suspended between ritual and machine, it inhabits a post-terminal condition where endings have already occurred, yet the apparatus continues to operate.",concert,https://ars.electronica.art/negotiatinghumanity/en/view/NEKROMAKINA-38238ddb450c8007a6b9fc0dd8c7c598/,"Anton Bruckner University, Studiobühne",
ORBIT – A War Series,Brigitta Muntendorf,11.09,18:30,22:30,"Orbit: A War Series appeals to the images in our minds: Brigitta Muntendorf’s immersive 3D audio space oratorio is like an electroacoustic series of narratives in which sounds, texts, voices and space become transmitters of power structures. The texts are based on interviews and reports from Afghanistan, Iran, DR Congo, Poland, the U.S. and Asia during the Second World War.",experience,https://ars.electronica.art/negotiatinghumanity/en/view/ORBITAWarSeries-3b338ddb450c806aa9a8cfda0bec4d2d/,Posthof Linz,
Polaris,"Maki Namekawa, Cori O’Lan",11.09,18:30,22:30,"Polaris, the latest Pianographique production by Maki Namekawa and Cori O'Lan, offers a distinctive take on the music of Philip Glass.",concert,https://ars.electronica.art/negotiatinghumanity/en/view/Polaris-3a638ddb450c80528557d1a662ba1cab/,Posthof Linz,
PULS,Daniel Haas,11.09,18:30,22:30,"PULS is an audiovisual installation of eight light-speaker units. It creates an immersive environment where time, space, rhythm and movement feel unstable. Rapid flashes and multidirectional sound produce fleeting, distorted impressions of the surrounding architecture.",project,https://ars.electronica.art/negotiatinghumanity/en/view/PULS-3a838ddb450c81d09bbae010ab072b83/,Posthof Linz,
///////////,"Maciej Michaluk, Bartosz Radzikowski",11.09,19:00,19:30,/////////// is a live audiovisual ritual of transformation and suspension. It emerges from noisy textures and unstable resonances and inhabits a space between continuity and dissolution.,concert,https://ars.electronica.art/negotiatinghumanity/en/view/-38238ddb450c80348ee7f7b13757e5c5/,"Anton Bruckner University, Studiobühne",
Glitch & Leak: Overflowing Bodies in Public Space at Main Square,,11.09,19:30,20:00,"Run(a)way is a performative collective intervention in public space. Who shapes public space? Whose body, whose gaze, whose movement has a place here? And who has the agency to disrupt the “normative ordinary”?",performance,https://ars.electronica.art/negotiatinghumanity/en/view/GlitchLeakOverflowingBodiesinPublicSpaceatMainSquare-3a538ddb450c80c78ec0e85aaafc3f8b/,Main Square Linz,
"400 Lunas – Music, Dance, Moving Image and Spatial Audio","José Navarro, Priscella Uvalle, Luz Marcela Vásquez",11.09,20:00,21:00,"Created by the collective Lluvia de Palos after more than a decade of research, this project proposes a sensory experience that brings together music, movement and image from a non-hegemonic perspective inspired by Mesoamerican thought.",concert,https://ars.electronica.art/negotiatinghumanity/en/view/400LunasMusicDanceMovingImageandSpatialAudio-38238ddb450c8043b342e2f206b1f736/,"Anton Bruckner University, Sonic Lab",
Die fliegende Holländerin kehrt zurück,Die fliegende Holländerin,11.09,21:00,21:15,"With projectors, text, broadcasts, wild gestures and media of all kinds, the milieu cinema is being taken over.",performance,https://ars.electronica.art/negotiatinghumanity/en/view/DiefliegendeHollnderinkehrtzurck-3a938ddb450c80648be5d80e602f4a25/,"Ars Electronica Center, Maindeck",
GRMW Haunted Nightline,"STADTWERKSTATT, Various Sound and Performance Artists",11.09,22:00,04:00,"Hybrid genres, abstract practices, electronic soundscapes, a ghost train ride featuring living, dead and undead media: musicians, sound artists and performers from Linz and around the world will haunt the night: GET READY for HAUNTED NIGHTLINE!",concert,https://ars.electronica.art/negotiatinghumanity/en/view/GRMWHauntedNightline-3a938ddb450c803f97f5e982d365e06c/,Stadtwerkstatt,
Ars Electronica Nightline,,11.09,23:00,04:00,"The Ars Electronica Nightline 2026 transforms Posthof Linz into a pulsating space of sonic experimentation, physical expression and political intensity. With a line-up of live acts, audiovisual performances and electrifying DJ sets, the night becomes a shared space of experience, a place where different perspectives do not inevitably harden into irreconcilable opposites, but can meet and enter in…",concert,https://ars.electronica.art/negotiatinghumanity/en/view/ArsElectronicaNightline-34a38ddb450c804da116ed5f38dd5186/,Posthof Linz,
FARCE,FARCE,11.09,23:00,23:30,"FARCE is Vienna-based producer, songwriter and performer Veronika König. Blending club music with experimental structures through her genre-defying avant-pop, she has performed at festivals including Primavera Sound and Popfest Wien, while also working as a producer with a wide range of artists.",concert,https://ars.electronica.art/negotiatinghumanity/en/view/FARCE-39f38ddb450c814ea5ede5f08849b7a1/,Posthof Linz,
Living Matter,"Arthur Hnatek, Sophie Le Meillour",11.09,23:35,00:15,Swiss drummer and electronic artist Arthur Hnatek joins visual artist Sophie Le Meillour to transform acoustic drums into a real-time audiovisual system.,concert,https://ars.electronica.art/negotiatinghumanity/en/view/LivingMatter-38f38ddb450c81a1a087ce63ca360c9b/,Posthof Linz,
Haunted Herstory: Herzblutwiese Stadtwerkstatt – Screening at Milieukino,"Tanja Brandmayr, Claudia Dworschak",12.09,00:00,02:00,"The essay film Herzblutwiese Stadtwerkstatt addresses feminism, equal rights and gender equality at the Stadtwerkstatt, the longest-running autonomous art and culture space in the city of Linz.",screening,https://ars.electronica.art/negotiatinghumanity/en/view/HauntedHerstoryHerzblutwieseStadtwerkstattScreeningatMilieukino-39838ddb450c807c9aa8c78aadaa6f43/,Stadtwerkstatt,
Yao Bobby x Simon Grab,"Yao Bobby, Simon Grab",12.09,00:20,01:05,Experimental HipHop with a sound system vibe—a raw and high energy sound battle! Togolese rapper Yao Bobby fires his razor-sharp rhymes into a dark world of electronic bass and beat pulsations by Swiss madman Simon Grab. Freeform Rap and Noise with a dubby punk attitude.,concert,https://ars.electronica.art/negotiatinghumanity/en/view/YaoBobbyxSimonGrab-39638ddb450c8136a5b3d7f406bd92d3/,Posthof Linz,
Owelle (live visuals by Structurals),"Owelle, Structurals, Valérie Siron, Pablo Felley, Théo Phildius",12.09,01:10,01:55,"Owelle’s live explores how sound, light and fiction reshape space and identity. Their hardware-based live performance merges with Structurals’ real-time visuals and light scenography, creating an immersive corporate fiction where music, image and narrative converge.",performance,https://ars.electronica.art/negotiatinghumanity/en/view/OwellelivevisualsbyStructurals-3a038ddb450c81b68e84e2a3c0ad3e62/,Posthof Linz,
Nadia Struiwigh,Nadia Struiwigh,12.09,02:00,02:45,"Drawing upon the Warp school of electronica, Nadia Struiwigh’s sound bridges deep, beatless ambient immersions and kinetic, hardware-driven techno.",concert,https://ars.electronica.art/negotiatinghumanity/en/view/NadiaStruiwigh-3ab38ddb450c80538391e8e4db8fb934/,Posthof Linz,
ZOBAYDA,ZOBAYDA,12.09,02:50,04:00,"ZOBAYDA is an Egyptian DJ and multidisciplinary artist based in Amsterdam. Guided by rhythm andpercussion, her sets center energy and the tradition of bringing people together. She blends sounds from the Global South and its diaspora with a disregard for strict genre boundaries.",concert,https://ars.electronica.art/negotiatinghumanity/en/view/ZOBAYDA-38f38ddb450c81a1bc5eeafe2b4faed6/,Posthof Linz,
Ars Electronica Center Exhibitions,,12.09,10:00,19:00,"Interactive stations, works of art, research projects, large-scale projections and laboratories. The Ars Electronica Center invites you to exciting and inspiring excursions into the future fields of Artificial Intelligence and neuroscience, robotics and autonomous mobility, as well as genetic engineering and biotechnology!",exhibition,https://ars.electronica.art/negotiatinghumanity/en/view/ArsElectronicaCenterExhibitions-34a38ddb450c80cb984ac0ab4598ef15/,Ars Electronica Center,
Ars Electronica Features Exhibition,,12.09,10:00,19:00,"The Ars Electronica Features Exhibition brings together 16 partners presenting artistic and research-based perspectives on the relationship between human intention, algorithmic process and biological life under the festival theme NEGOTIATING HUMANITY – FUTURE BEGINS.",exhibition,https://ars.electronica.art/negotiatinghumanity/en/view/ArsElectronicaFeaturesExhibition-34a38ddb450c80678731f3394eab291f/,Francisco Carolinum,
Ars Electronica Solutions Exhibition,,12.09,10:00,19:00,"What happens behind the scenes at Ars Electronica Solutions? This interactive space for dialogue and experience takes visitors on a journey from the first idea to innovative applications and immersive experiences. Agentic systems accompany them through the exhibition, bringing the processes behind the projects to life.",exhibition,https://ars.electronica.art/negotiatinghumanity/en/view/ArsElectronicaSolutionsExhibition-38b38ddb450c80778cf6e4873babe278/,"Ars Electronica Center, Level -3",
Deep Space Selection,,12.09,10:00,10:30,"At Deep Space Selection, we present several times a day a changing selection from our diverse program, which we’ve been continuously developing since 2009. Visitors can look forward to exciting stories and immersive experiences spanning media art, science and technology.",experience,https://ars.electronica.art/negotiatinghumanity/en/view/DeepSpaceSelection-3a438ddb450c8064afbaf2f7cd324cbd/,"Ars Electronica Center, Level 0, Deep Space 8K",registration: https://mailworx.marketingsuite.info/Form?ev=084011bd-e0d3-4e38-aa3d-c070fd82631f
DIE KUNSTSCHAFFENDEN | Meet the Artist: Robert Moser,Robert Moser,12.09,10:00,17:00,"Meet artist Robert Moser for a conversation on the exhibition In the Paradise of Painting. Or: On Growth and Refinement, on view at DIE KUNSTSCHAFFENDEN.",meet the artist,https://ars.electronica.art/negotiatinghumanity/en/view/DIEKUNSTSCHAFFENDENMeettheArtistRobertMoser-3aa38ddb450c81b48fa2f3681fa17fc8/,"Ursulinenhof Linz, DIE KUNSTSCHAFFENDEN",
FESTIVAL WALK: Negotiating the Real,,12.09,10:00,19:00,"The exhibition Negotiating the Real – The Desire to Believe explores this year’s festival theme through artworks spread across eight locations throughout Linz. It examines how certainty is socially produced, investigating which claims to truth compete with one another, which become stabilized and which remain marginalized.",exhibition,https://ars.electronica.art/negotiatinghumanity/en/view/FESTIVALWALKNegotiatingtheReal-34a38ddb450c80e59541c1e2a638adce/,OK Platz,
Hello Worlds!,,12.09,10:00,19:00,"How is our understanding of being human changing? Through artistic prototypes, interactive installations, and evolving artworks, Hello Worlds! invites visitors to experience, question and help shape possible futures together. Who will we become? What does it mean to be human?",exhibition,https://ars.electronica.art/negotiatinghumanity/en/view/HelloWorlds-38238ddb450c80c9bdc2e6c2b570d674/,"Ars Electronica Center, Level -3, Hello Worlds!",
Intro Session FESTIVAL WALK: Negotiating the Real,,12.09,10:00,18:30,You don’t know where to start? Come join one of our Intro Sessions for the FESTIVAL WALK. Our art educators offer you in-depth insights into selected projects from the exhibition.,guided tour,https://ars.electronica.art/negotiatinghumanity/en/view/IntroSessionFESTIVALWALKNegotiatingtheReal-3a638ddb450c8018a53dcd7313f98207/,Priesterseminar,
Layers of Time: City Tour meets Media Arts (DE),"Wolfram Starczewski, WE GUIDE YOU",12.09,10:00,11:30,"Discover how Linz’s historic buildings became today’s festival venues. Each stop begins with the site’s history and architectural significance before we introduce the artworks, creating a dialogue between past, present and future.",guided tour,https://ars.electronica.art/negotiatinghumanity/en/view/LayersofTimeCityTourmeetsMediaArtsDE-ae438ddb450c83c1998981764e7f6f81/,"OK Platz, WE GUIDE YOU Meeting Point",registration: https://kupfticket.com/events/expert-tours-ok-quarter-8e5fa71493
LIT—Linz Institute of Technology Exhibition,,12.09,10:00,19:00,JKU scientists exchange inspiring ideas with locally and internationally renowned artists to create a platform to discuss and experience research at the intersection with art in a playful manner.,exhibition,https://ars.electronica.art/negotiatinghumanity/en/view/LITLinzInstituteofTechnologyExhibition-34a38ddb450c8068a57fe12cc2f48e1a/,,
Negotiating Beyond Humanity,Masha Zolotova,12.09,10:00,19:00,"While the festival theme NEGOTIATING HUMANITY – FUTURE BEGINS proposes that humanity is not a fixed condition, but an ongoing process of negotiation, Negotiating Beyond Humanity expands this horizon by turning towards the more-than-human beings.",exhibition,https://ars.electronica.art/negotiatinghumanity/en/view/NegotiatingBeyondHumanity-38338ddb450c80b394f8d7c836a5ba35/,"Ursulinenhof Linz, Attic",
Negotiating Humanity,,12.09,10:00,18:00,"Featuring six award-winning works from the Prix Ars Electronica 2026 and the European Commission’s STARTS Prize 2026, this exhibition explores what it means to be human. The diverse artistic perspectives challenge familiar assumptions and invite visitors to negotiate humanity anew.",exhibition,https://ars.electronica.art/negotiatinghumanity/en/view/NegotiatingHumanity-34a38ddb450c80b59fb5e33469d2912b/,Lentos Kunstmuseum,
Open Futurelab – Exhibition,,12.09,10:00,19:00,"Open Futurelab makes artistic research visible as it happens: through prototypes, interactive installations and experiments that invite visitors to question, imagine, and actively shape possible futures.",exhibition,https://ars.electronica.art/negotiatinghumanity/en/view/OpenFuturelabExhibition-34a38ddb450c80eb87d7e2feb36ce9b0/,"Ars Electronica Center, Level -3, Open Futurelab",
Spotlight Tour FESTIVAL WALK: Negotiating the Real (EN),,12.09,10:00,11:30,"How do we negotiate reality? How does community form, both among us humans and with other living beings? What systems of belief shape the conflicts we face in this process and what role does technology play?",guided tour,https://ars.electronica.art/negotiatinghumanity/en/view/SpotlightTourFESTIVALWALKNegotiatingtheRealEN-39538ddb450c804487b4d97d74b94fc8/,"OK Platz, WE GUIDE YOU Meeting Point",registration: https://kupfticket.com/events/spotlight-tour-festival-walk-negotiating-the-real-d64749e33a
Town Hall Meeting: Citizen Science,RIECS-Concept Consortium members,12.09,10:00,11:00,"For this Town Hall Meeting, we are inviting our partner institutions involved in current EU-funded Citizen Science projects as well as professionals from a wide range of institutions, citizens, stakeholders and representatives of grassroots, bottom-up and community-driven research.",networking event,https://ars.electronica.art/negotiatinghumanity/en/view/TownHallMeetingCitizenScience-39138ddb450c807396f7f8fbd3d93f63/,"OK Linz, voestalpine OPEN SPACE",registration: https://mailworx.marketingsuite.info/Form?frm=c711fe3c-dffd-4979-839c-7e4757abc978
u19—create your world Exhibition,,12.09,10:00,19:00,The exhibition showcases the 23 winning projects in the u19—create your world category of the Prix Ars Electronica 2026.,exhibition,https://ars.electronica.art/negotiatinghumanity/en/view/u19createyourworldExhibition-38438ddb450c815a91aac30837379922/,,
Open Futurelab Tour (EN),,12.09,10:15,11:15,"In this guided tour, you experience prototypes, installations and the new exhibition Hello Worlds! by the artistic R&D laboratory and atelier Ars Electronica Futurelab.",guided tour,https://ars.electronica.art/negotiatinghumanity/en/view/OpenFuturelabTourEN-57838ddb450c836199a1014a64eadb52/,"Ars Electronica Center, Level 0, Guided Tours & Workshops Desk",registration: https://kupfticket.com/events/ars-electronica-center-tours-fr-119-a057c9cf20
Intro Session: Negotiating Beyond Humanity,,12.09,10:30,18:30,You don’t know where to start? Come join one of our Intro Sessions. Our art educators offer you in-depth insights into selected projects from the festival's most important exhibitions.,guided tour,https://ars.electronica.art/negotiatinghumanity/en/view/IntroSessionNegotiatingBeyondHumanity-46538ddb450c82f09844019031627a02/,"Ursulinenhof Linz, Attic",
Intro Session: Negotiating Humanity,,12.09,10:30,18:00,You don’t know where to start? Come join one of our Intro Sessions. Our art educators offer you in-depth insights into selected projects from the festival’s most important exhibitions.,guided tour,https://ars.electronica.art/negotiatinghumanity/en/view/IntroSessionNegotiatingHumanity-39138ddb450c809d8d81dd85268614f5/,Lentos Kunstmuseum,
Little Explorers: Kids’ Tour,,12.09,10:30,12:00,"Join us on a playful journey through projects at the intersection of art, technology and society.",guided tour,https://ars.electronica.art/negotiatinghumanity/en/view/LittleExplorersKidsTour-3ae38ddb450c8064a99fd5812df57c06/,"OK Platz, WE GUIDE YOU Meeting Point",registration: https://kupfticket.com/events/little-explorers-kids-tour-7c901fd87a
Science Experience,,12.09,10:30,11:00,"Over the course of 30 minutes, we will cover a variety of topics from Earth observation and climate data to planetary defence. Join us for a compact, concrete and live discussion with ESA experts.",experience,https://ars.electronica.art/negotiatinghumanity/en/view/ScienceExperience-6e138ddb450c837097dc81e01ec469ea/,"Ars Electronica Center, Level 0, Deep Space 8K",registration: https://mailworx.marketingsuite.info/Form?ev=11531853-ea8e-4417-b84f-c8be2bbc5420
Spotlight Tour: Negotiating Humanity (DE),,12.09,10:30,12:00,Wie verhandeln wir die Menschheit? Was darf nicht verhandelbar sein? Wie gehen wir auf individueller und kollektiver Ebene mit Konflikten um? Und welche Rolle spielt die Kunst in diesem Prozess?,guided tour,https://ars.electronica.art/negotiatinghumanity/en/view/SpotlightTourNegotiatingHumanityDE-39838ddb450c807fb3a9d19e3cefc7ea/,Lentos Kunstmuseum,registration: https://kupfticket.com/events/spotlight-tour-negotiating-humanity-9d74dd7c2d
Spotlight Tour: Negotiating Humanity (EN),,12.09,10:30,12:00,What can we negotiate when it comes to humanity? What must remain non-negotiable? How do we engage with conflicts on an individual and collective level? And what role does art play in this process?,guided tour,https://ars.electronica.art/negotiatinghumanity/en/view/SpotlightTourNegotiatingHumanityEN-39838ddb450c8078b25ddadd9162b41b/,Lentos Kunstmuseum,registration: https://kupfticket.com/events/spotlight-tour-negotiating-humanity-86e975ad8b
HandsOn: Man x Machine,,12.09,10:45,11:15,"How close can robots actually get to us? From prosthetics that replace lost abilities, and exoskeletons that support and strengthen us, to robots that accompany and assist us—this HandsOn presentation demonstrates robotics as a technology of closeness.",experience,https://ars.electronica.art/negotiatinghumanity/en/view/HandsOnManxMachine-39738ddb450c80309d0cc9653b295675/,"Ars Electronica Center, Level -1",
Ars Electronica Campus Exhibition,,12.09,11:00,20:00,"Co-hosted by Ars Electronica and the University of Arts Linz, 45 universities from across the world gather at Ars Electronica Campus Exhibition 2026. Together they create a temporary, imperfect, necessary space where NEGOTIATING HUMANITY is not a theme but a practice.",exhibition,https://ars.electronica.art/negotiatinghumanity/en/view/ArsElectronicaCampusExhibition-34a38ddb450c8099aa01fc4acd2346bf/,University of Arts Linz,
behind the scenes,Akademie des Österreichischen Films,12.09,11:00,13:00,Various associations and film professionals offer open workshops providing insights into their work on a film set.,open lab,https://ars.electronica.art/negotiatinghumanity/en/view/behindthescenes-3c738ddb450c800fae73f0ee20da5bdb/,"JKU MED Campus, Plaza",
"Brunch at the Tangible Music Lab, Tabakfabrik Linz",,12.09,11:00,14:00,"The doors of the Tangible Music Lab will be open for those attending this year’s Ars Electronica Festival. Visitors will have the opportunity to explore experimental musical interfaces, interactive instruments and current research projects.",networking event,https://ars.electronica.art/negotiatinghumanity/en/view/BrunchattheTangibleMusicLabTabakfabrikLinz-38238ddb450c803eb5eacb22c57ab9fd/,Tabakfabrik,
Expanded Play Gallery – Exhibition of Playful Media,,12.09,11:00,19:30,"Now in its third edition, the Expanded Play Gallery features a curated selection of interactive works that address a wide range of topics through the medium of play.",exhibition,https://ars.electronica.art/negotiatinghumanity/en/view/ExpandedPlayGalleryExhibitionofPlayfulMedia-34a38ddb450c800f93f1e2e284d718b8/,Atelierhaus Salzamt,
Expert Tour: Christl Baur (DE),Christl Baur,12.09,11:00,12:30,"Join Christl Baur, Head of the Ars Electronica Festival and Program Director, as she takes you on a guided tour through the theme exhibition Negotiating Humanity.",guided tour,https://ars.electronica.art/negotiatinghumanity/en/view/ExpertTourChristlBaurDE-39138ddb450c803a8818e559249f1bc3/,Lentos Kunstmuseum,registration: https://kupfticket.com/events/expert-tours-danube-triangle-a3a2c796f1
Future Screenshots,"Mushon Zer-Aviv, Mushon Zer Aviv",12.09,11:00,12:30,"What if we could reach into a possible future, unlock a phone and take a screenshot? Together we will draft messages, maps, prompts and posts from worlds that do not yet exist—and discover how the futures we imagine today is where the future begins.",workshop,https://ars.electronica.art/negotiatinghumanity/en/view/FutureScreenshots-3a538ddb450c81fba4fef0567a849723/,"Catholic Private University Linz, Linz Diocesan Library",registration: https://mailworx.marketingsuite.info/Form?frm=43d9f37a-73e8-4864-a7bd-e43b4e6f226d
Jamming with and as Pastagang,Pastagang,12.09,11:00,14:00,"Learn to jam with and as Pastagang: At the heart of it is the live coding language Strudel. For visuals, Pastagang tends to use the visual synthesizer language Hydra. Start from the beginning, no experience is needed.",workshop,https://ars.electronica.art/negotiatinghumanity/en/view/JammingwithandasPastagang-3b538ddb450c802da507e07b18355a55/,"Ars Electronica Center, Maindeck",
JKU Art & Science Tour (DE),"Gregor Pechmann, Denise Atteneder",12.09,11:00,12:00,"Embark on a journey through the JKU MED Campus and discover one of the festival’s most inspiring hubs. From research to artistic exploration, the tour reveals where science, creativity and future visions converge through JKU projects exploring the dialogue between art, technology and society.",guided tour,https://ars.electronica.art/negotiatinghumanity/en/view/JKUArtScienceTourDE-cf038ddb450c82c0b4ea812edd385234/,"JKU MED Campus, Administration Building (ADM), Infodesk",registration: https://kupfticket.com/events/jku-med-campus-tours-bda00d1beb
Leonardo LASER Talks Linz – Lab Songs Vol. III: Quantum Vermouth,"Jens Hauser, Antonio Jesús Gómez Delegido, Patricia Soto Molina, Fabricio Lamoncha",12.09,11:00,20:00,"Leonardo LASER is an international program that brings together artists, scientists, academics and the public to share their work and inspire one another through presentations, performances and discussions.",lecture & talk,https://ars.electronica.art/negotiatinghumanity/en/view/LeonardoLASERTalksLinzLabSongsVol.IIIQuantumVermouth-db938ddb450c83c4ac538176bf4192dd/,,
MEET THE SCIENTIST: ASTER+S > ART ^ GENETICS,Guillermo Antiñolo Gil,12.09,11:00,12:00,"How can we imagine the present and future of genetics through art? This exhibition translates invisible scientific territories into artistic, critical and sensitive experiences. It also incorporates a gender dimension, recovering essential figures in the history of genetics.",meet the artist,https://ars.electronica.art/negotiatinghumanity/en/view/MEETTHESCIENTISTASTERSARTGENETICS-39538ddb450c81ecad69ff3d8d67cdda/,,
Opening: Living Archives,Gerfried Stocker,12.09,11:00,12:00,"To open the day’s focus on Living Archives, Ars Electronica invites you to a 60-minute opening performance in Deep Space 8K. Following a welcome address, Gerfried Stocker guides the audience through selected highlights of this year’s festival programme as well as standout projects from the previous year.",experience,https://ars.electronica.art/negotiatinghumanity/en/view/OpeningLivingArchives-3b138ddb450c8044a758fb3be9981c7a/,"Ars Electronica Center, Level 0, Deep Space 8K",registration: https://mailworx.marketingsuite.info/Form?ev=f4db7a2a-5a77-46ee-aab3-aa70a760a7eb
Soiled,"Anne Daebeler, Magdalena Wutkowska",12.09,11:00,13:00,"Guided by science and curiosity, this workshop will provide a sensory exploration of the vast forms of life that exist in soil in order to spark gratitude and compassion. Participants will evolve from being scientists discovering otherly beings to the soiled life itself creating and residing within the Earth’s fragile skin.",workshop,https://ars.electronica.art/negotiatinghumanity/en/view/Soiled-3a338ddb450c8152b070dba10c23ca88/,"Ursulinenhof Linz, Gewölbesaal",registration: https://mailworx.marketingsuite.info/Form?frm=d5659bb1-3478-4061-9a8a-76b0b45a3115
"Sonic Saturday: Audible Futures, Silent Decisions",,12.09,11:00,21:00,"Sonic Saturday hosted by Anton Bruckner University features spatial sound concerts, live performances, and audiovisual and sound installations. This year’s edition explores how the future takes form within sonic practices.",collection,https://ars.electronica.art/negotiatinghumanity/en/view/SonicSaturdayAudibleFuturesSilentDecisions-38238ddb450c80f8881dccf6abfc5734/,Anton Bruckner University,
Spotlight Tour FESTIVAL WALK: Negotiating the Real (DE),,12.09,11:00,12:30,"How do we negotiate reality? How does community form, both among us humans and with other living beings? What systems of belief shape the conflicts we face in this process and what role does technology play?",guided tour,https://ars.electronica.art/negotiatinghumanity/en/view/SpotlightTourFESTIVALWALKNegotiatingtheRealDE-39538ddb450c804cb40efcf4008dd0f2/,"OK Platz, WE GUIDE YOU Meeting Point",registration: https://kupfticket.com/events/spotlight-tour-festival-walk-negotiating-the-real-4f42bdf5d5
Spotlight Tour FESTIVAL WALK: Negotiating the Real (EN),,12.09,11:00,12:30,"How do we negotiate reality? How does community form, both among us humans and with other living beings? What systems of belief shape the conflicts we face in this process and what role does technology play?",guided tour,https://ars.electronica.art/negotiatinghumanity/en/view/SpotlightTourFESTIVALWALKNegotiatingtheRealEN-39538ddb450c804487b4d97d74b94fc8/,"OK Platz, WE GUIDE YOU Meeting Point",registration: https://kupfticket.com/events/spotlight-tour-festival-walk-negotiating-the-real-f47499f13a
Beyond Reconstruction: Digital Heritage and Cultural Resilience,"Ludovica Arci, Melinda File, Raphael Schaumburg-Lippe, Anna Weiss",12.09,11:15,12:15,"In this discussion, we explore what role technology and art can play in moving from conservation or reconstruction to cultural resilience—taking responsibility when history, and thus our future, is under threat.",panel discussion,https://ars.electronica.art/negotiatinghumanity/en/view/BeyondReconstructionDigitalHeritageandCulturalResilience-3a538ddb450c80e2ab62c6b9d025fbe4/,"Ars Electronica Center, Level -3, Open Futurelab",
WE GUIDE YOU: Homo futuris (DE),,12.09,11:15,12:15,"As a species that has shaped the Earth, humans have transformed their environment like no other species before. With every new technology, our influence—and our responsibility for the future we are shaping—potentially grows.",guided tour,https://ars.electronica.art/negotiatinghumanity/en/view/WEGUIDEYOUHomofuturisDE-37c38ddb450c80eb81ffe889890cceeb/,"Ars Electronica Center, Level 0, Guided Tours & Workshops Desk",registration: https://kupfticket.com/events/ars-electronica-tours-mi-9926-d342666c60
WE GUIDE YOU: Homo futuris (EN),,12.09,11:15,12:15,"As a species that has shaped the Earth, humans have transformed their environment like no other species before. With every new technology, our influence—and our responsibility for the future we are shaping—potentially grows.",guided tour,https://ars.electronica.art/negotiatinghumanity/en/view/WEGUIDEYOUHomofuturisEN-c3738ddb450c83379f3201d3aa0c858f/,"Ars Electronica Center, Level 0, Guided Tours & Workshops Desk",registration: https://kupfticket.com/events/ars-electronica-tours-mi-9926-3ad6492bbb
Expert Tour FESTIVAL WALK: Elisabeth Falkensteiner (DE),Elisabeth Falkensteiner,12.09,11:30,13:00,"The FESTIVAL WALK exhibition tour takes visitors to eight different locations around OK Platz in Linz, guided by co-curator Elisabeth Falkensteiner.",guided tour,https://ars.electronica.art/negotiatinghumanity/en/view/ExpertTourFESTIVALWALKElisabethFalkensteinerDE-19138ddb450c824ba1fc012899fb469a/,"OK Platz, WE GUIDE YOU Meeting Point",registration: https://kupfticket.com/events/expert-tours-ok-quarter-004ecfdab5
HandsOn: Neuro-Bionics,,12.09,11:45,12:15,"There is a worm in our robot! At least its brain—because a worm’s nervous system can already be “copied” into a machine. But even the human brain, with all the data it produces, can already be read and interpreted well by using EEG and brain/computer interfaces, and can even control things outside the body.",experience,https://ars.electronica.art/negotiatinghumanity/en/view/HandsOnNeuro-Bionics-0ad38ddb450c8270822a01d8ad81733d/,"Ars Electronica Center, Level -3",
"12.5 square meters—space for a car, or…","Klasse 1b, Mittelschule Kettenbrücke, Elisabeth Berger, Alexander Janus",12.09,12:00,14:00,The project started with an empty parking space in the schoolyard and the children’s complaints about the lack of space to move around.,project,https://ars.electronica.art/negotiatinghumanity/en/view/12.5squaremetersspaceforacaror-3b238ddb450c804ba348d76e96e8e557/,C. Bechstein Centrum Linz,
MERGING VISIONS,Merve Sahin,12.09,12:00,12:30,"MERGING VISIONS is an immersive journey through the Salzburg Festival. Expanding the urban digital twin into a medium for storytelling, it reveals the site’s geological, ecological, and cultural dimensions, exploring relationships between cities, culture and natural systems.",experience,https://ars.electronica.art/negotiatinghumanity/en/view/MERGINGVISIONS-38d38ddb450c81b1b50cff759475496a/,"Ars Electronica Center, Level 0, Deep Space 8K",registration: https://mailworx.marketingsuite.info/Form?ev=f58d06c2-8c62-4d0b-8c6d-57b5e0e0c930
Seeds of the Unthinkable,"Alexandra Burgos-Thorsen, Sofie Burgos-Thorsen",12.09,12:00,14:00,"Researchers from INVI and University of Copenhagen show you how to use AI to imagine new futures for our food and health systems, from what lives in our soils today to what will land on our plate in 2050. Decode AI-generated images, make your own visions come to life and help expand the collective imagination!",workshop,https://ars.electronica.art/negotiatinghumanity/en/view/SeedsoftheUnthinkable-39038ddb450c8158b6a3fd10f4d4ff0d/,Main Square Linz,
Spotlight Tour FESTIVAL WALK: Negotiating the Real (DE),,12.09,12:00,13:30,"How do we negotiate reality? How does community form, both among us humans and with other living beings? What systems of belief shape the conflicts we face in this process and what role does technology play?",guided tour,https://ars.electronica.art/negotiatinghumanity/en/view/SpotlightTourFESTIVALWALKNegotiatingtheRealDE-39538ddb450c804cb40efcf4008dd0f2/,"OK Platz, WE GUIDE YOU Meeting Point",registration: https://kupfticket.com/events/spotlight-tour-festival-walk-negotiating-the-real-fa3285fdbb
Spotlight Tour FESTIVAL WALK: Negotiating the Real (EN),,12.09,12:00,13:30,"How do we negotiate reality? How does community form, both among us humans and with other living beings? What systems of belief shape the conflicts we face in this process and what role does technology play?",guided tour,https://ars.electronica.art/negotiatinghumanity/en/view/SpotlightTourFESTIVALWALKNegotiatingtheRealEN-39538ddb450c804487b4d97d74b94fc8/,"OK Platz, WE GUIDE YOU Meeting Point",registration: https://kupfticket.com/events/spotlight-tour-festival-walk-negotiating-the-real-239172ac8f
Hello Worlds! Futurelab Tour (DE),,12.09,12:15,12:45,"Explore Hello Worlds! together with the people behind the project. Researchers, artists, designers, developers and collaboration partners guide you through the exhibition, sharing the ideas, technologies and research behind the works—and, if you like, continue the conversation afterwards.",guided tour,https://ars.electronica.art/negotiatinghumanity/en/view/HelloWorldsFuturelabTourDE-3a038ddb450c81a082addecc3a0f5031/,"Ars Electronica Center, Level 0, Guided Tours & Workshops Desk",registration: https://kupfticket.com/events/ars-electronica-center-tours-fr-119-c5b5b2619c
Faust 2023 revised,"Margarethe Lasinger, Peter Freudling, Salzburger Festspiele",12.09,12:30,13:00,"In 2023, the Ars Electronica Futurelab and Salzburg Festival virtually reconstructed the monumental “Faust City“ from Max Reinhardt’s iconic production of Faust (1933). Now a revised version is presented in Salzburg— the team gives insights into its creation at Deep Space 8K.",experience,https://ars.electronica.art/negotiatinghumanity/en/view/Faust2023revised-38838ddb450c819696cee9062eab9dae/,"Ars Electronica Center, Level 0, Deep Space 8K",registration: https://mailworx.marketingsuite.info/Form?ev=3accf16f-94bc-492c-85b3-9784057a7dc6
Holy Echo,evala,12.09,12:30,17:30,"Beyond the visible: a prayer in resonance. Holy Echo by evala transforms Linz’s Mariendom. Shifting focus from theology to perception, this spatial audio project proposes that a space becomes sacred not through decree, but when human perception is profoundly reorganized through resonance.",exhibition,https://ars.electronica.art/negotiatinghumanity/en/view/HolyEcho-38f38ddb450c8187a872e89a0251e1bf/,St. Mary’s Cathedral,
Spotlight Tour: Negotiating Humanity (DE),,12.09,12:30,14:00,Wie verhandeln wir die Menschheit? Was darf nicht verhandelbar sein? Wie gehen wir auf individueller und kollektiver Ebene mit Konflikten um? Und welche Rolle spielt die Kunst in diesem Prozess?,guided tour,https://ars.electronica.art/negotiatinghumanity/en/view/SpotlightTourNegotiatingHumanityDE-39838ddb450c807fb3a9d19e3cefc7ea/,Lentos Kunstmuseum,registration: https://kupfticket.com/events/spotlight-tour-negotiating-humanity-684007dea8
Spotlight Tour: Negotiating Humanity (EN),,12.09,12:30,14:00,What can we negotiate when it comes to humanity? What must remain non-negotiable? How do we engage with conflicts on an individual and collective level? And what role does art play in this process?,guided tour,https://ars.electronica.art/negotiatinghumanity/en/view/SpotlightTourNegotiatingHumanityEN-39838ddb450c8078b25ddadd9162b41b/,Lentos Kunstmuseum,registration: https://kupfticket.com/events/spotlight-tour-negotiating-humanity-4bde73f609
Town Hall Meeting: Conflict Culture,"Veronika Liebl, Christl Baur, Gerfried Stocker",12.09,12:30,13:30,"A space to think through what it means when art becomes an infrastructure for negotiation, and what societies lose when the capacity for genuine disagreement disappears.",networking event,https://ars.electronica.art/negotiatinghumanity/en/view/TownHallMeetingConflictCulture-39138ddb450c80db926cdd2baf7b37e2/,"OK Linz, voestalpine OPEN SPACE",registration: https://mailworx.marketingsuite.info/Form?frm=731efb9d-66b0-4517-8a3d-2e902973c2bf
Best-of 3D JKU medSPACE,,12.09,13:00,14:30,"Visitors are invited to experience current developments in medicine, teaching and research first-hand at JKU medSPACE, where JKU university clinics and institutes present virtual anatomy and offer new perspectives in 3D operations on the heart, brain, abdomen, shoulder and eye.",experience,https://ars.electronica.art/negotiatinghumanity/en/view/Best-of3DJKUmedSPACE-3a638ddb450c81aaa4eccd92b3ea9676/,"JKU MED Campus, Laboratory Building (LAB), Level 1, JKU medSPACE",
BMW Hydrogen Strategy (DE),Jürgen Guldner,12.09,13:00,13:10,"What role can hydrogen play in tomorrow’s mobility? BMW Group shares its strategy for integrating fuel cell technology into its future vehicle portfolio—highlighting hydrogen as an important energy carrier, an effective storage medium for renewable energy and a complement to battery-electric mobility.",lecture & talk,https://ars.electronica.art/negotiatinghumanity/en/view/BMWHydrogenStrategyDE-3ad38ddb450c811bb9ddd38417594800/,splace,
Creative Coding Open House (SAT 12.9.),"Amir Bastan, Cécile Bucher, Chris Coleman, Raphaël de Courville, Joreg",12.09,13:00,18:00,"Whether you are a novvvvice or enjoying vvvv professionally, join us for an afternoon of demos. Bring your own patch or just check out what is on display.",open lab,https://ars.electronica.art/negotiatinghumanity/en/view/CreativeCodingOpenHouseSAT12.9.-3a838ddb450c81d39acadf12fbdb148f/,PopUp Store,
Hello Words! Behind the Prototype: How Ideas Become Experiences,"Marianne Eisl, Nicolas Naveau, Kerstin Blätterbinder, Takuma Suzuki, Misako Kawata, Takashi Nishimura",12.09,13:00,13:30,"How do ideas become experiences? Meet the team behind Hello Worlds! and discover how artistic research, experimental R&D and the long-term collaboration between the Ars Electronica Futurelab and Toyota Motor Corporation’s Advanced R&D and Engineering Company became an interactive exhibition.",open lab,https://ars.electronica.art/negotiatinghumanity/en/view/HelloWordsBehindthePrototypeHowIdeasBecomeExperiences-3a038ddb450c81119129c97b5ed0b6c6/,"Ars Electronica Center, Level -3, Open Futurelab",
Live Cinema Lab,Lukas Strasser,12.09,13:00,18:00,"The Live Cinema Lab invites participants to become part of a filmmaking process. Within an open installation, they experience different departments of filmmaking and their interplay firsthand through experimenting, exploring and collaboratively developing a scene.",open lab,https://ars.electronica.art/negotiatinghumanity/en/view/LiveCinemaLab-3a738ddb450c802b8dbfe3224df28ed1/,"JKU MED Campus, Plaza",
Patterns of Dehumanization,"Emmanuel Witzthum, Yehuda Cohen, Zuhdi Najeeb, Daphna Horenczyk, Gerfried Stocker, Luc Bernard, Emilie Moatti",12.09,13:00,15:30,"Dehumanization rarely begins with violence. It begins with language, with images, with enemy stereotypes in everyday life. This conference program asks how patterns of dehumanization work, and what art, culture and institutions can set against them.",conference,https://ars.electronica.art/negotiatinghumanity/en/view/PatternsofDehumanization-39e38ddb450c8044a5b8f76d2418da14/,"Ursulinenhof Linz, Ursulinensaal",
Press Start – RADICAL GAMING Performance,"Rajiv Bhagwanbali, Anna Hazarian, Philipp “Flip” Kroll, Alina Lugovskaya",12.09,13:00,13:10,"Dance and gaming experience merge together in this performance which explores belonging, recognition and the darker sides of online communities.",performance,https://ars.electronica.art/negotiatinghumanity/en/view/PressStartRADICALGAMINGPerformance-dec38ddb450c832fb6d901f9e7afa93c/,"JKU MED Campus, Teaching Building (LEH), Level 0, Lecture Hall 2",
Spotlight Tour FESTIVAL WALK: Negotiating the Real (DE),,12.09,13:00,14:30,"How do we negotiate reality? How does community form, both among us humans and with other living beings? What systems of belief shape the conflicts we face in this process and what role does technology play?",guided tour,https://ars.electronica.art/negotiatinghumanity/en/view/SpotlightTourFESTIVALWALKNegotiatingtheRealDE-39538ddb450c804cb40efcf4008dd0f2/,"OK Platz, WE GUIDE YOU Meeting Point",registration: https://kupfticket.com/events/spotlight-tour-festival-walk-negotiating-the-real-76b0ca72ed
The Last Judgement Triptych by Hieronymus Bosch,"Sabine Folie, Claudia Koch",12.09,13:00,13:30,Hieronymus Bosch’s The Last Judgement Triptych is one of the great masterpieces of fine arts history. This presentation guides you through the figure-rich visual world of the 500-year-old painting and the gigapixel reveals the tiniest details that are barely visible to the naked eye on the original.,experience,https://ars.electronica.art/negotiatinghumanity/en/view/TheLastJudgementTriptychbyHieronymusBosch-39238ddb450c814ea5f9f798db70295c/,"Ars Electronica Center, Level 0, Deep Space 8K",registration: https://mailworx.marketingsuite.info/Form?ev=0b105ec0-eebf-4aee-b533-63e1378bf1ab
Where Is the Sound Hiding?,,12.09,13:00,13:45,"The C. Bechstein Centrum Linz invites children on a journey into the world of pianos and grand pianos, full of opportunities to discover, explore and try things out for themselves.",workshop,https://ars.electronica.art/negotiatinghumanity/en/view/WhereIstheSoundHiding-3a338ddb450c80c599dff86fc1090c64/,C. Bechstein Centrum Linz,
WE GUIDE YOU: Homo futuris (DE),,12.09,13:15,14:15,"As a species that has shaped the Earth, humans have transformed their environment like no other species before. With every new technology, our influence—and our responsibility for the future we are shaping—potentially grows.",guided tour,https://ars.electronica.art/negotiatinghumanity/en/view/WEGUIDEYOUHomofuturisDE-37c38ddb450c80eb81ffe889890cceeb/,"Ars Electronica Center, Level 0, Guided Tours & Workshops Desk",registration: https://kupfticket.com/events/ars-electronica-tours-mi-9926-7cff670679
WE GUIDE YOU: Homo futuris (EN),,12.09,13:15,14:15,"As a species that has shaped the Earth, humans have transformed their environment like no other species before. With every new technology, our influence—and our responsibility for the future we are shaping—potentially grows.",guided tour,https://ars.electronica.art/negotiatinghumanity/en/view/WEGUIDEYOUHomofuturisEN-c3738ddb450c83379f3201d3aa0c858f/,"Ars Electronica Center, Level 0, Guided Tours & Workshops Desk",registration: https://kupfticket.com/events/ars-electronica-tours-mi-9926-c66f0bb2c1
A Sky of Infinite Wishes,Sputniko!,12.09,13:30,14:00,"An evolving panoramic dusk sky is filled with auspicious signs drawn from East Asian tradition, which are generated endlessly and overwritten by one another until the sky buckles under their excess. Once rare omens seldomly read in the heavens, the work questions whether a blessing reproduced infinitely can still hold meaning.",screening,https://ars.electronica.art/negotiatinghumanity/en/view/ASkyofInfiniteWishes-38238ddb450c815fa272d74c73cd62e0/,"Ars Electronica Center, Level 0, Deep Space 8K",registration: https://mailworx.marketingsuite.info/Form?ev=4d20844e-a7c9-45c4-8287-3e3ab97747de
Extended Reality – An Art Form in Public Space (on Trinity-Tarot-Garden),"Ugo Dossi, Stefan Göppel, Markus Stenger, Nina Weiss, Flavia Mazzanti",12.09,13:30,14:15,"How does art change when it enters public space as Extended Reality? Departing from the XR sculpture park Trinity-Tarot-Garden by Ugo Dossi and Stefan Göppel, artists, architects and curators discuss immersive art in public space—with the audience invited to join in.",networking event,https://ars.electronica.art/negotiatinghumanity/en/view/ExtendedRealityAnArtForminPublicSpaceonTrinity-Tarot-Garden-3b338ddb450c81578464dea3cc8895d6/,"OK Linz, voestalpine OPEN SPACE",registration: https://mailworx.marketingsuite.info/Form?frm=437457a5-2189-47a4-80bf-7ed8e819372b
SynTact: Guided Exploration & Discussion,Ricoh,12.09,13:30,14:00,"Explore SynTact, an interactive installation imagining future forms of collaboration beyond the human. Experience the installation together with the artists and researchers behind the project, and engage in a conversation about communication, collaboration, and care across species and technologies.",open lab,https://ars.electronica.art/negotiatinghumanity/en/view/SynTactGuidedExplorationDiscussion-39f38ddb450c813eb76bc02ea17bdca3/,"Ars Electronica Center, Level -3, Open Futurelab",
The Virus Stories We Carry,"Sonja Bäumel, Helene Burtscher, Christine Marizzi",12.09,13:30,15:30,"What if we could meet viruses on a human scale? This hands-on workshop invites participants to encounter viruses through touch, embodiment and collective making.",workshop,https://ars.electronica.art/negotiatinghumanity/en/view/TheVirusStoriesWeCarry-3a038ddb450c81f9bdbddec916b1cdbd/,"Ursulinenhof Linz, Gewölbesaal",registration: https://mailworx.marketingsuite.info/Form?frm=790f780b-a6ec-478b-bfba-8dcc45f3f286
Artist Q&A with Joseph Herscher,Joseph Herscher,12.09,14:00,15:00,"Meet Joseph Herscher, the artist behind Joseph’s Machines—elaborate chain-reaction contraptions that turn everyday objects into unlikely collaborators.",meet the artist,https://ars.electronica.art/negotiatinghumanity/en/view/ArtistQAwithJosephHerscher-3a538ddb450c8017a27cf49cbaabc515/,,
Artist Tour with Claudia Larcher and Curator Eva Fischer: “No applause. no life. no pain.“,"Claudia Larcher, Eva Fischer",12.09,14:00,15:00,"In this guided tour through the exhibition No applause. no life. no pain. at Francisco Carolinum, artist Claudia Larcher joins the curator of the exhibition, Eva Fischer, to explore how her work unfolds a panorama of change.",guided tour,https://ars.electronica.art/negotiatinghumanity/en/view/ArtistTourwithClaudiaLarcherandCuratorEvaFischerNoapplause.nolife.nopain.-3a938ddb450c80afaff4c112dd8e5b3e/,Francisco Carolinum,
Award Ceremony u19—create your world,,12.09,14:00,16:00,"At the Award Ceremony, the winning projects of the u19—create your world category of the Prix Ars Electronica will be presented, and this year’s prize winners will receive their awards!",award ceremony,https://ars.electronica.art/negotiatinghumanity/en/view/AwardCeremonyu19createyourworld-38438ddb450c80bf90daebfed8347fba/,"JKU MED Campus, Teaching Building (LEH), Level 0, Lecture Hall 1",
BMW Hydrogen Strategy (EN),Jürgen Guldner,12.09,14:00,14:10,"What role can hydrogen play in tomorrow’s mobility? BMW Group shares its strategy for integrating fuel cell technology into its future vehicle portfolio—highlighting hydrogen as an important energy carrier, an effective storage medium for renewable energy and a complement to battery-electric mobility.",lecture & talk,https://ars.electronica.art/negotiatinghumanity/en/view/BMWHydrogenStrategyEN-2f038ddb450c8366b3ac010417133dce/,splace,
Crafting Futures Lab: Crushing the Rocks,Petra Vicianova,12.09,14:00,16:00,The Crushing the Rocks workshop explores the technique of textile printing with mineral pigments obtained from locally found rocks and fragments of old bricks.,workshop,https://ars.electronica.art/negotiatinghumanity/en/view/CraftingFuturesLabCrushingtheRocks-3ae38ddb450c8087b338c73f6bc1e765/,,registration: https://forms.cloud.microsoft/e/4FE2dQRsKx
Deep Space Selection,,12.09,14:00,14:30,"At Deep Space Selection, we present several times a day a changing selection from our diverse program, which we’ve been continuously developing since 2009. Visitors can look forward to exciting stories and immersive experiences spanning media art, science and technology.",experience,https://ars.electronica.art/negotiatinghumanity/en/view/DeepSpaceSelection-3a438ddb450c8064afbaf2f7cd324cbd/,"Ars Electronica Center, Level 0, Deep Space 8K",registration: https://mailworx.marketingsuite.info/Form?ev=111db996-024d-4319-bae3-690f3697c775
Neurogaming: Let your mind play,,12.09,14:00,16:00,"The brain continuously generates, processes and transmits electrical signals that control all bodily functions and shape our perception. This brain activity can be recorded using brain-computer interfaces and visualized in real time. However, this measurement data can also be used for interactive, game-based formats.",open lab,https://ars.electronica.art/negotiatinghumanity/en/view/NeurogamingLetyourmindplay-37c38ddb450c80f9beb5c56f547b44de/,"Ars Electronica Center, Level -3",
Spotlight Tour FESTIVAL WALK: Negotiating the Real (DE),,12.09,14:00,15:30,"How do we negotiate reality? How does community form, both among us humans and with other living beings? What systems of belief shape the conflicts we face in this process and what role does technology play?",guided tour,https://ars.electronica.art/negotiatinghumanity/en/view/SpotlightTourFESTIVALWALKNegotiatingtheRealDE-39538ddb450c804cb40efcf4008dd0f2/,"OK Platz, WE GUIDE YOU Meeting Point",registration: https://kupfticket.com/events/spotlight-tour-festival-walk-negotiating-the-real-bbea8ea47c
Spotlight Tour FESTIVAL WALK: Negotiating the Real (EN),,12.09,14:00,15:30,"How do we negotiate reality? How does community form, both among us humans and with other living beings? What systems of belief shape the conflicts we face in this process and what role does technology play?",guided tour,https://ars.electronica.art/negotiatinghumanity/en/view/SpotlightTourFESTIVALWALKNegotiatingtheRealEN-39538ddb450c804487b4d97d74b94fc8/,"OK Platz, WE GUIDE YOU Meeting Point",registration: https://kupfticket.com/events/spotlight-tour-festival-walk-negotiating-the-real-384e5ae53c
Where Is the Sound Hiding?,,12.09,14:00,14:45,"The C. Bechstein Centrum Linz invites children on a journey into the world of pianos and grand pianos, full of opportunities to discover, explore and try things out for themselves.",workshop,https://ars.electronica.art/negotiatinghumanity/en/view/WhereIstheSoundHiding-3a338ddb450c80c599dff86fc1090c64/,C. Bechstein Centrum Linz,
Where perception happens,"Ash Eliza Smith, Iohanna Nicenboim",12.09,14:00,17:00,"Posthuman Radio is a live sonic cabaret where human and non-human guests are staged together. Tune out the usual noise, tune in, and attune to/with others. We are rehearsing new relations, in real time. The broadcast continues whether we are listening or not. Listen in. Something is always on.",performance,https://ars.electronica.art/negotiatinghumanity/en/view/Whereperceptionhappens-3c938ddb450c8166a785d92546995ff8/,IT:U Digital City Studio Linz,
Ars Electronica Solutions Tour (DE),,12.09,14:15,14:45,"On this tour, we offer a personal look into our working methods and how the Ars Electronica Solutions exhibition came together.",guided tour,https://ars.electronica.art/negotiatinghumanity/en/view/ArsElectronicaSolutionsTourDE-3a338ddb450c80698910f64de93e6eb5/,"Ars Electronica Center, Level 0, Guided Tours & Workshops Desk",registration: https://kupfticket.com/events/ars-electronica-center-tours-do-109-d4daf71851
Open Futurelab Tour (DE),,12.09,14:15,15:15,"In this guided tour, you experience prototypes, installations and the new exhibition Hello Worlds! by the artistic R&D laboratory and atelier Ars Electronica Futurelab.",guided tour,https://ars.electronica.art/negotiatinghumanity/en/view/OpenFuturelabTourDE-3a538ddb450c80c2a39be7d7fc616ec4/,"Ars Electronica Center, Level 0, Guided Tours & Workshops Desk",registration: https://kupfticket.com/events/ars-electronica-center-tours-fr-119-14fe872240
Performances at Main Square,,12.09,14:15,14:45,"The Flood the Zone with Courage program presents a series of interventions, each lasting no more than seven minutes. Through diverse artistic approaches, these interventions reimagine protest, exploring the many forms it can take and inviting audiences into concentrated moments of action.",performance,https://ars.electronica.art/negotiatinghumanity/en/view/PerformancesatMainSquare-3a538ddb450c8042a6e2c78244bdcd22/,Main Square Linz,
New Perspectives on Salzburg,"Anna Weiss, Manuel Dobusch, Martin Hochleitner, Werner Friepesz",12.09,14:30,15:00,"How can digital technologies open new ways of seeing, understanding, negotiating and collectively experiencing cultural heritage? Salzburg Museum and Ars Electronica Futurelab present a Deep Space 8K journey linking Sattler’s historic panorama of Salzburg with a contemporary 360° view of the city.",experience,https://ars.electronica.art/negotiatinghumanity/en/view/NewPerspectivesonSalzburg-38f38ddb450c8075ab37f052b4fd8bd0/,"Ars Electronica Center, Level 0, Deep Space 8K",registration: https://mailworx.marketingsuite.info/Form?ev=6995bf30-0e95-4746-a3e1-0fc1f2c87fc4
Spotlight Tour: Negotiating Humanity (DE),,12.09,14:30,16:00,Wie verhandeln wir die Menschheit? Was darf nicht verhandelbar sein? Wie gehen wir auf individueller und kollektiver Ebene mit Konflikten um? Und welche Rolle spielt die Kunst in diesem Prozess?,guided tour,https://ars.electronica.art/negotiatinghumanity/en/view/SpotlightTourNegotiatingHumanityDE-39838ddb450c807fb3a9d19e3cefc7ea/,Lentos Kunstmuseum,registration: https://kupfticket.com/events/spotlight-tour-negotiating-humanity-e85c4eaab8
Spotlight Tour: Negotiating Humanity (EN),,12.09,14:30,16:00,What can we negotiate when it comes to humanity? What must remain non-negotiable? How do we engage with conflicts on an individual and collective level? And what role does art play in this process?,guided tour,https://ars.electronica.art/negotiatinghumanity/en/view/SpotlightTourNegotiatingHumanityEN-39838ddb450c8078b25ddadd9162b41b/,Lentos Kunstmuseum,registration: https://kupfticket.com/events/spotlight-tour-negotiating-humanity-27158f19be
The Sound of the Day: A Communal Sound Gathering with elekhlekha (อีเหละเขละขละ),"elekhlekha (อีเหละเขละขละ), elekhlekha อีเหละเขละขละ",12.09,14:30,15:15,"In this performance, elekhlekha (อีเหละเขละขละ) bring their Network Gong Ensemble Archive to life through homemade gongs, found objects and an interactive sound world rooted in Southeast Asian tradition—a communal, participatory sound-making and listening experience for all ages.",performance,https://ars.electronica.art/negotiatinghumanity/en/view/TheSoundoftheDayACommunalSoundGatheringwithelekhlekha-39f38ddb450c818b88d6cc6267264a26/,"Francisco Carolinum, Level 2",
Embodied Futures,"Tobias Staab, Silke Schmidt, Black Pearl de Almeida Lima",12.09,14:45,15:30,"What if Mixed Reality opened up spaces to test new forms of embodiment, identity and relation? The Town Hall Embodied Futures invites artists, researchers, developers and visitors into an open exchange on the future of embodied experience in Mixed Reality—where the body is not shown, but lived.",networking event,https://ars.electronica.art/negotiatinghumanity/en/view/EmbodiedFutures-3b338ddb450c813885a3ffbae99c5d35/,"OK Linz, voestalpine OPEN SPACE",registration: https://mailworx.marketingsuite.info/Form?frm=02242db3-323a-4918-8244-4be5ac0ad273
HandsOn: Man x Machine,,12.09,14:45,15:15,"How close can robots actually get to us? From prosthetics that replace lost abilities, and exoskeletons that support and strengthen us, to robots that accompany and assist us—this HandsOn presentation demonstrates robotics as a technology of closeness.",experience,https://ars.electronica.art/negotiatinghumanity/en/view/HandsOnManxMachine-39738ddb450c80309d0cc9653b295675/,"Ars Electronica Center, Level -1",
JKU medFOCUS Tour,,12.09,14:45,16:30,"The Faculty of Medicine of JKU Linz invites visitors to an exclusive behind-the-scenes tour of Kepler University Hospital. Discover cutting-edge medical technologies, meet experts and explore the cardiac catheterization lab, 3D melanoma skin scanner and 3D printing lab.",guided tour,https://ars.electronica.art/negotiatinghumanity/en/view/JKUmedFOCUSTour-3a638ddb450c813b8a8bdc46e991c994/,"JKU MED Campus, Administration Building (ADM), Infodesk",registration: https://kupfticket.com/events/jku-med-campus-tours-6830c18206
DodekaOTTO Open-Air Listening Experience,Ionian Academy,12.09,15:00,20:00,"Installed in the garden of the Anton Bruckner University, the DodekaOTTO Listening Experience invites visitors to encounter spatial music in an open-air setting.",concert,https://ars.electronica.art/negotiatinghumanity/en/view/DodekaOTTOOpen-AirListeningExperience-38238ddb450c80bfaa3dddadb25ad1c9/,"Anton Bruckner University, Garden",
Interactive Brosch – Red Dinosaurs,"Nils Gallist, Juergen Hagler, Celine Pham, Sara Trawöger, Alexander Wilhelm, Lisa Gierlinger, Norbert Artner",12.09,15:00,15:30,"Interactive Brosch presents Klemens Brosch’s unfinished masterpiece Red Dinosaurs as a gigapixel artwork, an abstract animated film and an interactive world. Blending art archives, storytelling and media art, the project invites visitors to explore and experience cultural heritage in new ways.",experience,https://ars.electronica.art/negotiatinghumanity/en/view/InteractiveBroschRedDinosaurs-38438ddb450c81c2afdaddd9e3b72fa7/,"Ars Electronica Center, Level 0, Deep Space 8K",registration: https://mailworx.marketingsuite.info/Form?ev=bd8dd30f-5578-4cd9-a6d8-c33aaaf75d09
Keys Beyond Boundaries,Milan Conic,12.09,15:00,19:00,"Electronics meets improvized piano; dance, film and poetry at the C. Bechstein Piano Gallery. Featuring performances by Milan Conic and collaborators, the program explores new encounters between acoustic and electronic sound.",concert,https://ars.electronica.art/negotiatinghumanity/en/view/KeysBeyondBoundaries-3a338ddb450c80dc9c4eefd462906fe7/,C. Bechstein Centrum Linz,
Light & Sound Installation: Klang-/Licht STROM,"Ben Bengler, Thomas Geissl",12.09,15:00,20:00,Room 301 is an immersive light and sound installation created specifically for this year’s Sonic Saturday.,project,https://ars.electronica.art/negotiatinghumanity/en/view/LightSoundInstallationKlang-LichtSTROM-38238ddb450c805ea363dc10366d58f8/,"Anton Bruckner University, Room 301",
Listening Room,Various artists,12.09,15:00,20:00,"The Listening Room at the ABU ProduktionsStudio provides a dedicated space for attentive listening and discovery, showcasing a broad range of contemporary approaches to spatial and electroacoustic composition.",concert,https://ars.electronica.art/negotiatinghumanity/en/view/ListeningRoom-38238ddb450c80d4b938e9a519053895/,"Anton Bruckner University, Produktionsstudio",
National Gallery Dreaming,"John Stack, Jaron Ghani, Lawrence Chiles",12.09,15:00,18:00,"What if the National Gallery collection could dream? This AI-driven installation journeys through 2,400 artworks, uncovering unexpected connections between paintings, artists and ideas. Shaped by visitor voices, it transforms collection data into a living map of discovery.",project,https://ars.electronica.art/negotiatinghumanity/en/view/NationalGalleryDreaming-39e38ddb450c81dba105e4ee1ac2b004/,"Ars Electronica Center, Level -1, Seminar Room",
Negotiating Democracy at the OpenDemocracyLab,"Stefan Schartlmüller, Lisa Praeg, Martyna Lorenc, Letícia Carneiro, Stephanie Steyrer",12.09,15:00,17:00,"Our democracies and constitutions rest on foundations that were originally laid in a very different world. In this participatory workshop, IG Demokratie invites participants to explore the roots of the current crisis of democracy.",workshop,https://ars.electronica.art/negotiatinghumanity/en/view/NegotiatingDemocracyattheOpenDemocracyLab-39f38ddb450c8186a77cd25d8dde0373/,Main Square Linz,
Random Check 8 UN-ORGANIC (2026),Random Check Media Ensemble,12.09,15:00,20:00,"UN-ORGANIC is the eighth edition of an interdisciplinary artistic project developed since 2019 by the Random Check Media Ensemble (RCME). The project comprises four audiovisual compositions, performative actions and an interactive multimedia installation.",collection,https://ars.electronica.art/negotiatinghumanity/en/view/RandomCheck8UN-ORGANIC2026-38238ddb450c80d6aa3bf2da6de139d2/,"Anton Bruckner University, Studiobühne",
Spotlight Tour FESTIVAL WALK: Negotiating the Real (DE),,12.09,15:00,16:30,"How do we negotiate reality? How does community form, both among us humans and with other living beings? What systems of belief shape the conflicts we face in this process and what role does technology play?",guided tour,https://ars.electronica.art/negotiatinghumanity/en/view/SpotlightTourFESTIVALWALKNegotiatingtheRealDE-39538ddb450c804cb40efcf4008dd0f2/,"OK Platz, WE GUIDE YOU Meeting Point",registration: https://kupfticket.com/events/spotlight-tour-festival-walk-negotiating-the-real-4ccd92b5b7
Spotlight Tour FESTIVAL WALK: Negotiating the Real (EN),,12.09,15:00,16:30,"How do we negotiate reality? How does community form, both among us humans and with other living beings? What systems of belief shape the conflicts we face in this process and what role does technology play?",guided tour,https://ars.electronica.art/negotiatinghumanity/en/view/SpotlightTourFESTIVALWALKNegotiatingtheRealEN-39538ddb450c804487b4d97d74b94fc8/,"OK Platz, WE GUIDE YOU Meeting Point",registration: https://kupfticket.com/events/spotlight-tour-festival-walk-negotiating-the-real-fc02e08b74
Te-En Chen,"Te-En Chen, Milan Conic",12.09,15:00,16:00,"Combining real-time sound processing with synthesizer performance, Te-En Chen creates immersive sonic dialogues between acoustic instruments and electronic textures in interdisciplinary collaborations.",concert,https://ars.electronica.art/negotiatinghumanity/en/view/Te-EnChen-3ad38ddb450c80988124c82f76e3115f/,C. Bechstein Centrum Linz,
The Game Was Rigged from the Start,2girls1comp,12.09,15:00,16:00,Join 2girls1comp for a Meet the Artist session exploring how video game modding can be used as a subversive artistic practice.,screening,https://ars.electronica.art/negotiatinghumanity/en/view/TheGameWasRiggedfromtheStart-39938ddb450c80b289f1fef9e6c5184d/,"JKU MED Campus, Laboratory Building (LAB), Level 1, JKU medSPACE",
UN-ORGANIC (multimedia installation),Random Check Media Ensemble,12.09,15:00,16:00,"Drawing upon the four compositions that form Random Check 8, the multimedia installation unfolds as a dynamic field of sound, image and bodily presence.",project,https://ars.electronica.art/negotiatinghumanity/en/view/UN-ORGANICmultimediainstallation-38238ddb450c80bbb78ff7dcfaca4ecc/,"Anton Bruckner University, Studiobühne",
mozXR: Empowering Creative Minds in XR,"Patrick Berger, Agnes Czernin-Kinsky, Roland Haring, Christopher Lindinger, Merve Sahin, Susanne Kiesenhofer, Agnes Maria Ilona Czernin-Kinsky",12.09,15:15,16:15,"oin the developers, artists and researchers behind the project as they share insights into MozXR’s development, its potential for creative practice and new possibilities for creating immersive experiences.",panel discussion,https://ars.electronica.art/negotiatinghumanity/en/view/mozXREmpoweringCreativeMindsinXR-3a638ddb450c8027a9d1d0de7f175fdf/,"Ars Electronica Center, Level -3, Open Futurelab",
WE GUIDE YOU: Homo futuris (DE),,12.09,15:15,16:15,"As a species that has shaped the Earth, humans have transformed their environment like no other species before. With every new technology, our influence—and our responsibility for the future we are shaping—potentially grows.",guided tour,https://ars.electronica.art/negotiatinghumanity/en/view/WEGUIDEYOUHomofuturisDE-37c38ddb450c80eb81ffe889890cceeb/,"Ars Electronica Center, Level 0, Guided Tours & Workshops Desk",registration: https://kupfticket.com/events/ars-electronica-tours-mi-9926-782233b2f1
WE GUIDE YOU: Homo futuris (EN),,12.09,15:15,16:15,"As a species that has shaped the Earth, humans have transformed their environment like no other species before. With every new technology, our influence—and our responsibility for the future we are shaping—potentially grows.",guided tour,https://ars.electronica.art/negotiatinghumanity/en/view/WEGUIDEYOUHomofuturisEN-c3738ddb450c83379f3201d3aa0c858f/,"Ars Electronica Center, Level 0, Guided Tours & Workshops Desk",registration: https://kupfticket.com/events/ars-electronica-tours-mi-9926-4fa1b85c1b
Deep Space Selection,,12.09,15:30,16:00,"At Deep Space Selection, we present several times a day a changing selection from our diverse program, which we’ve been continuously developing since 2009. Visitors can look forward to exciting stories and immersive experiences spanning media art, science and technology.",experience,https://ars.electronica.art/negotiatinghumanity/en/view/DeepSpaceSelection-3a438ddb450c8064afbaf2f7cd324cbd/,"Ars Electronica Center, Level 0, Deep Space 8K",registration: https://mailworx.marketingsuite.info/Form?ev=d134d334-d97c-49aa-93d8-c0f488a5d2ac
Grassroots Innovators,,12.09,15:30,16:30,"How do communities turn into engines of innovation? We open up questions from the Rewilding Cultures project: collaborative production, inclusive participation and environmentally responsible practice. Schmiede has built a DIWO culture using trust and curiosity as productive forces for open exchange.",networking event,https://ars.electronica.art/negotiatinghumanity/en/view/GrassrootsInnovators-39538ddb450c8151a165dad2bba851d0/,"OK Linz, voestalpine OPEN SPACE",registration: https://mailworx.marketingsuite.info/Form?frm=40c64f19-442d-4d6d-a27c-decd0390ee46
Layers of Time: City Tour meets Media Arts (EN),"Wolfram Starczewski, WE GUIDE YOU",12.09,15:30,17:00,"Discover how Linz's historic buildings became today's festival venues. Each stop begins with the site's history and architectural significance before we introduce the artworks, creating a dialogue between past, present and future.",guided tour,https://ars.electronica.art/negotiatinghumanity/en/view/LayersofTimeCityTourmeetsMediaArtsEN-3a038ddb450c81968a8adf47639794a6/,"OK Platz, WE GUIDE YOU Meeting Point",registration: https://kupfticket.com/events/expert-tours-ok-quarter-8693186e92
The Humanity Negotiation Quest,,12.09,15:30,16:00,"Guide yourself through the FESTIVAL WALK, win negotiation points, collect hidden treasures. Discover your humanity negotiation profile and get recommendations for what festival pieces to see next.",experience,https://ars.electronica.art/negotiatinghumanity/en/view/TheHumanityNegotiationQuest-3b838ddb450c80f1a438ea41018d28e6/,OK Platz,
Artist Walk Tour: Negotiating Humanity,"Emiko Ogawa, Agnes Meyer-Brandis, Shin Hanagata, Summitshare",12.09,16:00,17:30,"Join us for a special guided tour led by Emiko Ogawa, Head of the Prix Ars Electronica. Together with the award recipients, she will lead visitors through the Prize Winners Exhibition, offering exclusive insights into the featured works.",guided tour,https://ars.electronica.art/negotiatinghumanity/en/view/ArtistWalkTourNegotiatingHumanity-39138ddb450c8052b084f91f1275b2d2/,Lentos Kunstmuseum,registration: https://kupfticket.com/events/expert-tours-danube-triangle-c8afeaa0af
Destituent Laughing Choir,"Natalia Agati, Francesco Restuccia, Chuming Yu, Maria Messerer, Chyara Holz, Lorenz Willer, Josephine Zacher, Margarita Gimaeva, Franka Fuchs, Mahsa Landarany, Su Güryay, Anina Neumeier",12.09,16:00,17:20,"Destituent Laughing Choir is a radically horizontal, “join-as-you-come” performance structured around a core group of trained members, which invites the everyday public to organically merge into a massive, contagious feedback loop that renders the mechanics of authority completely inoperative.",performance,https://ars.electronica.art/negotiatinghumanity/en/view/DestituentLaughingChoir-38e38ddb450c81aea359dd3a888c0ed5/,"Ars Electronica Center, Maindeck",
EMAP Get Together,,12.09,16:00,18:00,"The European Media Art Platform EMAP Extended invites artists, curators and partners to a Get Together.",networking event,https://ars.electronica.art/negotiatinghumanity/en/view/EMAPGetTogether-38238ddb450c80ee8786d87f7e9c8fc4/,"OK Linz, OK-DECK",
Maja Vidic – Free Association Improvisation,"Maja Vidic, Milan Conic",12.09,16:00,17:00,"Free Association Improvisation is an interdisciplinary artistic project initiated by Milan Conić, exploring the boundaries between music, movement and spontaneous expression.",concert,https://ars.electronica.art/negotiatinghumanity/en/view/MajaVidicFreeAssociationImprovisation-3ad38ddb450c8009a14ae38967a5304b/,C. Bechstein Centrum Linz,
Musikmaschine in concert,"Maximilian Bernhard, Emanuel Križić, Mahtab Miandehi, Astrid Drechsler",12.09,16:00,16:30,The Musikmaschine is used by artists as an interactive instrument and performance platform. Unique sound experiences are created by combining traditional musical material with digital technologies.,concert,https://ars.electronica.art/negotiatinghumanity/en/view/Musikmaschineinconcert-37b38ddb450c81e7b77eed14187e07b0/,,
NEKRO//MAKINA,"Enrique Mendoza, Barnaba Mikułowski",12.09,16:00,16:30,"NEKRO//MAKINA is an audiovisual ritual in which death is no longer treated as an ending, but as a state that remains active. Suspended between ritual and machine, it inhabits a post-terminal condition where endings have already occurred, yet the apparatus continues to operate.",concert,https://ars.electronica.art/negotiatinghumanity/en/view/NEKROMAKINA-38238ddb450c8007a6b9fc0dd8c7c598/,"Anton Bruckner University, Studiobühne",
Prototyping Fictions: Workshop and Screening of Ocean Futurisms,INFERSTUDIO,12.09,16:00,18:00,"Ocean Futurisms is a series of animated short films, inviting audiences to step into alternative, science-based futures for the ocean. This event includes a screening of the films and a hands-on introduction to the world-building approaches behind the project.",workshop,https://ars.electronica.art/negotiatinghumanity/en/view/PrototypingFictionsWorkshopandScreeningofOceanFuturisms-39e38ddb450c81ef89b7df7bfa6d03d3/,"Ursulinenhof Linz, Gewölbesaal",registration: https://mailworx.marketingsuite.info/Form?frm=3a171946-bb6c-4e93-b2db-d46f890d4b35
Spotlight Tour FESTIVAL WALK: Negotiating the Real (DE),,12.09,16:00,17:30,"How do we negotiate reality? How does community form, both among us humans and with other living beings? What systems of belief shape the conflicts we face in this process and what role does technology play?",guided tour,https://ars.electronica.art/negotiatinghumanity/en/view/SpotlightTourFESTIVALWALKNegotiatingtheRealDE-39538ddb450c804cb40efcf4008dd0f2/,"OK Platz, WE GUIDE YOU Meeting Point",registration: https://kupfticket.com/events/spotlight-tour-festival-walk-negotiating-the-real-2db6422b0d
Studio Sessions,,12.09,16:00,18:00,Studio Sessions offer a space for experimental and playful performances at Studio 1 of the University of Arts Linz. The spectrum ranges from complex audiovisual pieces and text and dance performances to instrumental spatial and sound art experiences.,performance,https://ars.electronica.art/negotiatinghumanity/en/view/StudioSessions-37c38ddb450c81888ba3d3d2e972873b/,"University of Arts Linz, Hauptplatz 8 (West Building), Third Floor",
Why The Met Is Advancing Cultural Heritage Digitization: A Spotlight on Its Collaboration with Japan’s NHK,"Brett Renfer, Scott Geffert, Keiji Mayumi, Yasushi Koyama",12.09,16:00,16:30,"The Met and NHK will discuss the future of digital cultural heritage, highlighting the history of The Met’s Imaging Department, new 3D and Augmented Reality/Virtual Reality initiatives, and their recent joint digitization project showcasing key collection highlights and its new possibilities.",lecture & talk,https://ars.electronica.art/negotiatinghumanity/en/view/WhyTheMetIsAdvancingCulturalHeritageDigitizationASpotlightonItsCollaborationwithJapansNHK-38e38ddb450c81ef8cbaeac975be213d/,"Ars Electronica Center, Level 0, Deep Space 8K",registration: https://mailworx.marketingsuite.info/Form?ev=1699b62f-770b-40ab-b86e-bae740113e6e
Empathetic Interfaces and New Forms of Knowledge Transfer,,12.09,16:15,16:55,"How can interfaces and interaction models be designed to make knowledge not only accessible, but also emotionally and sensorially tangible? This deep dive offers insights into the development process, from initial concept to technical implementation.",deep dive,https://ars.electronica.art/negotiatinghumanity/en/view/EmpatheticInterfacesandNewFormsofKnowledgeTransfer-3a338ddb450c80d68298e184dddcad9c/,"Ars Electronica Center, Level 0, Guided Tours & Workshops Desk",registration: https://kupfticket.com/events/ars-electronica-center-tours-do-109-24d65a09f5
Hello Worlds! Futurelab Tour (EN),,12.09,16:15,16:45,"Explore Hello Worlds! together with the people behind the project. Researchers, artists, designers, developers, and collaboration partners guide you through the exhibition, sharing the ideas, technologies and research behind the works—and, if you like, continue the conversation afterwards.",guided tour,https://ars.electronica.art/negotiatinghumanity/en/view/HelloWorldsFuturelabTourEN-56638ddb450c830c9e7281cf5b59a977/,"Ars Electronica Center, Level 0, Guided Tours & Workshops Desk",registration: https://kupfticket.com/events/ars-electronica-center-tours-fr-119-c4d2df81bb
///////////,"Maciej Michaluk, Bartosz Radzikowski",12.09,16:30,17:00,/////////// is a live audiovisual ritual of transformation and suspension. It emerges from noisy textures and unstable resonances and inhabits a space between continuity and dissolution.,concert,https://ars.electronica.art/negotiatinghumanity/en/view/-38238ddb450c80348ee7f7b13757e5c5/,"Anton Bruckner University, Studiobühne",
"13 strokes, please!",,12.09,16:30,18:30,"In this mini-workshop, we show you how to isolate individual colonies from a bacterial culture using the 13-stroke method. Stroke by stroke, a dense micromix on the agar plate is transformed into a clean, smeared clone.",open lab,https://ars.electronica.art/negotiatinghumanity/en/view/13strokesplease-37c38ddb450c80faa9ecfb92da6d07d8/,"Ars Electronica Center, Level -1",
Deer Hunter,Andrew Herzog,12.09,16:30,17:20,"In Deer Hunter, Herzog intertwines archival footage, family home videos and AI-generated imagery to reflect on masculinity, migration, family and identity.",screening,https://ars.electronica.art/negotiatinghumanity/en/view/DeerHunter-39938ddb450c80de8d88e975adbe98e3/,"JKU MED Campus, Laboratory Building (LAB), Level 1, JKU medSPACE",
Spotlight Tour: Negotiating Humanity (DE),,12.09,16:30,18:00,Wie verhandeln wir die Menschheit? Was darf nicht verhandelbar sein? Wie gehen wir auf individueller und kollektiver Ebene mit Konflikten um? Und welche Rolle spielt die Kunst in diesem Prozess?,guided tour,https://ars.electronica.art/negotiatinghumanity/en/view/SpotlightTourNegotiatingHumanityDE-39838ddb450c807fb3a9d19e3cefc7ea/,Lentos Kunstmuseum,registration: https://kupfticket.com/events/spotlight-tour-negotiating-humanity-8004cc6251
Unbreakable Ukraine,Saravá,12.09,16:30,17:30,"Unbreakable Ukraine is an immersive exhibition born to safeguard Ukraine’s cultural heritage, now under constant threat from war.",experience,https://ars.electronica.art/negotiatinghumanity/en/view/UnbreakableUkraine-39038ddb450c805f97a1c108437ce7d8/,"Ars Electronica Center, Level 0, Deep Space 8K",registration: https://mailworx.marketingsuite.info/Form?ev=a869edef-b820-46bf-b13a-ecae8364ff2c
Hello Worlds! Behind the Artworks: No Bird & Algorithms in Reflection,"Cyntha Wieringa, UJOO+LIMHEEYOUNG, Freddie Hong, UJOO + LIMHEEYOUNG",12.09,17:00,17:30,How do we live together in a changing world? Meet the artists behind No Bird and Algorithms in Reflection and discover how these artworks came into being—from the first idea and experiments to the final installation—and how they explore coexistence in a shared world.,open lab,https://ars.electronica.art/negotiatinghumanity/en/view/HelloWorldsBehindtheArtworksNoBirdAlgorithmsinReflection-3a038ddb450c8105a8b0eb17c4d0ebb3/,"Ars Electronica Center, Level -3, Open Futurelab",
Join the Rhythm! Samba Percussion Performance and Interactive Drumming Workshop,,12.09,17:00,18:00,"Here performance meets participation: AttacSambaSisters fill public spaces with powerful samba rhythms, then invite audiences to pick up a drum, learn the basics and explore how collective music-making can strengthen a sense of community, joy and activism.",workshop,https://ars.electronica.art/negotiatinghumanity/en/view/JointheRhythmSambaPercussionPerformanceandInteractiveDrummingWorkshop-39138ddb450c81549688e8455fea68f2/,Main Square Linz,
KunstUni Campus Exhibition Guided Tour,,12.09,17:00,17:50,"Join us for a guided tour of the Art and Design University of Linz campus. We will explore the university’s main exhibition spaces and discover over 250 artworks by students, artists and international partner universities.",guided tour,https://ars.electronica.art/negotiatinghumanity/en/view/KunstUniCampusExhibitionGuidedTour-39238ddb450c81fabebcd9f6e35041ec/,"University of Arts Linz, Hauptplatz 6 (East Building), Campus Welcome Desk",
Minimal Music Highlights by Maki Namekawa,Maki Namekawa,12.09,17:00,17:35,"Japanese pianist Maki Namekawa, internationally acclaimed for her outstanding interpretations of both the classical and contemporary repertoire, presents a contemporary programme at the C. Bechstein Centrum Linz.",concert,https://ars.electronica.art/negotiatinghumanity/en/view/MinimalMusicHighlightsbyMakiNamekawa-3a338ddb450c80b88eb8e146faecdb5b/,C. Bechstein Centrum Linz,
Missing Ingredients | How Cultural Communities Adapt Under Pressure,Amin Davaei,12.09,17:00,18:00,"This participatory Town Hall brings together curators, artists, producers, researchers and cultural organizations to exchange experiences, map common pressures and share the alternative models and survival strategies emerging in different cultural ecosystems.",networking event,https://ars.electronica.art/negotiatinghumanity/en/view/MissingIngredientsHowCulturalCommunitiesAdaptUnderPressure-3be38ddb450c813ea6d0f21627f0fdcb/,"OK Linz, voestalpine OPEN SPACE",registration: https://mailworx.marketingsuite.info/Form?frm=df971f9d-9ba3-4e8f-862a-98469986986a
"Post-Digital Instruments Concert – Tangible Music Lab, University of Arts Linz","Sandra Muciño, Lilith Samer, Mobina Vatandoost, Boris Shershenkov, Ricardo Pastor, Saumil Bhandari, Andreas Grünauer, Bernhard Breuer",12.09,17:00,18:00,The Post-Digital Instruments Concert features a performance for bassoon and electronics by Sandra Muciño and a collaboratively developed composition on instruments with a post-digital reference by the Post-Digital Ensemble.,concert,https://ars.electronica.art/negotiatinghumanity/en/view/Post-DigitalInstrumentsConcertTangibleMusicLabUniversityofArtsLinz-38238ddb450c8045a309e7283496057c/,"Anton Bruckner University, Sonic Lab",
Press Start – RADICAL GAMING Performance,"Rajiv Bhagwanbali, Anna Hazarian, Philipp “Flip” Kroll, Alina Lugovskaya",12.09,17:00,17:10,"Dance and gaming experience merge together in this performance which explores belonging, recognition and the darker sides of online communities.",performance,https://ars.electronica.art/negotiatinghumanity/en/view/PressStartRADICALGAMINGPerformance-dec38ddb450c832fb6d901f9e7afa93c/,"JKU MED Campus, Teaching Building (LEH), Level 0, Lecture Hall 2",
Ra Asensi’s [Meta]morphe,Ra Asensi,12.09,17:00,17:45,"Ra Asensi's alter ego asfàltica emerges from industrial ruins and travels through water. Aqueous and earthy, aerial and electric, hyperdense líquid-y, their performance will combine electric poetry, touch and sound.",performance,https://ars.electronica.art/negotiatinghumanity/en/view/RaAsensisMetamorphe-37a38ddb450c814198dec1eee5c1f025/,Francisco Carolinum,
Spotlight Tour FESTIVAL WALK: Negotiating the Real (DE),,12.09,17:00,18:30,"How do we negotiate reality? How does community form, both among us humans and with other living beings? What systems of belief shape the conflicts we face in this process and what role does technology play?",guided tour,https://ars.electronica.art/negotiatinghumanity/en/view/SpotlightTourFESTIVALWALKNegotiatingtheRealDE-39538ddb450c804cb40efcf4008dd0f2/,"OK Platz, WE GUIDE YOU Meeting Point",registration: https://kupfticket.com/events/spotlight-tour-festival-walk-negotiating-the-real-822e7d44df
Spotlight Tour FESTIVAL WALK: Negotiating the Real (EN),,12.09,17:00,18:30,"How do we negotiate reality? How does community form, both among us humans and with other living beings? What systems of belief shape the conflicts we face in this process and what role does technology play?",guided tour,https://ars.electronica.art/negotiatinghumanity/en/view/SpotlightTourFESTIVALWALKNegotiatingtheRealEN-39538ddb450c804487b4d97d74b94fc8/,"OK Platz, WE GUIDE YOU Meeting Point",registration: https://kupfticket.com/events/spotlight-tour-festival-walk-negotiating-the-real-4f3f586072
UN-ORGANIC (multimedia installation),Random Check Media Ensemble,12.09,17:00,18:00,"Drawing upon the four compositions that form Random Check 8, the multimedia installation unfolds as a dynamic field of sound, image and bodily presence.",project,https://ars.electronica.art/negotiatinghumanity/en/view/UN-ORGANICmultimediainstallation-38238ddb450c80bbb78ff7dcfaca4ecc/,"Anton Bruckner University, Studiobühne",
WE GUIDE YOU: Homo futuris (DE),,12.09,17:15,18:15,"As a species that has shaped the Earth, humans have transformed their environment like no other species before. With every new technology, our influence—and our responsibility for the future we are shaping—potentially grows.",guided tour,https://ars.electronica.art/negotiatinghumanity/en/view/WEGUIDEYOUHomofuturisDE-37c38ddb450c80eb81ffe889890cceeb/,"Ars Electronica Center, Level 0, Guided Tours & Workshops Desk",registration: https://kupfticket.com/events/ars-electronica-tours-mi-9926-0cbbf6db90
WE GUIDE YOU: Homo futuris (EN),,12.09,17:15,18:15,"As a species that has shaped the Earth, humans have transformed their environment like no other species before. With every new technology, our influence—and our responsibility for the future we are shaping—potentially grows.",guided tour,https://ars.electronica.art/negotiatinghumanity/en/view/WEGUIDEYOUHomofuturisEN-c3738ddb450c83379f3201d3aa0c858f/,"Ars Electronica Center, Level 0, Guided Tours & Workshops Desk",registration: https://kupfticket.com/events/ars-electronica-tours-mi-9926-9ff9ea0a8e
Ars Electronica Campus Award Ceremony,,12.09,17:30,19:00,The Ars Electronica Festival and the University of Arts in Linz are celebrating the third edition of the Ars Electronica Campus Award.,networking event,https://ars.electronica.art/negotiatinghumanity/en/view/ArsElectronicaCampusAwardCeremony-3a338ddb450c8048a231c049d7b67a38/,"Ursulinenhof Linz, Ursulinensaal",registration: https://mailworx.marketingsuite.info/Form?frm=7c9eaef8-6b7b-49d7-95bf-395e21509ce9
From Collection to Connection,"Jaron Ghani, Alisa Martynova, Nikolaus Sabathiel, John Stack, Anna Weiss, Martin Hochleitner",12.09,17:30,18:30,"How can collections evolve from repositories of history into catalysts for dialogue, participation and innovation? In this discussion we explore how to transform archives into multimedial experiences.",panel discussion,https://ars.electronica.art/negotiatinghumanity/en/view/FromCollectiontoConnection-3a538ddb450c80e4bc19d778b32f6d74/,"Ars Electronica Center, Level -3, Open Futurelab",
Laguna Obscura,Sara Tirelli,12.09,17:30,18:00,"Inspired by the magic lantern and phantasmagoria, Laguna Obscura explores the origins of immersion within the Venetian imaginary.",experience,https://ars.electronica.art/negotiatinghumanity/en/view/LagunaObscura-39038ddb450c808583ede17db20b07cf/,"Ars Electronica Center, Level 0, Deep Space 8K",registration: https://mailworx.marketingsuite.info/Form?ev=f180a7b7-0257-47cd-813c-23697caa151a
Prix Ars Electronica Insight,"Sabine Hertig & Dirk Koy, Tianji Yu, 2girls1comp, Bruce Eesly, Ryat Yezbick, Aurelijus Čiupas",12.09,17:30,18:30,"This program brings together six works that capture the spirit of this year’s Prix Ars Electronica jury discussions. Five of them received awards, standing out for their artistic intelligence, critical insight and political urgency.",screening,https://ars.electronica.art/negotiatinghumanity/en/view/PrixArsElectronicaInsight-39938ddb450c80ef8414c66523c31119/,"JKU MED Campus, Laboratory Building (LAB), Level 1, JKU medSPACE",
36th VVVV Worldwide Meetup,,12.09,18:00,20:00,This is the meetup for creatives and developers using the visual programming environment vvvv and its visual language VL. Join us IRL or online for artist presentations and announcements in the VVVV Community.,networking event,https://ars.electronica.art/negotiatinghumanity/en/view/36thVVVVWorldwideMeetup-3bb38ddb450c81698f6aeb815a7a866d/,"Ars Electronica Center, Level 3, Sky Loft",
Deep Space Selection,,12.09,18:00,18:30,"At Deep Space Selection, we present several times a day a changing selection from our diverse program, which we’ve been continuously developing since 2009. Visitors can look forward to exciting stories and immersive experiences spanning media art, science and technology.",experience,https://ars.electronica.art/negotiatinghumanity/en/view/DeepSpaceSelection-3a438ddb450c8064afbaf2f7cd324cbd/,"Ars Electronica Center, Level 0, Deep Space 8K",registration: https://mailworx.marketingsuite.info/Form?ev=fac0e199-3925-424b-8bbc-872b295e7eb7
For Sun Ra on Saturn (Against Elon on Mars),STWST Hauntology Department & Guests,12.09,18:00,21:30,"This year, a red-lit area will be visible on the Maindeck in front of the STWST. The red area stands for all manner of dramatic expressions.",experience,https://ars.electronica.art/negotiatinghumanity/en/view/ForSunRaonSaturnAgainstElononMars-3b538ddb450c804daa62cab99039577d/,"Ars Electronica Center, Maindeck",
Haunted Herstory: Herzblutwiese Stadtwerkstatt – Screening at Milieukino,"Tanja Brandmayr, Claudia Dworschak",12.09,18:00,20:00,"The essay film Herzblutwiese Stadtwerkstatt addresses feminism, equal rights and gender equality at the Stadtwerkstatt, the longest-running autonomous art and culture space in the city of Linz.",screening,https://ars.electronica.art/negotiatinghumanity/en/view/HauntedHerstoryHerzblutwieseStadtwerkstattScreeningatMilieukino-39838ddb450c807c9aa8c78aadaa6f43/,Stadtwerkstatt,
The Innocence of Unknowing,Ryat Yezbick,12.09,18:00,18:45,"Join Ryat Yezbick for a live performance of The Innocence of Unknowing, recipient of an Honorary Mention in the Prix Ars Electronica 2026, New Animation Art category.",performance,https://ars.electronica.art/negotiatinghumanity/en/view/TheInnocenceofUnknowing-39938ddb450c80edb03ee42e81cb38f7/,"JKU MED Campus, Teaching Building (LEH), Level 0, Lecture Hall 1",
The Unsettled,"Milan Conic, J San",12.09,18:00,19:00,"The Unsettled offers an immersive live experience where melodic storytelling meets intricate rhythms, inviting audiences on a journey of emotional connection and new perspectives.",concert,https://ars.electronica.art/negotiatinghumanity/en/view/TheUnsettled-3ad38ddb450c8093a31bd1abc6f2edf5/,C. Bechstein Centrum Linz,
Performances at Main Square,,12.09,18:30,19:00,"The Flood the Zone with Courage program presents a series of interventions, each lasting no more than seven minutes. Through diverse artistic approaches, these interventions reimagine protest, exploring the many forms it can take and inviting audiences into concentrated moments of action.",performance,https://ars.electronica.art/negotiatinghumanity/en/view/PerformancesatMainSquare-3a538ddb450c8042a6e2c78244bdcd22/,Main Square Linz,
The Syntax of Nature and Other Approximate Truths,"Cezary Duchnowski, Norbert Kowalczyk",12.09,18:30,19:00,"The Syntax of Nature and Other Approximate Truths questions the status of truths commonly regarded as natural and universal, exploring a space in which the notions of origin and originality begin to dissolve.",concert,https://ars.electronica.art/negotiatinghumanity/en/view/TheSyntaxofNatureandOtherApproximateTruths-38238ddb450c8045bf1ffbe7ab6c0460/,"Anton Bruckner University, Studiobühne",
Listen To Each Oida: Dalia Ahmed,Dalia Ahmed – FM4,12.09,19:00,20:00,"FM4, the Austrian public broadcaster ORF’s radio station for young audiences, connects social discourse with pop culture. Music at the close of each of the two festival days carries the themes discussed throughout the day—democracy, courage and the culture of conflict.",performance,https://ars.electronica.art/negotiatinghumanity/en/view/ListenToEachOidaDaliaAhmed-3a538ddb450c80748bbbe77c402c3135/,Main Square Linz,
UN-ORGANIC,"Marcin Rupociński, Maja Wolińska",12.09,19:00,19:30,"The eponymous composition UN-ORGANIC unfolds as an unstable ecology of drifting filaments, luminous spores, vaporous tissues and half-formed organisms.",concert,https://ars.electronica.art/negotiatinghumanity/en/view/UN-ORGANIC-38238ddb450c8050a6d0e027af9c3acc/,"Anton Bruckner University, Studiobühne",
Futurelab Night,,12.09,20:00,23:00,"This year, Futurelab Night takes on a new form: instead of a fixed stage programme, visitors are invited to freely explore pop-up interventions, performances, demos and conversations across Open Futurelab, Hello Worlds! and Deep Space 8K—and experience how futures begin today.",experience,https://ars.electronica.art/negotiatinghumanity/en/view/FuturelabNight-3a638ddb450c80c79a92f94042551085/,Ars Electronica Center,registration: https://mailworx.marketingsuite.info/Form?ev=55515512-a989-436a-b3f7-ba798b3793f2
MEDIUM SONORUM – Closing Concert,"Xizan Liu, Marta Zigante, Wei-Yin Lo, Jonty Harrison, Zazie Productions, Chuowen Liang",12.09,20:00,21:00,"MEDIUM SONORUM presents a selection of recent multichannel works. Performed through the impressive Sonic Lab’s 20.4 loudspeaker system, the concert explores contemporary approaches to spatial composition in relation to the theme Audible Futures, Silent Decisions.",concert,https://ars.electronica.art/negotiatinghumanity/en/view/MEDIUMSONORUMClosingConcert-38238ddb450c80528618dd4d375c272d/,"Anton Bruckner University, Sonic Lab",
ATTheENDLinz—Linzer Klangwolke 26,"Felix Breisach, Natascha Gangl, Flora Marlene Geißelbrecht & Arthur Fussy, St. Florianer Sängerknaben, Rafael Fingerlos, Bruckner Orchester Linz & Markus Poschner",12.09,20:30,21:30,"Linzer Klangwolke 26 sees itself as an artistic reflection on pressing questions of our time: society, environment, war, peace. Its starting point is a radical, fictional premise: an imagined downfall as the spark for a new beginning. A project about sound, the city and what remains.",concert,https://ars.electronica.art/negotiatinghumanity/en/view/ATTheENDLinzLinzerKlangwolke26-39c38ddb450c8007a6d2e256faa2edc9/,Donaupark,
Die fliegende Holländerin kehrt zurück,Die fliegende Holländerin,12.09,21:00,21:15,"With projectors, text, broadcasts, wild gestures and media of all kinds, the milieu cinema is being taken over.",performance,https://ars.electronica.art/negotiatinghumanity/en/view/DiefliegendeHollnderinkehrtzurck-3a938ddb450c80648be5d80e602f4a25/,"Ars Electronica Center, Maindeck",
LINZ AG Nachklangwolke,"TASHEENO, Brucknerhaus Linz",12.09,21:30,23:00,"Dance music in a style all its own. An open genre crossover of dance, dub and techno-inflected grooves, drawing on club sounds from around the world. Repetitive, hypnotic, driving—made for sweaty dancefloors and long nights.",concert,https://ars.electronica.art/negotiatinghumanity/en/view/LINZAGNachklangwolke-39c38ddb450c80e3a453f8cc8e4c3753/,Donaupark,
Never In Our Image – Gun Destruction Opera,"Stephanie Mercedes, Heike Kaltenbrunner, Heike Kaltenbrunner & Guests",12.09,21:45,22:45,"As part of STWST84x12 HAUNTED, one act of the three-part Queer Gun Destruction Opera Never In Our Image will be performed.",performance,https://ars.electronica.art/negotiatinghumanity/en/view/NeverInOurImageGunDestructionOpera-39838ddb450c80b8a881d78d3458b576/,Stadtwerkstatt,
GRMW Haunted Nightline,"STADTWERKSTATT, Various Sound and Performance Artists",12.09,23:00,04:00,"Hybrid genres, abstract practices, electronic soundscapes, a ghost train ride featuring living, dead and undead media: musicians, sound artists and performers from Linz and around the world will haunt the night: GET READY for HAUNTED NIGHTLINE!",concert,https://ars.electronica.art/negotiatinghumanity/en/view/GRMWHauntedNightline-3a938ddb450c803f97f5e982d365e06c/,Stadtwerkstatt,
Ars Electronica Center Exhibitions,,13.09,10:00,18:00,"Interactive stations, works of art, research projects, large-scale projections and laboratories. The Ars Electronica Center invites you to exciting and inspiring excursions into the future fields of Artificial Intelligence and neuroscience, robotics and autonomous mobility, as well as genetic engineering and biotechnology!",exhibition,https://ars.electronica.art/negotiatinghumanity/en/view/ArsElectronicaCenterExhibitions-34a38ddb450c80cb984ac0ab4598ef15/,Ars Electronica Center,
Ars Electronica Features Exhibition,,13.09,10:00,18:00,"The Ars Electronica Features Exhibition brings together 16 partners presenting artistic and research-based perspectives on the relationship between human intention, algorithmic process and biological life under the festival theme NEGOTIATING HUMANITY – FUTURE BEGINS.",exhibition,https://ars.electronica.art/negotiatinghumanity/en/view/ArsElectronicaFeaturesExhibition-34a38ddb450c80678731f3394eab291f/,Francisco Carolinum,
Ars Electronica Solutions Exhibition,,13.09,10:00,18:00,"What happens behind the scenes at Ars Electronica Solutions? This interactive space for dialogue and experience takes visitors on a journey from the first idea to innovative applications and immersive experiences. Agentic systems accompany them through the exhibition, bringing the processes behind the projects to life.",exhibition,https://ars.electronica.art/negotiatinghumanity/en/view/ArsElectronicaSolutionsExhibition-38b38ddb450c80778cf6e4873babe278/,"Ars Electronica Center, Level -3",
Deep Space Selection,,13.09,10:00,10:30,"At Deep Space Selection, we present several times a day a changing selection from our diverse program, which we’ve been continuously developing since 2009. Visitors can look forward to exciting stories and immersive experiences spanning media art, science and technology.",experience,https://ars.electronica.art/negotiatinghumanity/en/view/DeepSpaceSelection-3a438ddb450c8064afbaf2f7cd324cbd/,"Ars Electronica Center, Level 0, Deep Space 8K",registration: https://mailworx.marketingsuite.info/Form?ev=6108bec3-e6a1-4535-97ba-5da2499a8103
DIE KUNSTSCHAFFENDEN | Meet the Artist: Robert Moser,Robert Moser,13.09,10:00,17:00,"Meet artist Robert Moser for a conversation on the exhibition In the Paradise of Painting. Or: On Growth and Refinement, on view at DIE KUNSTSCHAFFENDEN.",meet the artist,https://ars.electronica.art/negotiatinghumanity/en/view/DIEKUNSTSCHAFFENDENMeettheArtistRobertMoser-3aa38ddb450c81b48fa2f3681fa17fc8/,"Ursulinenhof Linz, DIE KUNSTSCHAFFENDEN",
Expert Tour: Emiko Ogawa (EN),Emiko Ogawa,13.09,10:00,11:30,"Curator and Head of Prix Ars Electronica, Emiko Ogawa, will guide us through the exhibition Negotiating Humanity in Lentos Kunstmuseum Linz.",guided tour,https://ars.electronica.art/negotiatinghumanity/en/view/ExpertTourEmikoOgawaEN-39138ddb450c808eaca9df1ef92f215b/,Lentos Kunstmuseum,registration: https://kupfticket.com/events/expert-tours-danube-triangle-9527523e6c
FESTIVAL WALK: Negotiating the Real,,13.09,10:00,18:00,"The exhibition Negotiating the Real – The Desire to Believe explores this year’s festival theme through artworks spread across eight locations throughout Linz. It examines how certainty is socially produced, investigating which claims to truth compete with one another, which become stabilized and which remain marginalized.",exhibition,https://ars.electronica.art/negotiatinghumanity/en/view/FESTIVALWALKNegotiatingtheReal-34a38ddb450c80e59541c1e2a638adce/,OK Platz,
Hello Worlds!,,13.09,10:00,18:00,"How is our understanding of being human changing? Through artistic prototypes, interactive installations, and evolving artworks, Hello Worlds! invites visitors to experience, question and help shape possible futures together. Who will we become? What does it mean to be human?",exhibition,https://ars.electronica.art/negotiatinghumanity/en/view/HelloWorlds-38238ddb450c80c9bdc2e6c2b570d674/,"Ars Electronica Center, Level -3, Hello Worlds!",
Intro Session FESTIVAL WALK: Negotiating the Real,,13.09,10:00,16:00,You don’t know where to start? Come join one of our Intro Sessions for the FESTIVAL WALK. Our art educators offer you in-depth insights into selected projects from the exhibition.,guided tour,https://ars.electronica.art/negotiatinghumanity/en/view/IntroSessionFESTIVALWALKNegotiatingtheReal-3a638ddb450c8018a53dcd7313f98207/,Priesterseminar,
Intro Session: Negotiating Beyond Humanity,,13.09,10:00,16:00,You don’t know where to start? Come join one of our Intro Sessions. Our art educators offer you in-depth insights into selected projects from the festival's most important exhibitions.,guided tour,https://ars.electronica.art/negotiatinghumanity/en/view/IntroSessionNegotiatingBeyondHumanity-46538ddb450c82f09844019031627a02/,"Ursulinenhof Linz, Attic",
Intro Session: Negotiating Humanity,,13.09,10:00,16:00,You don’t know where to start? Come join one of our Intro Sessions. Our art educators offer you in-depth insights into selected projects from the festival’s most important exhibitions.,guided tour,https://ars.electronica.art/negotiatinghumanity/en/view/IntroSessionNegotiatingHumanity-39138ddb450c809d8d81dd85268614f5/,Lentos Kunstmuseum,
LIT—Linz Institute of Technology Exhibition,,13.09,10:00,18:00,JKU scientists exchange inspiring ideas with locally and internationally renowned artists to create a platform to discuss and experience research at the intersection with art in a playful manner.,exhibition,https://ars.electronica.art/negotiatinghumanity/en/view/LITLinzInstituteofTechnologyExhibition-34a38ddb450c8068a57fe12cc2f48e1a/,,
Negotiating Beyond Humanity,Masha Zolotova,13.09,10:00,18:00,"While the festival theme NEGOTIATING HUMANITY – FUTURE BEGINS proposes that humanity is not a fixed condition, but an ongoing process of negotiation, Negotiating Beyond Humanity expands this horizon by turning towards the more-than-human beings.",exhibition,https://ars.electronica.art/negotiatinghumanity/en/view/NegotiatingBeyondHumanity-38338ddb450c80b394f8d7c836a5ba35/,"Ursulinenhof Linz, Attic",
Negotiating Humanity,,13.09,10:00,18:00,"Featuring six award-winning works from the Prix Ars Electronica 2026 and the European Commission’s STARTS Prize 2026, this exhibition explores what it means to be human. The diverse artistic perspectives challenge familiar assumptions and invite visitors to negotiate humanity anew.",exhibition,https://ars.electronica.art/negotiatinghumanity/en/view/NegotiatingHumanity-34a38ddb450c80b59fb5e33469d2912b/,Lentos Kunstmuseum,
Open Futurelab – Exhibition,,13.09,10:00,18:00,"Open Futurelab makes artistic research visible as it happens: through prototypes, interactive installations and experiments that invite visitors to question, imagine, and actively shape possible futures.",exhibition,https://ars.electronica.art/negotiatinghumanity/en/view/OpenFuturelabExhibition-34a38ddb450c80eb87d7e2feb36ce9b0/,"Ars Electronica Center, Level -3, Open Futurelab",
Spotlight Tour FESTIVAL WALK: Negotiating the Real (DE/Austrian Sign Language),,13.09,10:00,11:30,"How do we negotiate reality? How does community form, both among us humans and with other living beings? What systems of belief shape the conflicts we face in this process and what role does technology play?",guided tour,https://ars.electronica.art/negotiatinghumanity/en/view/SpotlightTourFESTIVALWALKNegotiatingtheRealDEAustrianSignLanguage-91438ddb450c83eca2140150915dd53b/,"OK Platz, WE GUIDE YOU Meeting Point",registration: https://kupfticket.com/events/spotlight-tour-festival-walk-negotiating-the-real-1805c3334d
Spotlight Tour FESTIVAL WALK: Negotiating the Real (EN),,13.09,10:00,11:30,"How do we negotiate reality? How does community form, both among us humans and with other living beings? What systems of belief shape the conflicts we face in this process and what role does technology play?",guided tour,https://ars.electronica.art/negotiatinghumanity/en/view/SpotlightTourFESTIVALWALKNegotiatingtheRealEN-39538ddb450c804487b4d97d74b94fc8/,"OK Platz, WE GUIDE YOU Meeting Point",registration: https://kupfticket.com/events/spotlight-tour-festival-walk-negotiating-the-real-c22a660e9b
u19—create your world Exhibition,,13.09,10:00,18:00,The exhibition showcases the 23 winning projects in the u19—create your world category of the Prix Ars Electronica 2026.,exhibition,https://ars.electronica.art/negotiatinghumanity/en/view/u19createyourworldExhibition-38438ddb450c815a91aac30837379922/,,
Who Decides the Music?,"Mathis Nitschke, CORPUS",13.09,10:00,12:00,"Who decides the music when machines generate endless sound on demand? Read a scene to music and hear that same moment take on three different directions. Then see how CORPUS lets the musicians who make the music have co-ownership over it. Filmmakers, game designers and musicians can all take part.",workshop,https://ars.electronica.art/negotiatinghumanity/en/view/WhoDecidestheMusic-39e38ddb450c815d8dd8ea481fb6dcce/,"Ursulinenhof Linz, Gewölbesaal",registration: https://mailworx.marketingsuite.info/Form?frm=06e16fea-c1e2-4fb5-9c7d-f5ab7f970c75
Open Futurelab Tour (EN),,13.09,10:15,11:15,"In this guided tour, you experience prototypes, installations and the new exhibition Hello Worlds! by the artistic R&D laboratory and atelier Ars Electronica Futurelab.",guided tour,https://ars.electronica.art/negotiatinghumanity/en/view/OpenFuturelabTourEN-57838ddb450c836199a1014a64eadb52/,"Ars Electronica Center, Level 0, Guided Tours & Workshops Desk",registration: https://kupfticket.com/events/ars-electronica-center-tours-fr-119-636062d2df
Little Explorers: Kids’ Tour,,13.09,10:30,12:00,"Join us on a playful journey through projects at the intersection of art, technology and society.",guided tour,https://ars.electronica.art/negotiatinghumanity/en/view/LittleExplorersKidsTour-3ae38ddb450c8064a99fd5812df57c06/,"OK Platz, WE GUIDE YOU Meeting Point",registration: https://kupfticket.com/events/little-explorers-kids-tour-6b8ce505f1
Spotlight Tour: Negotiating Humanity (DE),,13.09,10:30,12:00,Wie verhandeln wir die Menschheit? Was darf nicht verhandelbar sein? Wie gehen wir auf individueller und kollektiver Ebene mit Konflikten um? Und welche Rolle spielt die Kunst in diesem Prozess?,guided tour,https://ars.electronica.art/negotiatinghumanity/en/view/SpotlightTourNegotiatingHumanityDE-39838ddb450c807fb3a9d19e3cefc7ea/,Lentos Kunstmuseum,registration: https://kupfticket.com/events/spotlight-tour-negotiating-humanity-b7874c63c8
Unbreakable Ukraine,Saravá,13.09,10:30,11:00,"Unbreakable Ukraine is an immersive exhibition born to safeguard Ukraine’s cultural heritage, now under constant threat from war.",experience,https://ars.electronica.art/negotiatinghumanity/en/view/UnbreakableUkraine-39038ddb450c805f97a1c108437ce7d8/,"Ars Electronica Center, Level 0, Deep Space 8K",registration: https://mailworx.marketingsuite.info/Form?ev=356f63b6-88dc-479a-8f17-9d1588d5ad6c
HandsOn: Man x Machine,,13.09,10:45,11:15,"How close can robots actually get to us? From prosthetics that replace lost abilities, and exoskeletons that support and strengthen us, to robots that accompany and assist us—this HandsOn presentation demonstrates robotics as a technology of closeness.",experience,https://ars.electronica.art/negotiatinghumanity/en/view/HandsOnManxMachine-39738ddb450c80309d0cc9653b295675/,"Ars Electronica Center, Level -1",
Ars Electronica Campus Exhibition,,13.09,11:00,18:00,"Co-hosted by Ars Electronica and the University of Arts Linz, 45 universities from across the world gather at Ars Electronica Campus Exhibition 2026. Together they create a temporary, imperfect, necessary space where NEGOTIATING HUMANITY is not a theme but a practice.",exhibition,https://ars.electronica.art/negotiatinghumanity/en/view/ArsElectronicaCampusExhibition-34a38ddb450c8099aa01fc4acd2346bf/,University of Arts Linz,
behind the scenes,Akademie des Österreichischen Films,13.09,11:00,13:00,Various associations and film professionals offer open workshops providing insights into their work on a film set.,open lab,https://ars.electronica.art/negotiatinghumanity/en/view/behindthescenes-3c738ddb450c800fae73f0ee20da5bdb/,"JKU MED Campus, Plaza",
Data Workers’ Inquiry,Milagros Miceli,13.09,11:00,12:00,"Join Milagros Miceli for a presentation of Data Workers’ Inquiry, recipient of the Award of Distinction in the Prix Ars Electronica 2026, Digital Humanity category.",screening,https://ars.electronica.art/negotiatinghumanity/en/view/DataWorkersInquiry-39938ddb450c806bbd83eea681586950/,"JKU MED Campus, Laboratory Building (LAB), Level 1, JKU medSPACE",
Expanded Play Gallery – Exhibition of Playful Media,,13.09,11:00,18:00,"Now in its third edition, the Expanded Play Gallery features a curated selection of interactive works that address a wide range of topics through the medium of play.",exhibition,https://ars.electronica.art/negotiatinghumanity/en/view/ExpandedPlayGalleryExhibitionofPlayfulMedia-34a38ddb450c800f93f1e2e284d718b8/,Atelierhaus Salzamt,
Expert Tour FESTIVAL WALK: Christl Baur (DE),Christl Baur,13.09,11:00,12:30,"Christl Baur, Head of the Ars Electronica Festival and Program Director, takes you on a tour along the FESTIVAL WALK. Together, you explore the thematical threads of the exhibition across its different venues in the heart of Linz.",guided tour,https://ars.electronica.art/negotiatinghumanity/en/view/ExpertTourFESTIVALWALKChristlBaurDE-40838ddb450c82f0904c8102b2498028/,"OK Platz, WE GUIDE YOU Meeting Point",registration: https://kupfticket.com/events/expert-tours-ok-quarter-569cf9e971
Negotiating with Water,,13.09,11:00,15:00,"Negotiating with Water is a conference programme dedicated to our water imaginaries, and their legal and geopolitical realities and possibilities. The day examines our fraught relation to water that has led to the multiple crises of our time, and suggests its rerouting towards a more fluid one in which we continuously negotiate with others, most importantly, with water itself.",conference,https://ars.electronica.art/negotiatinghumanity/en/view/NegotiatingwithWater-39f38ddb450c80e99c24e062da148da2/,"Ursulinenhof Linz, Ursulinensaal",
Playtime,,13.09,11:00,11:30,"Students enrolled in the degree program Time-based and Interactive Media Art at the University of Arts Linz have developed interactive games tailored specifically to the needs and interests of our youngest visitors. Colorful, action-packed and super fun—here, children can actively engage in imaginative worlds and experience digital technologies in a playful way.",experience,https://ars.electronica.art/negotiatinghumanity/en/view/Playtime-3a438ddb450c805690e5fbeddb09084a/,"Ars Electronica Center, Level 0, Deep Space 8K",registration: https://mailworx.marketingsuite.info/Form?ev=65ca5de9-f143-496e-bc91-a43e4c0db64c
Spotlight Tour FESTIVAL WALK: Negotiating the Real (EN),,13.09,11:00,12:30,"How do we negotiate reality? How does community form, both among us humans and with other living beings? What systems of belief shape the conflicts we face in this process and what role does technology play?",guided tour,https://ars.electronica.art/negotiatinghumanity/en/view/SpotlightTourFESTIVALWALKNegotiatingtheRealEN-39538ddb450c804487b4d97d74b94fc8/,"OK Platz, WE GUIDE YOU Meeting Point",registration: https://kupfticket.com/events/spotlight-tour-festival-walk-negotiating-the-real-343458e7a4
Welcome Words,Ana-Maria Carabelea,13.09,11:00,11:05,Curator Ana-Maria Carabelea gives a brief introduction to the topic and the day's program.,intro session,https://ars.electronica.art/negotiatinghumanity/en/view/WelcomeWords-39f38ddb450c80439b73fdbac4651c29/,"Ursulinenhof Linz, Ursulinensaal",
SynTact: Guided Exploration & Discussion,Ricoh,13.09,11:15,11:45,"Explore SynTact, an interactive installation imagining future forms of collaboration beyond the human. Experience the installation together with the artists and researchers behind the project, and engage in a conversation about communication, collaboration, and care across species and technologies.",open lab,https://ars.electronica.art/negotiatinghumanity/en/view/SynTactGuidedExplorationDiscussion-39f38ddb450c813eb76bc02ea17bdca3/,"Ars Electronica Center, Level -3, Open Futurelab",
WE GUIDE YOU: Homo futuris (DE),,13.09,11:15,12:15,"As a species that has shaped the Earth, humans have transformed their environment like no other species before. With every new technology, our influence—and our responsibility for the future we are shaping—potentially grows.",guided tour,https://ars.electronica.art/negotiatinghumanity/en/view/WEGUIDEYOUHomofuturisDE-37c38ddb450c80eb81ffe889890cceeb/,"Ars Electronica Center, Level 0, Guided Tours & Workshops Desk",registration: https://kupfticket.com/events/ars-electronica-tours-mi-9926-876a655b6a
WE GUIDE YOU: Homo futuris (EN),,13.09,11:15,12:15,"As a species that has shaped the Earth, humans have transformed their environment like no other species before. With every new technology, our influence—and our responsibility for the future we are shaping—potentially grows.",guided tour,https://ars.electronica.art/negotiatinghumanity/en/view/WEGUIDEYOUHomofuturisEN-c3738ddb450c83379f3201d3aa0c858f/,"Ars Electronica Center, Level 0, Guided Tours & Workshops Desk",registration: https://kupfticket.com/events/ars-electronica-tours-mi-9926-54acdf042c
Deep Space Selection,,13.09,11:30,12:00,"At Deep Space Selection, we present several times a day a changing selection from our diverse program, which we’ve been continuously developing since 2009. Visitors can look forward to exciting stories and immersive experiences spanning media art, science and technology.",experience,https://ars.electronica.art/negotiatinghumanity/en/view/DeepSpaceSelection-3a438ddb450c8064afbaf2f7cd324cbd/,"Ars Electronica Center, Level 0, Deep Space 8K",registration: https://mailworx.marketingsuite.info/Form?ev=8669a703-d7d5-47b4-99ce-86bff73217ac
Expert Tour Negotiating Beyond Humanity: Masha Zolotova (EN),Masha Zolotova,13.09,11:30,13:00,"As the Ars Electronica Festival 2026 explores new ways of negotiating our place in an interconnected world, the Negotiating Beyond Humanity exhibition invites us to shift our attention beyond the human.",guided tour,https://ars.electronica.art/negotiatinghumanity/en/view/ExpertTourNegotiatingBeyondHumanityMashaZolotovaEN-39c38ddb450c80c295b7edef2533d8eb/,"OK Platz, WE GUIDE YOU Meeting Point",registration: https://kupfticket.com/events/expert-tours-ok-quarter-ea3633bf6b
Water through a Legal Lens: From Private Commodity to the Heritage of Mankind,Stefano Burchi,13.09,11:35,12:05,"Stefano Burchi's talk unpacks the evolving legal conceptions of (fresh)water, from water as a private commodity to water as public property regulated by nation-states through national water laws, all the way to the water of boundary rivers, lakes and aquifers framed in treaties and agreements between multiple nation-states.",lecture & talk,https://ars.electronica.art/negotiatinghumanity/en/view/WaterthroughaLegalLensFromPrivateCommoditytotheHeritageofMankind-39f38ddb450c8041854ec259733437a0/,"Ursulinenhof Linz, Ursulinensaal",
HandsOn: Neuro-Bionics,,13.09,11:45,12:15,"There is a worm in our robot! At least its brain—because a worm’s nervous system can already be “copied” into a machine. But even the human brain, with all the data it produces, can already be read and interpreted well by using EEG and brain/computer interfaces, and can even control things outside the body.",experience,https://ars.electronica.art/negotiatinghumanity/en/view/HandsOnNeuro-Bionics-0ad38ddb450c8270822a01d8ad81733d/,"Ars Electronica Center, Level -3",
"12.5 square meters—space for a car, or…","Klasse 1b, Mittelschule Kettenbrücke, Elisabeth Berger, Alexander Janus",13.09,12:00,14:00,The project started with an empty parking space in the schoolyard and the children’s complaints about the lack of space to move around.,project,https://ars.electronica.art/negotiatinghumanity/en/view/12.5squaremetersspaceforacaror-3b238ddb450c804ba348d76e96e8e557/,C. Bechstein Centrum Linz,
KEPLER SALON EXTRA EXTERN: SHOW ME YOUR FACE,"Johannes Pröll, Mihaela Kavdanska, Dilmana Yordanova, Cornelia Lehner",13.09,12:00,13:30,"Between genotype and phenotype unfolds a lifelong process of becoming. KEPLER SALON EXTRA EXTERN brings together contemporary genomics, AI and art to open new perspectives on identity, human behavior and violence in particular.",lecture & talk,https://ars.electronica.art/negotiatinghumanity/en/view/KEPLERSALONEXTRAEXTERNSHOWMEYOURFACE-3a338ddb450c8137b49bf90134b4640e/,"JKU MED Campus, Administration Building (ADM), JKU medLOFT (9th floor)",registration: https://reglist24.com/ks_ars_medc_2026_09_13
Minute Paintings / Pictures of an Exhibition,Gerhard Funk,13.09,12:00,13:00,"Users encounter seven blank, framed canvases presented in the Petersburg style on the wall, which they can paint together one after the other using various techniques. These techniques are inspired by the works of different artists. This is the latest work in Gerhard Funk’s ”Cooperative Aesthetics” series.",experience,https://ars.electronica.art/negotiatinghumanity/en/view/MinutePaintingsPicturesofanExhibition-37b38ddb450c815a9cc0ebed8dfd2628/,"Ars Electronica Center, Level 0, Deep Space 8K",registration: https://mailworx.marketingsuite.info/Form?ev=44b2fbbe-359a-4969-b15f-dedb44ed849c
Negotiating Democracy at the OpenDemocracyLab,"Stefan Schartlmüller, Lisa Praeg, Martyna Lorenc, Letícia Carneiro, Stephanie Steyrer",13.09,12:00,13:00,"Our democracies and constitutions rest on foundations that were originally laid in a very different world. In this participatory workshop, IG Demokratie invites participants to explore the roots of the current crisis of democracy.",workshop,https://ars.electronica.art/negotiatinghumanity/en/view/NegotiatingDemocracyattheOpenDemocracyLab-39f38ddb450c8186a77cd25d8dde0373/,Main Square Linz,
Spotlight Tour FESTIVAL WALK: Negotiating the Real (EN),,13.09,12:00,13:30,"How do we negotiate reality? How does community form, both among us humans and with other living beings? What systems of belief shape the conflicts we face in this process and what role does technology play?",guided tour,https://ars.electronica.art/negotiatinghumanity/en/view/SpotlightTourFESTIVALWALKNegotiatingtheRealEN-39538ddb450c804487b4d97d74b94fc8/,"OK Platz, WE GUIDE YOU Meeting Point",registration: https://kupfticket.com/events/spotlight-tour-festival-walk-negotiating-the-real-cf119f8a66
The speculative edge,"Ash Eliza Smith, Iohanna Nicenboim",13.09,12:00,14:30,"Posthuman Radio is a live sonic cabaret where human and non-human guests are staged together. Tune out the usual noise, tune in, and attune to and with others. We are rehearsing new relations, in real time. The broadcast continues whether we are listening or not. Listen in. Something is always on.",performance,https://ars.electronica.art/negotiatinghumanity/en/view/Thespeculativeedge-3c938ddb450c816dad1ae9763533b9df/,IT:U Digital City Studio Linz,
Young Animations,C3,13.09,12:00,12:45,"As part of the Prix Animation Art Screening, Young Animations is presenting a selection of short films by young artists up to the age of 19.",screening,https://ars.electronica.art/negotiatinghumanity/en/view/YoungAnimations-38438ddb450c81019a2fd35026208863/,"JKU MED Campus, Laboratory Building (LAB), Level 1, JKU medSPACE",
Joint Q&A,"Stefano Burchi, Aimée Craft",13.09,12:05,12:30,Aimée Craft and Stefano Burchi answer the audience’s questions in a joint Q&A that connects Anishinaabe legal traditions with national and transnational legal frameworks.,panel discussion,https://ars.electronica.art/negotiatinghumanity/en/view/JointQA-3c738ddb450c80e292b5fc372fb28016/,"Ursulinenhof Linz, Ursulinensaal",
Hello Worlds! Futurelab Tour (DE),,13.09,12:15,12:45,"Explore Hello Worlds! together with the people behind the project. Researchers, artists, designers, developers and collaboration partners guide you through the exhibition, sharing the ideas, technologies and research behind the works—and, if you like, continue the conversation afterwards.",guided tour,https://ars.electronica.art/negotiatinghumanity/en/view/HelloWorldsFuturelabTourDE-3a038ddb450c81a082addecc3a0f5031/,"Ars Electronica Center, Level 0, Guided Tours & Workshops Desk",registration: https://kupfticket.com/events/ars-electronica-center-tours-fr-119-bd634a42a6
Fluid Media,"Robertina Šebjanič, Jamie Allen, Ioana Vreme Moser, Ana-Maria Carabelea",13.09,12:30,13:15,This panel introduces another possible understanding of water and asks how might treating water as a medium—that carries messages about hydro social relations—change those relations?,panel discussion,https://ars.electronica.art/negotiatinghumanity/en/view/FluidMedia-39f38ddb450c80dc9532c7ceba0f8b23/,"Ursulinenhof Linz, Ursulinensaal",
Holy Echo,evala,13.09,12:30,17:30,"Beyond the visible: a prayer in resonance. Holy Echo by evala transforms Linz’s Mariendom. Shifting focus from theology to perception, this spatial audio project proposes that a space becomes sacred not through decree, but when human perception is profoundly reorganized through resonance.",exhibition,https://ars.electronica.art/negotiatinghumanity/en/view/HolyEcho-38f38ddb450c8187a872e89a0251e1bf/,St. Mary’s Cathedral,
Spotlight Tour: Negotiating Humanity (DE),,13.09,12:30,14:00,Wie verhandeln wir die Menschheit? Was darf nicht verhandelbar sein? Wie gehen wir auf individueller und kollektiver Ebene mit Konflikten um? Und welche Rolle spielt die Kunst in diesem Prozess?,guided tour,https://ars.electronica.art/negotiatinghumanity/en/view/SpotlightTourNegotiatingHumanityDE-39838ddb450c807fb3a9d19e3cefc7ea/,Lentos Kunstmuseum,registration: https://kupfticket.com/events/spotlight-tour-negotiating-humanity-d22c052d08
Spotlight Tour: Negotiating Humanity (EN),,13.09,12:30,14:00,What can we negotiate when it comes to humanity? What must remain non-negotiable? How do we engage with conflicts on an individual and collective level? And what role does art play in this process?,guided tour,https://ars.electronica.art/negotiatinghumanity/en/view/SpotlightTourNegotiatingHumanityEN-39838ddb450c8078b25ddadd9162b41b/,Lentos Kunstmuseum,registration: https://kupfticket.com/events/spotlight-tour-negotiating-humanity-701872f443
Town Hall Meeting: How to partner with the Ars Electronica Festival?,"Veronika Liebl, Christl Baur",13.09,12:30,13:30,"Curious about what it takes to become part of Ars Electronica? This session opens the door to new ideas, unexpected encounters, and the start of future collaborations.",networking event,https://ars.electronica.art/negotiatinghumanity/en/view/TownHallMeetingHowtopartnerwiththeArsElectronicaFestival-39138ddb450c80a198bbd22e698dd3cc/,"OK Linz, voestalpine OPEN SPACE",registration: https://mailworx.marketingsuite.info/Form?frm=56cfe35b-d783-4c7a-b95e-0a847aa798bf
Whose Future Are You Building?,TAH Centre,13.09,12:30,14:30,"Bring one real project, prototype, artwork or research question and examine it through the perspectives of technology, arts and humanities. Using TAH Prism, prompt cards and a visual canvas, participants uncover hidden assumptions, reframe their work and identify one specific next step.",workshop,https://ars.electronica.art/negotiatinghumanity/en/view/WhoseFutureAreYouBuilding-39d38ddb450c816e99baddbfaebe5e60/,"Ursulinenhof Linz, Gewölbesaal",registration: https://mailworx.marketingsuite.info/Form?frm=b871ecbc-e63d-45ff-b41e-56b6ad76343f
BMW Hydrogen Strategy (DE),Jürgen Guldner,13.09,13:00,13:10,"What role can hydrogen play in tomorrow’s mobility? BMW Group shares its strategy for integrating fuel cell technology into its future vehicle portfolio—highlighting hydrogen as an important energy carrier, an effective storage medium for renewable energy and a complement to battery-electric mobility.",lecture & talk,https://ars.electronica.art/negotiatinghumanity/en/view/BMWHydrogenStrategyDE-3ad38ddb450c811bb9ddd38417594800/,splace,
Creative Coding Open House (SUN 13.9.),"Amir Bastan, Cécile Bucher, Chris Coleman, Raphaël de Courville, Joreg",13.09,13:00,18:00,"Have you ever wanted to try out Processing or p5.js? Join us for a day celebrating 25 years of Processing—a gathering for beginners, experienced users and everyone in between.",open lab,https://ars.electronica.art/negotiatinghumanity/en/view/CreativeCodingOpenHouseSUN13.9.-3a838ddb450c81c59d98ff44c33d4c4b/,PopUp Store,
Deep Space Selection,,13.09,13:00,13:30,"At Deep Space Selection, we present several times a day a changing selection from our diverse program, which we’ve been continuously developing since 2009. Visitors can look forward to exciting stories and immersive experiences spanning media art, science and technology.",experience,https://ars.electronica.art/negotiatinghumanity/en/view/DeepSpaceSelection-3a438ddb450c8064afbaf2f7cd324cbd/,"Ars Electronica Center, Level 0, Deep Space 8K",registration: https://mailworx.marketingsuite.info/Form?ev=3306c83c-586a-43d6-8b68-facba8064a8e
Live Cinema Lab,Lukas Strasser,13.09,13:00,17:00,"The Live Cinema Lab invites participants to become part of a filmmaking process. Within an open installation, they experience different departments of filmmaking and their interplay firsthand through experimenting, exploring and collaboratively developing a scene.",open lab,https://ars.electronica.art/negotiatinghumanity/en/view/LiveCinemaLab-3a738ddb450c802b8dbfe3224df28ed1/,"JKU MED Campus, Plaza",
Press Start – RADICAL GAMING Performance,"Rajiv Bhagwanbali, Anna Hazarian, Philipp “Flip” Kroll, Alina Lugovskaya",13.09,13:00,13:10,"Dance and gaming experience merge together in this performance which explores belonging, recognition and the darker sides of online communities.",performance,https://ars.electronica.art/negotiatinghumanity/en/view/PressStartRADICALGAMINGPerformance-dec38ddb450c832fb6d901f9e7afa93c/,"JKU MED Campus, Teaching Building (LEH), Level 0, Lecture Hall 2",
Prix Ars Electronica Insight,"Sabine Hertig & Dirk Koy, Tianji Yu, 2girls1comp, Bruce Eesly, Ryat Yezbick, Aurelijus Čiupas",13.09,13:00,14:00,"This program brings together six works that capture the spirit of this year’s Prix Ars Electronica jury discussions. Five of them received awards, standing out for their artistic intelligence, critical insight and political urgency.",screening,https://ars.electronica.art/negotiatinghumanity/en/view/PrixArsElectronicaInsight-39938ddb450c80ef8414c66523c31119/,"JKU MED Campus, Laboratory Building (LAB), Level 1, JKU medSPACE",
Spotlight Tour FESTIVAL WALK: Negotiating the Real (DE),,13.09,13:00,14:30,"How do we negotiate reality? How does community form, both among us humans and with other living beings? What systems of belief shape the conflicts we face in this process and what role does technology play?",guided tour,https://ars.electronica.art/negotiatinghumanity/en/view/SpotlightTourFESTIVALWALKNegotiatingtheRealDE-39538ddb450c804cb40efcf4008dd0f2/,"OK Platz, WE GUIDE YOU Meeting Point",registration: https://kupfticket.com/events/spotlight-tour-festival-walk-negotiating-the-real-9fe929adee
Where Is the Sound Hiding?,,13.09,13:00,13:45,"The C. Bechstein Centrum Linz invites children on a journey into the world of pianos and grand pianos, full of opportunities to discover, explore and try things out for themselves.",workshop,https://ars.electronica.art/negotiatinghumanity/en/view/WhereIstheSoundHiding-3a338ddb450c80c599dff86fc1090c64/,C. Bechstein Centrum Linz,
Performances at Main Square,,13.09,13:15,13:45,"The Flood the Zone with Courage program presents a series of interventions, each lasting no more than seven minutes. Through diverse artistic approaches, these interventions reimagine protest, exploring the many forms it can take and inviting audiences into concentrated moments of action.",performance,https://ars.electronica.art/negotiatinghumanity/en/view/PerformancesatMainSquare-3a538ddb450c8042a6e2c78244bdcd22/,Main Square Linz,
WE GUIDE YOU: Homo futuris (DE),,13.09,13:15,14:15,"As a species that has shaped the Earth, humans have transformed their environment like no other species before. With every new technology, our influence—and our responsibility for the future we are shaping—potentially grows.",guided tour,https://ars.electronica.art/negotiatinghumanity/en/view/WEGUIDEYOUHomofuturisDE-37c38ddb450c80eb81ffe889890cceeb/,"Ars Electronica Center, Level 0, Guided Tours & Workshops Desk",registration: https://kupfticket.com/events/ars-electronica-tours-mi-9926-d20c2c4547
WE GUIDE YOU: Homo futuris (EN),,13.09,13:15,14:15,"As a species that has shaped the Earth, humans have transformed their environment like no other species before. With every new technology, our influence—and our responsibility for the future we are shaping—potentially grows.",guided tour,https://ars.electronica.art/negotiatinghumanity/en/view/WEGUIDEYOUHomofuturisEN-c3738ddb450c83379f3201d3aa0c858f/,"Ars Electronica Center, Level 0, Guided Tours & Workshops Desk",registration: https://kupfticket.com/events/ars-electronica-tours-mi-9926-b2648feafa
The Humanity Negotiation Quest,,13.09,13:30,14:00,"Guide yourself through the FESTIVAL WALK, win negotiation points, collect hidden treasures. Discover your humanity negotiation profile and get recommendations for what festival pieces to see next.",experience,https://ars.electronica.art/negotiatinghumanity/en/view/TheHumanityNegotiationQuest-3b838ddb450c80f1a438ea41018d28e6/,OK Platz,
Urban Metamorphosis. Sketches of Tomorrow.,"Claudia Puck, Johann Steinegger, Sebastian Pichelhofer, Sebastian Postl, Katharina Keiblinger, Valentin Postl, Brigitte Wegscheider",13.09,13:30,14:00,What if climate adaptation could give us the cities we want to live in? Explore immersive before-and-after scenarios that reveal how urban landscapes can evolve. Discover how sustainable design can improve everyday life and create more liveable futures.,experience,https://ars.electronica.art/negotiatinghumanity/en/view/UrbanMetamorphosis.SketchesofTomorrow.-39d38ddb450c81878459e5d6e6336984/,"Ars Electronica Center, Level 0, Deep Space 8K",registration: https://mailworx.marketingsuite.info/Form?ev=c733f3ca-eacf-452b-8ed4-ccd0b4fca021
Art for the Hydrocommons,"Seila Fernández Arconada, Laura Colmenares Guerra, Eleni Riga, Seila Fernandez Arconada",13.09,13:45,14:15,"Bringing together artists Laura Colmenares Guerra and Seila Fernández Arconada, the discussion unpacks how the notion of the hydrocommons is activated in artistic practices both to question existing water imaginaries and reimagine hydro-social relations.",panel discussion,https://ars.electronica.art/negotiatinghumanity/en/view/ArtfortheHydrocommons-39f38ddb450c80ffa6e5eabb322014c2/,"Ursulinenhof Linz, Ursulinensaal",
Artist Q&A with Joseph Herscher,Joseph Herscher,13.09,14:00,15:00,"Meet Joseph Herscher, the artist behind Joseph’s Machines—elaborate chain-reaction contraptions that turn everyday objects into unlikely collaborators.",meet the artist,https://ars.electronica.art/negotiatinghumanity/en/view/ArtistQAwithJosephHerscher-3a538ddb450c8017a27cf49cbaabc515/,,
BMW Hydrogen Strategy (EN),Jürgen Guldner,13.09,14:00,14:10,"What role can hydrogen play in tomorrow’s mobility? BMW Group shares its strategy for integrating fuel cell technology into its future vehicle portfolio—highlighting hydrogen as an important energy carrier, an effective storage medium for renewable energy and a complement to battery-electric mobility.",lecture & talk,https://ars.electronica.art/negotiatinghumanity/en/view/BMWHydrogenStrategyEN-2f038ddb450c8366b3ac010417133dce/,splace,
Deep Space Selection,,13.09,14:00,14:30,"At Deep Space Selection, we present several times a day a changing selection from our diverse program, which we’ve been continuously developing since 2009. Visitors can look forward to exciting stories and immersive experiences spanning media art, science and technology.",experience,https://ars.electronica.art/negotiatinghumanity/en/view/DeepSpaceSelection-3a438ddb450c8064afbaf2f7cd324cbd/,"Ars Electronica Center, Level 0, Deep Space 8K",registration: https://mailworx.marketingsuite.info/Form?ev=e266bf80-8b76-4517-ac21-b3f4b2a25553
Ghost Stories: Negotiating Between Worlds,"Esteban Azuela, Naomi Noir, Wendi Yan, Boris Eldagsen, Ben Chimoy",13.09,14:00,14:45,The five works in this program tell unusual ghost stories in which the boundaries between worlds become permeable and negotiation remains open.,screening,https://ars.electronica.art/negotiatinghumanity/en/view/GhostStoriesNegotiatingBetweenWorlds-39938ddb450c8079978eee12b2bd374e/,"JKU MED Campus, Laboratory Building (LAB), Level 1, JKU medSPACE",
Haunted Herstory: Herzblutwiese Stadtwerkstatt – Movie&Talk,"Tanja Brandmayr, Claudia Dworschak",13.09,14:00,17:00,"The essay film Herzblutwiese Stadtwerkstatt addresses feminism, equal rights and gender equality at the Stadtwerkstatt, the longest-running autonomous art and culture space in the city of Linz.",screening,https://ars.electronica.art/negotiatinghumanity/en/view/HauntedHerstoryHerzblutwieseStadtwerkstattMovieTalk-51b38ddb450c82e9986701eddf9baf18/,Moviemento,
Negotiating Democracy at the OpenDemocracyLab,"Stefan Schartlmüller, Lisa Praeg, Martyna Lorenc, Letícia Carneiro, Stephanie Steyrer",13.09,14:00,17:00,"Our democracies and constitutions rest on foundations that were originally laid in a very different world. In this participatory workshop, IG Demokratie invites participants to explore the roots of the current crisis of democracy.",workshop,https://ars.electronica.art/negotiatinghumanity/en/view/NegotiatingDemocracyattheOpenDemocracyLab-39f38ddb450c8186a77cd25d8dde0373/,Main Square Linz,
Spotlight Tour FESTIVAL WALK: Negotiating the Real (DE),,13.09,14:00,15:30,"How do we negotiate reality? How does community form, both among us humans and with other living beings? What systems of belief shape the conflicts we face in this process and what role does technology play?",guided tour,https://ars.electronica.art/negotiatinghumanity/en/view/SpotlightTourFESTIVALWALKNegotiatingtheRealDE-39538ddb450c804cb40efcf4008dd0f2/,"OK Platz, WE GUIDE YOU Meeting Point",registration: https://kupfticket.com/events/spotlight-tour-festival-walk-negotiating-the-real-6cf93d69c3
Spotlight Tour FESTIVAL WALK: Negotiating the Real (EN),,13.09,14:00,15:30,"How do we negotiate reality? How does community form, both among us humans and with other living beings? What systems of belief shape the conflicts we face in this process and what role does technology play?",guided tour,https://ars.electronica.art/negotiatinghumanity/en/view/SpotlightTourFESTIVALWALKNegotiatingtheRealEN-39538ddb450c804487b4d97d74b94fc8/,"OK Platz, WE GUIDE YOU Meeting Point",registration: https://kupfticket.com/events/spotlight-tour-festival-walk-negotiating-the-real-8006d28ec1
Tell Me About It,Time’s Up,13.09,14:00,15:00,"A typically relaxed atmosphere fills the Medusa Bar, a popular hangout at Turnton’s harbor, on a hot September evening in 2047, until news suddenly begins to spread...",experience,https://ars.electronica.art/negotiatinghumanity/en/view/TellMeAboutIt-3a438ddb450c815b86c2fdf215c03054/,Theater Phönix,
Town Hall Meeting: Prix Ars Electronica 2026 Trend & Insight,"Anita Halbartschlager, Emiko Ogawa",13.09,14:00,15:00,How to collaborate with Prix Ars Electronica? Ars Electronica staff will answer your questions about the various collaboration opportunities with Prix Ars Electronica. Let’s discuss the possibilities for the future.,networking event,https://ars.electronica.art/negotiatinghumanity/en/view/TownHallMeetingPrixArsElectronica2026TrendInsight-39138ddb450c8073b753e773e921f840/,"OK Linz, voestalpine OPEN SPACE",registration: https://mailworx.marketingsuite.info/Form?frm=f4b1aada-64f2-4142-9c63-c640c6b8736f
Where Is the Sound Hiding?,,13.09,14:00,14:45,"The C. Bechstein Centrum Linz invites children on a journey into the world of pianos and grand pianos, full of opportunities to discover, explore and try things out for themselves.",workshop,https://ars.electronica.art/negotiatinghumanity/en/view/WhereIstheSoundHiding-3a338ddb450c80c599dff86fc1090c64/,C. Bechstein Centrum Linz,
Open Futurelab Tour (DE),,13.09,14:15,15:15,"In this guided tour, you experience prototypes, installations and the new exhibition Hello Worlds! by the artistic R&D laboratory and atelier Ars Electronica Futurelab.",guided tour,https://ars.electronica.art/negotiatinghumanity/en/view/OpenFuturelabTourDE-3a538ddb450c80c2a39be7d7fc616ec4/,"Ars Electronica Center, Level 0, Guided Tours & Workshops Desk",registration: https://kupfticket.com/events/ars-electronica-center-tours-fr-119-4866d6b40f
"The Flows of Law, Technology and Empire Through Water and History","Radha D’Souza, Radha D'Souza",13.09,14:15,15:00,The lecture will highlight how the entwinement of law and technology in the imperialist project plays out across bodies of water.,keynote,https://ars.electronica.art/negotiatinghumanity/en/view/TheFlowsofLawTechnologyandEmpireThroughWaterandHistory-39f38ddb450c800f8a4ce0734192a4ea/,"Ursulinenhof Linz, Ursulinensaal",
Playtime,,13.09,14:30,15:00,"Students enrolled in the degree program Time-based and Interactive Media Art at the University of Arts Linz have developed interactive games tailored specifically to the needs and interests of our youngest visitors. Colorful, action-packed and super fun—here, children can actively engage in imaginative worlds and experience digital technologies in a playful way.",experience,https://ars.electronica.art/negotiatinghumanity/en/view/Playtime-3a438ddb450c805690e5fbeddb09084a/,"Ars Electronica Center, Level 0, Deep Space 8K",registration: https://mailworx.marketingsuite.info/Form?ev=5ba1b951-f765-4629-afc7-68fbbd8e5a7e
Spotlight Tour: Negotiating Humanity (DE),,13.09,14:30,16:00,Wie verhandeln wir die Menschheit? Was darf nicht verhandelbar sein? Wie gehen wir auf individueller und kollektiver Ebene mit Konflikten um? Und welche Rolle spielt die Kunst in diesem Prozess?,guided tour,https://ars.electronica.art/negotiatinghumanity/en/view/SpotlightTourNegotiatingHumanityDE-39838ddb450c807fb3a9d19e3cefc7ea/,Lentos Kunstmuseum,registration: https://kupfticket.com/events/spotlight-tour-negotiating-humanity-852d535882
Spotlight Tour: Negotiating Humanity (EN),,13.09,14:30,16:00,What can we negotiate when it comes to humanity? What must remain non-negotiable? How do we engage with conflicts on an individual and collective level? And what role does art play in this process?,guided tour,https://ars.electronica.art/negotiatinghumanity/en/view/SpotlightTourNegotiatingHumanityEN-39838ddb450c8078b25ddadd9162b41b/,Lentos Kunstmuseum,registration: https://kupfticket.com/events/spotlight-tour-negotiating-humanity-c7e8b7c4c5
The Sound of the Day: A Communal Sound Gathering with elekhlekha (อีเหละเขละขละ),"elekhlekha (อีเหละเขละขละ), elekhlekha อีเหละเขละขละ",13.09,14:30,15:15,"In this performance, elekhlekha (อีเหละเขละขละ) bring their Network Gong Ensemble Archive to life through homemade gongs, found objects and an interactive sound world rooted in Southeast Asian tradition—a communal, participatory sound-making and listening experience for all ages.",performance,https://ars.electronica.art/negotiatinghumanity/en/view/TheSoundoftheDayACommunalSoundGatheringwithelekhlekha-39f38ddb450c818b88d6cc6267264a26/,"Francisco Carolinum, Level 2",
HandsOn: Man x Machine,,13.09,14:45,15:15,"How close can robots actually get to us? From prosthetics that replace lost abilities, and exoskeletons that support and strengthen us, to robots that accompany and assist us—this HandsOn presentation demonstrates robotics as a technology of closeness.",experience,https://ars.electronica.art/negotiatinghumanity/en/view/HandsOnManxMachine-39738ddb450c80309d0cc9653b295675/,"Ars Electronica Center, Level -1",
Keys Beyond Boundaries,Milan Conic,13.09,15:00,18:00,"Electronics meets improvized piano; dance, film and poetry at the C. Bechstein Piano Gallery. Featuring performances by Milan Conic and collaborators, the program explores new encounters between acoustic and electronic sound.",concert,https://ars.electronica.art/negotiatinghumanity/en/view/KeysBeyondBoundaries-3a338ddb450c80dc9c4eefd462906fe7/,C. Bechstein Centrum Linz,
Lost Legends,"Melinda File, Benedikt Pfisterer, Stefan Czerny, Lisa Hochgatterer",13.09,15:00,15:30,"Using highly detailed 3D models created from fossils and specimens in the collections of the Natural History Museum Vienna, this experience combines scientific evidence with immersive visualization to bring these lost legends back to life.",experience,https://ars.electronica.art/negotiatinghumanity/en/view/LostLegends-39538ddb450c80cf95b7ca71aea39e0a/,"Ars Electronica Center, Level 0, Deep Space 8K",registration: https://mailworx.marketingsuite.info/Form?ev=353b165f-e25b-47fd-867e-2372455b5eea
Maja Vidic – Free Association Improvisation,"Maja Vidic, Milan Conic",13.09,15:00,16:00,"Free Association Improvisation is an interdisciplinary artistic project initiated by Milan Conić, exploring the boundaries between music, movement and spontaneous expression.",concert,https://ars.electronica.art/negotiatinghumanity/en/view/MajaVidicFreeAssociationImprovisation-3ad38ddb450c8009a14ae38967a5304b/,C. Bechstein Centrum Linz,
Spotlight Tour FESTIVAL WALK: Negotiating the Real (EN),,13.09,15:00,16:30,"How do we negotiate reality? How does community form, both among us humans and with other living beings? What systems of belief shape the conflicts we face in this process and what role does technology play?",guided tour,https://ars.electronica.art/negotiatinghumanity/en/view/SpotlightTourFESTIVALWALKNegotiatingtheRealEN-39538ddb450c804487b4d97d74b94fc8/,"OK Platz, WE GUIDE YOU Meeting Point",registration: https://kupfticket.com/events/spotlight-tour-festival-walk-negotiating-the-real-5f006a6b07
WE GUIDE YOU: Homo futuris (DE),,13.09,15:15,16:15,"As a species that has shaped the Earth, humans have transformed their environment like no other species before. With every new technology, our influence—and our responsibility for the future we are shaping—potentially grows.",guided tour,https://ars.electronica.art/negotiatinghumanity/en/view/WEGUIDEYOUHomofuturisDE-37c38ddb450c80eb81ffe889890cceeb/,"Ars Electronica Center, Level 0, Guided Tours & Workshops Desk",registration: https://kupfticket.com/events/ars-electronica-tours-mi-9926-4a975de4c8
WE GUIDE YOU: Homo futuris (EN),,13.09,15:15,16:15,"As a species that has shaped the Earth, humans have transformed their environment like no other species before. With every new technology, our influence—and our responsibility for the future we are shaping—potentially grows.",guided tour,https://ars.electronica.art/negotiatinghumanity/en/view/WEGUIDEYOUHomofuturisEN-c3738ddb450c83379f3201d3aa0c858f/,"Ars Electronica Center, Level 0, Guided Tours & Workshops Desk",registration: https://kupfticket.com/events/ars-electronica-tours-mi-9926-b395191983
Deep Space Selection,,13.09,15:30,16:00,"At Deep Space Selection, we present several times a day a changing selection from our diverse program, which we’ve been continuously developing since 2009. Visitors can look forward to exciting stories and immersive experiences spanning media art, science and technology.",experience,https://ars.electronica.art/negotiatinghumanity/en/view/DeepSpaceSelection-3a438ddb450c8064afbaf2f7cd324cbd/,"Ars Electronica Center, Level 0, Deep Space 8K",registration: https://mailworx.marketingsuite.info/Form?ev=2eae763c-fd49-438f-8389-4cf5d20e0494
Water Whisperer,"OpenFields, Zeynep Aksöz Bakzar, Mark Balzar",13.09,15:30,17:30,"Water Whisperer is an immersive participatory AI workshop where participants converse with the spirits of Danube, rain, snow, fog, groundwater and wastewater. Rather than providing answers, AI fosters collective dialogue and invites participants to see themselves as part of a shared water ecology",workshop,https://ars.electronica.art/negotiatinghumanity/en/view/WaterWhisperer-39e38ddb450c8161ae08e55f1c7b5b31/,bb15,registration: https://mailworx.marketingsuite.info/Form?frm=4b6790e1-eebb-45ea-9d41-c91fc44dc4d5
HandsOn: Neuro-Bionics,,13.09,15:45,16:15,"There is a worm in our robot! At least its brain—because a worm’s nervous system can already be “copied” into a machine. But even the human brain, with all the data it produces, can already be read and interpreted well by using EEG and brain/computer interfaces, and can even control things outside the body.",experience,https://ars.electronica.art/negotiatinghumanity/en/view/HandsOnNeuro-Bionics-0ad38ddb450c8270822a01d8ad81733d/,"Ars Electronica Center, Level -3",
Destituent Laughing Choir,"Natalia Agati, Francesco Restuccia, Chuming Yu, Maria Messerer, Chyara Holz, Lorenz Willer, Josephine Zacher, Margarita Gimaeva, Franka Fuchs, Mahsa Landarany, Su Güryay, Anina Neumeier",13.09,16:00,17:20,"Destituent Laughing Choir is a radically horizontal, “join-as-you-come” performance structured around a core group of trained members, which invites the everyday public to organically merge into a massive, contagious feedback loop that renders the mechanics of authority completely inoperative.",performance,https://ars.electronica.art/negotiatinghumanity/en/view/DestituentLaughingChoir-38e38ddb450c81aea359dd3a888c0ed5/,"Ars Electronica Center, Maindeck",
Milan Conic & Lotte Sandhacker,"Milan Conic, Lotte Sandhacker",13.09,16:00,17:00,"What happens when music and poetry meet? Milan Conic and Lotte Sandhacker play with the piano, voice and musical poetry—separately, together and merged as one.",concert,https://ars.electronica.art/negotiatinghumanity/en/view/MilanConicLotteSandhacker-3ad38ddb450c80d788f8c0e7128489f3/,C. Bechstein Centrum Linz,
Onassis ONX Showcase,"Gabriel Barcia-Colombo, Peter Burr, Eirini Linardaki, Winslow Porter, Elie Zananiri",13.09,16:00,17:00,"Spanning video, game engine renderings and textile-based digital landscapes, the Onassis ONX showcase of moving image works reflects on community, ecology, the residue of procedural worlds and other systems shaping contemporary life.",screening,https://ars.electronica.art/negotiatinghumanity/en/view/OnassisONXShowcase-38e38ddb450c8121bdead6947c2afd1a/,"Ars Electronica Center, Level 0, Deep Space 8K",registration: https://mailworx.marketingsuite.info/Form?ev=feb2924b-8c6f-481d-a703-b2522b49c0ae
Spotlight Tour FESTIVAL WALK: Negotiating the Real (DE),,13.09,16:00,17:30,"How do we negotiate reality? How does community form, both among us humans and with other living beings? What systems of belief shape the conflicts we face in this process and what role does technology play?",guided tour,https://ars.electronica.art/negotiatinghumanity/en/view/SpotlightTourFESTIVALWALKNegotiatingtheRealDE-39538ddb450c804cb40efcf4008dd0f2/,"OK Platz, WE GUIDE YOU Meeting Point",registration: https://kupfticket.com/events/spotlight-tour-festival-walk-negotiating-the-real-29cdc7b3af
Studio Sessions,,13.09,16:00,18:00,Studio Sessions offer a space for experimental and playful performances at Studio 1 of the University of Arts Linz. The spectrum ranges from complex audiovisual pieces and text and dance performances to instrumental spatial and sound art experiences.,performance,https://ars.electronica.art/negotiatinghumanity/en/view/StudioSessions-37c38ddb450c81888ba3d3d2e972873b/,"University of Arts Linz, Hauptplatz 8 (West Building), Third Floor",
Tell Me About It,Time’s Up,13.09,16:00,17:00,"A typically relaxed atmosphere fills the Medusa Bar, a popular hangout at Turnton’s harbor, on a hot September evening in 2047, until news suddenly begins to spread...",experience,https://ars.electronica.art/negotiatinghumanity/en/view/TellMeAboutIt-3a438ddb450c815b86c2fdf215c03054/,Theater Phönix,
Hello Worlds! Futurelab Tour (EN),,13.09,16:15,16:45,"Explore Hello Worlds! together with the people behind the project. Researchers, artists, designers, developers, and collaboration partners guide you through the exhibition, sharing the ideas, technologies and research behind the works—and, if you like, continue the conversation afterwards.",guided tour,https://ars.electronica.art/negotiatinghumanity/en/view/HelloWorldsFuturelabTourEN-56638ddb450c830c9e7281cf5b59a977/,"Ars Electronica Center, Level 0, Guided Tours & Workshops Desk",registration: https://kupfticket.com/events/ars-electronica-center-tours-fr-119-56203444db
drag your world. Youth Exchange Project Presentation,"create your world, c3, mb21",13.09,16:30,17:00,"On the last day of the festival, the final presentation of the Youth Exchange Project will take place.",screening,https://ars.electronica.art/negotiatinghumanity/en/view/dragyourworld.YouthExchangeProjectPresentation-3a638ddb450c8073b3eae2d4ea59810c/,"JKU MED Campus, Teaching Building (LEH), Level 0, Lecture Hall 1",
Laguna Obscura,Sara Tirelli,13.09,17:00,17:30,"Inspired by the magic lantern and phantasmagoria, Laguna Obscura explores the origins of immersion within the Venetian imaginary.",experience,https://ars.electronica.art/negotiatinghumanity/en/view/LagunaObscura-39038ddb450c808583ede17db20b07cf/,"Ars Electronica Center, Level 0, Deep Space 8K",registration: https://mailworx.marketingsuite.info/Form?ev=cf7b0152-e749-4ba7-a8a2-149a439d391d
Press Start – RADICAL GAMING Performance,"Rajiv Bhagwanbali, Anna Hazarian, Philipp “Flip” Kroll, Alina Lugovskaya",13.09,17:00,17:10,"Dance and gaming experience merge together in this performance which explores belonging, recognition and the darker sides of online communities.",performance,https://ars.electronica.art/negotiatinghumanity/en/view/PressStartRADICALGAMINGPerformance-dec38ddb450c832fb6d901f9e7afa93c/,"JKU MED Campus, Teaching Building (LEH), Level 0, Lecture Hall 2",
Deep Space Selection,,13.09,17:30,18:00,"At Deep Space Selection, we present several times a day a changing selection from our diverse program, which we’ve been continuously developing since 2009. Visitors can look forward to exciting stories and immersive experiences spanning media art, science and technology.",experience,https://ars.electronica.art/negotiatinghumanity/en/view/DeepSpaceSelection-3a438ddb450c8064afbaf2f7cd324cbd/,"Ars Electronica Center, Level 0, Deep Space 8K",registration: https://mailworx.marketingsuite.info/Form?ev=04986bb7-debd-4a02-81be-bc9847180455
Performances at Main Square,,13.09,17:30,18:00,"The Flood the Zone with Courage program presents a series of interventions, each lasting no more than seven minutes. Through diverse artistic approaches, these interventions reimagine protest, exploring the many forms it can take and inviting audiences into concentrated moments of action.",performance,https://ars.electronica.art/negotiatinghumanity/en/view/PerformancesatMainSquare-3a538ddb450c8042a6e2c78244bdcd22/,Main Square Linz,
Play the Façade,,13.09,20:00,21:00,"Ars Electronica Futurelab’s Play the Façade transforms the Ars Electronica Center into an interactive audiovisual stage within the Linz skyline. Using the local Wi-Fi, visitors can connect to the building with their own smartphones, play music and control the façade’s more than 40,000 LEDs in real time. The Ars Electronica Center thus becomes an instrument that users can play—and the city a share…",project,https://ars.electronica.art/negotiatinghumanity/en/view/PlaytheFaade-38838ddb450c80049ff9d604c744fe53/,"Ars Electronica Center, Façade",
Luminous Patterns,Meister:innenschule für Kommunikationsdesign,13.09,21:00,22:00,"As part of the nextcomic festival, students from the MKD – Master School of Communication Design Linz designed the façade of the Ars Electronica Center. With the watchful gaze of large-scale eyes, pulsating data streams, and the question “Am I AI?”, they transformed the museum into an empathetic entity for one hour each evening, inviting passersby to engage with topics such as surveillance, data…",screening,https://ars.electronica.art/negotiatinghumanity/en/view/LuminousPatterns-38838ddb450c80958e37c6c678718b2d/,"Ars Electronica Center, Façade",
Urban Screen Lab,"Damon Tovbin, Darijo Zeljko Warnecke, Filip Hildebrandt, Hanifa Hannan, Jan Feetje Gemmeke, Jule Potthast, Lilly Kunz, Mohamad Alzhouri, Stefanie Stöckel, Tamara Opferman, Tom Hensel-Moritz",13.09,22:00,23:00,"As part of this laboratory for digital practice, the media façade of the Ars Electronica Center becomes an experimental field for a young generation of media artists. Under the artistic direction of Dawid Liftinger and Karin Balkenhol, six independent works for the iconic façade were created at the Walter-Lübcke-Schule in Wolfhagen, Germany.",project,https://ars.electronica.art/negotiatinghumanity/en/view/UrbanScreenLab-39038ddb450c8099a7f9c62e71d7ebbc/,"Ars Electronica Center, Façade",
