Name,When to Meet,Where to Meet,Event name,Topic,Event type,Date,Time Start,Time Finish
!Mediengruppe Bitnik,,,,,,,,
1=1 aka DJ Döner,"WED 09.09, 17:30 – 22:00","University of Arts Linz, Hauptplatz 6 (East Building), Courtyard",Sound Campus (WED 9.9.),Listening Underground,PROJECT,09.09,17:30,22:00
2girls1comp,"WED 09.09, 15:00 – 16:00","JKU MED Campus, Laboratory Building (LAB), Level 1, JKU medSPACE",Prix Ars Electronica Insight,Prix Ars Electronica Insight,SCREENING,09.09,15:00,16:00
2girls1comp,"THU 10.09, 17:30 – 18:30","JKU MED Campus, Laboratory Building (LAB), Level 1, JKU medSPACE",Prix Ars Electronica Insight,Prix Ars Electronica Insight,SCREENING,10.09,17:30,18:30
2girls1comp,"FRI 11.09, 14:30 – 16:00","Ars Electronica Center, Level 3, Sky Loft",ASIFA Austria Forum: Current Perspectives,Moderated by Reinhold Bidner (AT),CONFERENCE,11.09,14:30,16:00
2girls1comp,"SAT 12.09, 15:00 – 16:00","JKU MED Campus, Laboratory Building (LAB), Level 1, JKU medSPACE",The Game Was Rigged from the Start,MEET THE ARTIST,SCREENING,12.09,15:00,16:00
2girls1comp,"SAT 12.09, 17:30 – 18:30","JKU MED Campus, Laboratory Building (LAB), Level 1, JKU medSPACE",Prix Ars Electronica Insight,Prix Ars Electronica Insight,SCREENING,12.09,17:30,18:30
2girls1comp,"SUN 13.09, 13:00 – 14:00","JKU MED Campus, Laboratory Building (LAB), Level 1, JKU medSPACE",Prix Ars Electronica Insight,Prix Ars Electronica Insight,SCREENING,13.09,13:00,14:00
Abdolrahim “Rahim” Tooranian,,,,,,,,
Abdul Rahman Anwar,,,,,,,,
Abdulaziz Alhamadani,"WED 09.09, 16:30 – 18:00","Ars Electronica Center, Level 3, Sky Loft",Academic Session: Research Track,Academic Session: Research Track,CONFERENCE,09.09,16:30,18:00
Ada Llauradó-Crespo,"THU 10.09, 11:30 – 13:00","Ars Electronica Center, Level 3, Sky Loft",Academic Session: Art Track #4 Embodiment,Academic Session: Art Track #4 Embodiment,CONFERENCE,10.09,11:30,13:00
Adam Cole,"WED 09.09, 14:30 – 16:00","Ars Electronica Center, Level 3, Sky Loft",Academic Session: Art Track #2 Authorship,Academic Session: Art Track #2 Authorship,CONFERENCE,09.09,14:30,16:00
Adam Schmidt,"FRI 11.09, 17:45 – 18:00",Main Square Linz,Post Compost – Forest Reset,Post Compost – Forest Reset,PERFORMANCE,11.09,17:45,18:00
Adam Valjent,,,,,,,,
Adam Varga,,,,,,,,
Adnan Balcinovic,,,,,,,,
Adrian Rudershausen,"WED 09.09, 15:00 – 17:00","Ursulinenhof Linz, Gewölbesaal",Character Lab: Digital Companions for a Festival of the Future,Creating AI guide characters for Ars Electronica,WORKSHOP,09.09,15:00,17:00
Adrien Lucca,"THU 10.09, 14:00 – 15:30","OK Platz, WE GUIDE YOU Meeting Point",Artist Walk Tour: Negotiating Beyond Humanity,Artist Walk Tour: Negotiating Beyond Humanity,GUIDED TOUR,10.09,14:00,15:30
Adrienn Horváth,,,,,,,,
Agda Carvalho,,,,,,,,
Agnes Czernin-Kinsky,"SAT 12.09, 15:15 – 16:15","Ars Electronica Center, Level -3, Open Futurelab",mozXR: Empowering Creative Minds in XR,mozXR: Empowering Creative Minds in XR,PANEL DISCUSSION,12.09,15:15,16:15
Agnes Maria Ilona Czernin-Kinsky,"SAT 12.09, 15:15 – 16:15","Ars Electronica Center, Level -3, Open Futurelab",mozXR: Empowering Creative Minds in XR,mozXR: Empowering Creative Minds in XR,PANEL DISCUSSION,12.09,15:15,16:15
Agnes Meyer-Brandis,"THU 10.09, 15:55 – 16:15","Ursulinenhof Linz, Ursulinensaal",The More-than-Human Laboratory,The More-than-Human Laboratory,LECTURE & TALK,10.09,15:55,16:15
Agnes Meyer-Brandis,"SAT 12.09, 16:00 – 17:30",Lentos Kunstmuseum,Artist Walk Tour: Negotiating Humanity,Artist Walk Tour: Negotiating Humanity,GUIDED TOUR,12.09,16:00,17:30
Ahmad Aiub,,,,,,,,
AI research,"THU 10.09, 14:30 – 16:00","JKU MED Campus, Laboratory Building (LAB), Level 1, JKU medSPACE","Who Heals Tomorrow? AI, Medicine and the Future of Decision-Making","Who Heals Tomorrow? AI, Medicine and the Future of Decision-Making",PANEL DISCUSSION,10.09,14:30,16:00
Aimée Craft,"SUN 13.09, 12:05 – 12:30","Ursulinenhof Linz, Ursulinensaal",Joint Q&A,Joint Q&A,PANEL DISCUSSION,13.09,12:05,12:30
Airan Berg,,,,,,,,
Akademie des Österreichischen Films,"WED 09.09, 11:00 – 13:00","JKU MED Campus, Plaza",behind the scenes,behind the scenes,OPEN LAB,09.09,11:00,13:00
Akademie des Österreichischen Films,"THU 10.09, 11:00 – 13:00","JKU MED Campus, Plaza",behind the scenes,behind the scenes,OPEN LAB,10.09,11:00,13:00
Akademie des Österreichischen Films,"FRI 11.09, 11:00 – 13:00","JKU MED Campus, Plaza",behind the scenes,behind the scenes,OPEN LAB,11.09,11:00,13:00
Akademie des Österreichischen Films,"SAT 12.09, 11:00 – 13:00","JKU MED Campus, Plaza",behind the scenes,behind the scenes,OPEN LAB,12.09,11:00,13:00
Akademie des Österreichischen Films,"SUN 13.09, 11:00 – 13:00","JKU MED Campus, Plaza",behind the scenes,behind the scenes,OPEN LAB,13.09,11:00,13:00
Alain Renaud,"THU 10.09, 11:30 – 13:00","Ars Electronica Center, Level 3, Sky Loft",Academic Session: Art Track #4 Embodiment,Academic Session: Art Track #4 Embodiment,CONFERENCE,10.09,11:30,13:00
Albert Barqué-Duran,"THU 10.09, 11:30 – 13:00","Ars Electronica Center, Level 3, Sky Loft",Academic Session: Art Track #4 Embodiment,Academic Session: Art Track #4 Embodiment,CONFERENCE,10.09,11:30,13:00
Alena Vaculikova,,,,,,,,
Alessandro Bravin,,,,,,,,
Alessandro Martinelli,,,,,,,,
Alex Hackl,,,,,,,,
Alex Lopez Rodriguez,,,,,,,,
Alexander Boboschewski,,,,,,,,
Alexander Damianos,"WED 09.09, 12:00 – 13:00","OK Linz, voestalpine OPEN SPACE",Updating the Great Acceleration Charts: New Signals for a Changing World,Updating the Great Acceleration Charts: New Signals for a Changing World,NETWORKING EVENT,09.09,12:00,13:00
Alexander Janus,"WED 09.09, 12:00 – 14:00",C. Bechstein Centrum Linz,"12.5 square meters—space for a car, or…","12.5 square meters—space for a car, or…",PROJECT,09.09,12:00,14:00
Alexander Janus,"THU 10.09, 12:00 – 14:00",C. Bechstein Centrum Linz,"12.5 square meters—space for a car, or…","12.5 square meters—space for a car, or…",PROJECT,10.09,12:00,14:00
Alexander Janus,"FRI 11.09, 12:00 – 14:00",C. Bechstein Centrum Linz,"12.5 square meters—space for a car, or…","12.5 square meters—space for a car, or…",PROJECT,11.09,12:00,14:00
Alexander Janus,"SAT 12.09, 12:00 – 14:00",C. Bechstein Centrum Linz,"12.5 square meters—space for a car, or…","12.5 square meters—space for a car, or…",PROJECT,12.09,12:00,14:00
Alexander Janus,"SUN 13.09, 12:00 – 14:00",C. Bechstein Centrum Linz,"12.5 square meters—space for a car, or…","12.5 square meters—space for a car, or…",PROJECT,13.09,12:00,14:00
Alexander Sängerlaub,"WED 09.09, 12:50 – 13:50","Ursulinenhof Linz, Ursulinensaal","From Outrage to Influence: How Psychology, Creators and Platforms Shape Political Debate","From Outrage to Influence: How Psychology, Creators and Platforms Shape Political Debate",PANEL DISCUSSION,09.09,12:50,13:50
Alexander Wilhelm,"FRI 11.09, 13:30 – 14:00","Ars Electronica Center, Level 0, Deep Space 8K",Interactive Brosch – Red Dinosaurs,AI-generated Navigable Spaces for Exploring Art Archives,EXPERIENCE,11.09,13:30,14:00
Alexander Wilhelm,"SAT 12.09, 15:00 – 15:30","Ars Electronica Center, Level 0, Deep Space 8K",Interactive Brosch – Red Dinosaurs,AI-generated Navigable Spaces for Exploring Art Archives,EXPERIENCE,12.09,15:00,15:30
Alexandra Burgos-Thorsen,"SAT 12.09, 12:00 – 14:00",Main Square Linz,Seeds of the Unthinkable,A speculative world-building game in three acts,WORKSHOP,12.09,12:00,14:00
Alexandra Crasnaru Dragomir,"THU 10.09, 14:00 – 15:30","OK Platz, WE GUIDE YOU Meeting Point",Artist Walk Tour: Negotiating Beyond Humanity,Artist Walk Tour: Negotiating Beyond Humanity,GUIDED TOUR,10.09,14:00,15:30
Alexandra Fruhstorfer,"THU 10.09, 11:00 – 13:00","Ursulinenhof Linz, Gewölbesaal",A Furry Engineer!,Speculative Human-Beaver-Futures along the Danube,WORKSHOP,10.09,11:00,13:00
Alexandra Scharl,,,,,,,,
Alexandra Verzier,,,,,,,,
Alexandre A. Bizri,,,,,,,,
Alfred Weidinger,"THU 10.09, 15:00 – 16:00",Francisco Carolinum,"Reading the Room: Language, Systems, and Contemporary Art","Reading the Room: Language, Systems, and Contemporary Art",LECTURE & TALK,10.09,15:00,16:00
Ali Aiman Raza,,,,,,,,
Ali Nikrang,"THU 10.09, 17:00 – 17:30","Ars Electronica Center, Level -3, Open Futurelab",Hello Worlds! Behind the Prototype: Hybrid Thinking,How can AI become a thinking partner?,OPEN LAB,10.09,17:00,17:30
Ali Yaghoubi,,,,,,,,
Alina Lugovskaya,"WED 09.09, 13:00 – 13:10","JKU MED Campus, Teaching Building (LEH), Level 0, Lecture Hall 2",Press Start – RADICAL GAMING Performance,The promise of belonging,PERFORMANCE,09.09,13:00,13:10
Alina Lugovskaya,"WED 09.09, 17:00 – 17:10","JKU MED Campus, Teaching Building (LEH), Level 0, Lecture Hall 2",Press Start – RADICAL GAMING Performance,The promise of belonging,PERFORMANCE,09.09,17:00,17:10
Alina Lugovskaya,"THU 10.09, 13:00 – 13:10","JKU MED Campus, Teaching Building (LEH), Level 0, Lecture Hall 2",Press Start – RADICAL GAMING Performance,The promise of belonging,PERFORMANCE,10.09,13:00,13:10
Alina Lugovskaya,"THU 10.09, 17:00 – 17:10","JKU MED Campus, Teaching Building (LEH), Level 0, Lecture Hall 2",Press Start – RADICAL GAMING Performance,The promise of belonging,PERFORMANCE,10.09,17:00,17:10
Alina Lugovskaya,"THU 10.09, 19:00 – 19:30","Ars Electronica Center, Level 0, Deep Space 8K",[not] breaking the cycle,[not] breaking the cycle,PERFORMANCE,10.09,19:00,19:30
Alina Lugovskaya,"FRI 11.09, 13:00 – 13:10","JKU MED Campus, Teaching Building (LEH), Level 0, Lecture Hall 2",Press Start – RADICAL GAMING Performance,The promise of belonging,PERFORMANCE,11.09,13:00,13:10
Alina Lugovskaya,"FRI 11.09, 17:00 – 17:10","JKU MED Campus, Teaching Building (LEH), Level 0, Lecture Hall 2",Press Start – RADICAL GAMING Performance,The promise of belonging,PERFORMANCE,11.09,17:00,17:10
Alina Lugovskaya,"SAT 12.09, 13:00 – 13:10","JKU MED Campus, Teaching Building (LEH), Level 0, Lecture Hall 2",Press Start – RADICAL GAMING Performance,The promise of belonging,PERFORMANCE,12.09,13:00,13:10
Alina Lugovskaya,"SAT 12.09, 17:00 – 17:10","JKU MED Campus, Teaching Building (LEH), Level 0, Lecture Hall 2",Press Start – RADICAL GAMING Performance,The promise of belonging,PERFORMANCE,12.09,17:00,17:10
Alina Lugovskaya,"SUN 13.09, 13:00 – 13:10","JKU MED Campus, Teaching Building (LEH), Level 0, Lecture Hall 2",Press Start – RADICAL GAMING Performance,The promise of belonging,PERFORMANCE,13.09,13:00,13:10
Alina Lugovskaya,"SUN 13.09, 17:00 – 17:10","JKU MED Campus, Teaching Building (LEH), Level 0, Lecture Hall 2",Press Start – RADICAL GAMING Performance,The promise of belonging,PERFORMANCE,13.09,17:00,17:10
Alireza Khosroabadi,,,,,,,,
Alisa Martynova,"WED 09.09, 13:30 – 14:00","Ars Electronica Center, Level 0, Deep Space 8K",Dissonant Stereoscopy,Dissonant Stereoscopy,EXPERIENCE,09.09,13:30,14:00
Alisa Martynova,"THU 10.09, 13:30 – 14:00","Ars Electronica Center, Level 0, Deep Space 8K",Dissonant Stereoscopy,Dissonant Stereoscopy,EXPERIENCE,10.09,13:30,14:00
Alisa Martynova,"SAT 12.09, 17:30 – 18:30","Ars Electronica Center, Level -3, Open Futurelab",From Collection to Connection,Past Forward / Cultural Heritage in Motion,PANEL DISCUSSION,12.09,17:30,18:30
Alison Winch,"FRI 11.09, 16:40 – 17:20","Ursulinenhof Linz, Ursulinensaal",The New Patriarchs of Digital Capitalism,The New Patriarchs of Digital Capitalism,KEYNOTE,11.09,16:40,17:20
Alison Winch,"FRI 11.09, 18:00 – 18:50","Ursulinenhof Linz, Ursulinensaal",Roundtable Discussion,Roundtable Discussion,PANEL DISCUSSION,11.09,18:00,18:50
Aljosa Smolic,,,,,,,,
Allison Ward,,,,,,,,
Alper Alkan,,,,,,,,
Alzbeta Volhejnova,,,,,,,,
Amin Davaei,"SAT 12.09, 17:00 – 18:00","OK Linz, voestalpine OPEN SPACE",Missing Ingredients | How Cultural Communities Adapt Under Pressure,What happens when the conditions that sustain a cultural community begin to disappear?,NETWORKING EVENT,12.09,17:00,18:00
Amir Bastan,"WED 09.09, 13:00 – 18:00",PopUp Store,Creative Coding Open House (WED 9.9.),Stop by to find out what Creative coding is and how you can get started.,OPEN LAB,09.09,13:00,18:00
Amir Bastan,"THU 10.09, 13:00 – 18:00",PopUp Store,Creative Coding Open House (THU 10.9.),Creative Coding Buffet,OPEN LAB,10.09,13:00,18:00
Amir Bastan,"FRI 11.09, 13:00 – 18:00",PopUp Store,Creative Coding Open House (FRI 11.9.),Contributing to Creative Coding,OPEN LAB,11.09,13:00,18:00
Amir Bastan,"SAT 12.09, 13:00 – 18:00",PopUp Store,Creative Coding Open House (SAT 12.9.),Discover vvvv - learn to code with nodes!,OPEN LAB,12.09,13:00,18:00
Amir Bastan,"SUN 13.09, 13:00 – 18:00",PopUp Store,Creative Coding Open House (SUN 13.9.),Processing Community Day,OPEN LAB,13.09,13:00,18:00
Ana María Caballero,"WED 09.09, 15:00 – 15:30",Francisco Carolinum,Artist Tour with Ana María Caballero and Curator Julia Staudach: “READ THE ROOM”,Artist Tour with Ana María Caballero and Curator Julia Staudach: “READ THE ROOM”,GUIDED TOUR,09.09,15:00,15:30
Ana María Caballero,"THU 10.09, 15:00 – 16:00",Francisco Carolinum,"Reading the Room: Language, Systems, and Contemporary Art","Reading the Room: Language, Systems, and Contemporary Art",LECTURE & TALK,10.09,15:00,16:00
Ana María Caballero,"THU 10.09, 16:00 – 17:00",Francisco Carolinum,Artist Tour with Ana María Caballero and Curator Julia Staudach: “READ THE ROOM”,Artist Tour with Ana María Caballero and Curator Julia Staudach: “READ THE ROOM”,GUIDED TOUR,10.09,16:00,17:00
Ana Paula Mendonça Alves,,,,,,,,
Ana Souto Neves,,,,,,,,
Ana-Maria Carabelea,"SUN 13.09, 11:00 – 11:05","Ursulinenhof Linz, Ursulinensaal",Welcome Words,Welcome Words,INTRO SESSION,13.09,11:00,11:05
Ana-Maria Carabelea,"SUN 13.09, 12:30 – 13:15","Ursulinenhof Linz, Ursulinensaal",Fluid Media,Fluid Media,PANEL DISCUSSION,13.09,12:30,13:15
Anastasia Marinova,,,,,,,,
and Design in Prague,,,,,,,,
Andi Zielecki,,,,,,,,
Andrea Barschdorf-Hager,"FRI 11.09, 10:00 – 10:15","Ursulinenhof Linz, Ursulinensaal",Opening Remarks,Opening Remarks,LECTURE & TALK,11.09,10:00,10:15
Andrea Barschdorf-Hager,"FRI 11.09, 11:45 – 11:55","Ursulinenhof Linz, Ursulinensaal",AI for Social Impact Award: Insights from the Jury & Introduction to the Initiative,AI for Social Impact Award: Insights from the Jury & Introduction to the Initiative,LECTURE & TALK,11.09,11:45,11:55
Andrea Barschdorf-Hager,"FRI 11.09, 13:55 – 14:00","Ursulinenhof Linz, Ursulinensaal",From AI for Good to AI for Action,From AI for Good to AI for Action,LECTURE & TALK,11.09,13:55,14:00
Andrea Corradi,"08.09, 17:00 – 22:00","University of Arts Linz, Hauptplatz 6 (East Building), Courtyard",Sound Campus (TUE 8.9.),Listening Underground,PROJECT,08.09,17:00,22:00
Andrea Hummer,,,,,,,,
Andrea Hörndler,,,,,,,,
Andrea Sforzi,"THU 10.09, 10:00 – 18:00","JKU MED Campus, Administration Building (ADM), JKU medLOFT (9th floor)",RIECS Summit: Designing the Future of Citizen Science Infrastructure,RIECS Summit: Designing the Future of Citizen Science Infrastructure,WORKSHOP,10.09,10:00,18:00
Andrea Sforzi,"FRI 11.09, 10:00 – 18:00","JKU MED Campus, Administration Building (ADM), JKU medLOFT (9th floor)",RIECS Summit: Designing the Future of Citizen Science Infrastructure,RIECS Summit: Designing the Future of Citizen Science Infrastructure,WORKSHOP,11.09,10:00,18:00
Andreas Grünauer,"SAT 12.09, 17:00 – 18:00","Anton Bruckner University, Sonic Lab","Post-Digital Instruments Concert – Tangible Music Lab, University of Arts Linz","Post-Digital Instruments Concert – Tangible Music Lab, University of Arts Linz",CONCERT,12.09,17:00,18:00
Andreas Refsgaard,"FRI 11.09, 11:30 – 12:00","Catholic Private University Linz, Courtyard",Wicked Mirror: Negotiating Ourselves,Wicked Mirror: Negotiating Ourselves,LECTURE & TALK,11.09,11:30,12:00
Andreas Winklbauer,,,,,,,,
Andrew Blanton,"WED 09.09, 17:00 – 18:00",Francisco Carolinum,Patterns & Politics: Book Presentation and Panel,Patterns & Politics: Book Presentation and Panel,LECTURE & TALK,09.09,17:00,18:00
Andrew Herzog,"FRI 11.09, 11:30 – 13:00","Ars Electronica Center, Level 3, Sky Loft",Artist Perspectives: Prix Ars Electronica 2026,Prix Ars Electronica,CONFERENCE,11.09,11:30,13:00
Andrew Herzog,"FRI 11.09, 16:00 – 17:30",Lentos Kunstmuseum,Artist Walk Tour: Negotiating Humanity,Artist Walk Tour: Negotiating Humanity,GUIDED TOUR,11.09,16:00,17:30
Andrew Herzog,"SAT 12.09, 16:30 – 17:20","JKU MED Campus, Laboratory Building (LAB), Level 1, JKU medSPACE",Deer Hunter,MEET THE ARTIST,SCREENING,12.09,16:30,17:20
Andrew Stokes,"THU 10.09, 11:30 – 13:00","Ars Electronica Center, Level 3, Sky Loft",Academic Session: Art Track #4 Embodiment,Academic Session: Art Track #4 Embodiment,CONFERENCE,10.09,11:30,13:00
Angela Olbrich,"WED 09.09, 14:00 – 16:00",,Crafting Futures Lab: Re-membering our Seeds,Crafting Futures Lab: Re-membering our Seeds,WORKSHOP,09.09,14:00,16:00
Angelina Hettinger,,,,,,,,
Angeline Verrier,,,,,,,,
Anika Meier,"WED 09.09, 17:00 – 18:00",Francisco Carolinum,Patterns & Politics: Book Presentation and Panel,Patterns & Politics: Book Presentation and Panel,LECTURE & TALK,09.09,17:00,18:00
Anina Neumeier,"WED 09.09, 16:00 – 17:20","Ars Electronica Center, Maindeck",Destituent Laughing Choir,Destituent Laughing Choir,PERFORMANCE,09.09,16:00,17:20
Anina Neumeier,"THU 10.09, 16:00 – 17:20","Ars Electronica Center, Maindeck",Destituent Laughing Choir,Destituent Laughing Choir,PERFORMANCE,10.09,16:00,17:20
Anina Neumeier,"FRI 11.09, 16:00 – 17:20","Ars Electronica Center, Maindeck",Destituent Laughing Choir,Destituent Laughing Choir,PERFORMANCE,11.09,16:00,17:20
Anina Neumeier,"SAT 12.09, 16:00 – 17:20","Ars Electronica Center, Maindeck",Destituent Laughing Choir,Destituent Laughing Choir,PERFORMANCE,12.09,16:00,17:20
Anina Neumeier,"SUN 13.09, 16:00 – 17:20","Ars Electronica Center, Maindeck",Destituent Laughing Choir,Destituent Laughing Choir,PERFORMANCE,13.09,16:00,17:20
Anita Halbartschlager,"SUN 13.09, 14:00 – 15:00","OK Linz, voestalpine OPEN SPACE",Town Hall Meeting: Prix Ars Electronica 2026 Trend & Insight,Town Hall Meeting: Prix Ars Electronica 2026 Trend & Insight,NETWORKING EVENT,13.09,14:00,15:00
Anita Mun Yee Lam,"THU 10.09, 11:30 – 13:00","Ars Electronica Center, Level 3, Sky Loft",Academic Session: Art Track #4 Embodiment,Academic Session: Art Track #4 Embodiment,CONFERENCE,10.09,11:30,13:00
Anja Stiftinger,,,,,,,,
Ann-Sofi Rönnskog,"WED 09.09, 12:00 – 13:00","OK Linz, voestalpine OPEN SPACE",Updating the Great Acceleration Charts: New Signals for a Changing World,Updating the Great Acceleration Charts: New Signals for a Changing World,NETWORKING EVENT,09.09,12:00,13:00
Anna Aumüller,,,,,,,,
Anna Borou Yu,"WED 09.09, 10:00 – 11:30","Ars Electronica Center, Level 3, Sky Loft",Expanded Play Gallery,Moderated by Jeremiah Diephuis (GB/AT),CONFERENCE,09.09,10:00,11:30
Anna Hazarian,"WED 09.09, 13:00 – 13:10","JKU MED Campus, Teaching Building (LEH), Level 0, Lecture Hall 2",Press Start – RADICAL GAMING Performance,The promise of belonging,PERFORMANCE,09.09,13:00,13:10
Anna Hazarian,"WED 09.09, 17:00 – 17:10","JKU MED Campus, Teaching Building (LEH), Level 0, Lecture Hall 2",Press Start – RADICAL GAMING Performance,The promise of belonging,PERFORMANCE,09.09,17:00,17:10
Anna Hazarian,"THU 10.09, 13:00 – 13:10","JKU MED Campus, Teaching Building (LEH), Level 0, Lecture Hall 2",Press Start – RADICAL GAMING Performance,The promise of belonging,PERFORMANCE,10.09,13:00,13:10
Anna Hazarian,"THU 10.09, 17:00 – 17:10","JKU MED Campus, Teaching Building (LEH), Level 0, Lecture Hall 2",Press Start – RADICAL GAMING Performance,The promise of belonging,PERFORMANCE,10.09,17:00,17:10
Anna Hazarian,"FRI 11.09, 13:00 – 13:10","JKU MED Campus, Teaching Building (LEH), Level 0, Lecture Hall 2",Press Start – RADICAL GAMING Performance,The promise of belonging,PERFORMANCE,11.09,13:00,13:10
Anna Hazarian,"FRI 11.09, 17:00 – 17:10","JKU MED Campus, Teaching Building (LEH), Level 0, Lecture Hall 2",Press Start – RADICAL GAMING Performance,The promise of belonging,PERFORMANCE,11.09,17:00,17:10
Anna Hazarian,"SAT 12.09, 13:00 – 13:10","JKU MED Campus, Teaching Building (LEH), Level 0, Lecture Hall 2",Press Start – RADICAL GAMING Performance,The promise of belonging,PERFORMANCE,12.09,13:00,13:10
Anna Hazarian,"SAT 12.09, 17:00 – 17:10","JKU MED Campus, Teaching Building (LEH), Level 0, Lecture Hall 2",Press Start – RADICAL GAMING Performance,The promise of belonging,PERFORMANCE,12.09,17:00,17:10
Anna Hazarian,"SUN 13.09, 13:00 – 13:10","JKU MED Campus, Teaching Building (LEH), Level 0, Lecture Hall 2",Press Start – RADICAL GAMING Performance,The promise of belonging,PERFORMANCE,13.09,13:00,13:10
Anna Hazarian,"SUN 13.09, 17:00 – 17:10","JKU MED Campus, Teaching Building (LEH), Level 0, Lecture Hall 2",Press Start – RADICAL GAMING Performance,The promise of belonging,PERFORMANCE,13.09,17:00,17:10
Anna Lerchbaumer,,,,,,,,
Anna Lowenhaupt Tsing,,,,,,,,
Anna Minta,"FRI 11.09, 11:30 – 12:00","Catholic Private University Linz, Courtyard",Wicked Mirror: Negotiating Ourselves,Wicked Mirror: Negotiating Ourselves,LECTURE & TALK,11.09,11:30,12:00
Anna Steward,"FRI 11.09, 17:00 – 17:45","Ars Electronica Center, Level -1",Alien in the Closet,Alien in the Closet,PERFORMANCE,11.09,17:00,17:45
Anna Talley,"WED 09.09, 10:00 – 17:00","JKU MED Campus, Administration Building (ADM), JKU medLOFT (9th floor)",Creativity as civic infrastructure: CCIs and digital commons,Creativity as civic infrastructure: CCIs and digital commons,OPEN LAB,09.09,10:00,17:00
Anna Tsing,,,,,,,,
Anna Weiss,"FRI 11.09, 13:30 – 14:15","Ars Electronica Center, Level -3, Open Futurelab",Networking: Art Thinking,Networking: Art Thinking,NETWORKING EVENT,11.09,13:30,14:15
Anna Weiss,"FRI 11.09, 17:00 – 17:30","Ars Electronica Center, Level -3, Open Futurelab",Hello Worlds! Behind the Prototype: Interbeing Lab (Corpus Corax & Conversations Beyond the Ordinary),Why do we want to talk to things?,OPEN LAB,11.09,17:00,17:30
Anna Weiss,"FRI 11.09, 17:45 – 18:30","Ars Electronica Center, Level -3, Open Futurelab",Futurelab Networking: Feminist Tools for the Future,Futurelab Networking: Feminist Tools for the Future,NETWORKING EVENT,11.09,17:45,18:30
Anna Weiss,"SAT 12.09, 11:15 – 12:15","Ars Electronica Center, Level -3, Open Futurelab",Beyond Reconstruction: Digital Heritage and Cultural Resilience,Beyond Reconstruction: Digital Heritage and Cultural Resilience,PANEL DISCUSSION,12.09,11:15,12:15
Anna Weiss,"SAT 12.09, 14:30 – 15:00","Ars Electronica Center, Level 0, Deep Space 8K",New Perspectives on Salzburg,Orangery Salzburg – Panorama | World Heritage,EXPERIENCE,12.09,14:30,15:00
Anna Weiss,"SAT 12.09, 17:30 – 18:30","Ars Electronica Center, Level -3, Open Futurelab",From Collection to Connection,Past Forward / Cultural Heritage in Motion,PANEL DISCUSSION,12.09,17:30,18:30
Anna-Maria Galani,,,,,,,,
Anne Daebeler,"THU 10.09, 15:00 – 16:00","OK Linz, voestalpine OPEN SPACE",Soil Rendezvous,Seeds of Connection Townhall Meeting,NETWORKING EVENT,10.09,15:00,16:00
Anne Daebeler,"SAT 12.09, 11:00 – 13:00","Ursulinenhof Linz, Gewölbesaal",Soiled,A dive into the ground below us,WORKSHOP,12.09,11:00,13:00
Anne-Sarah Chekaf,"WED 09.09, 10:00 – 17:00","JKU MED Campus, Administration Building (ADM), JKU medLOFT (9th floor)",Creativity as civic infrastructure: CCIs and digital commons,Creativity as civic infrastructure: CCIs and digital commons,OPEN LAB,09.09,10:00,17:00
Antonia Ludwig,"FRI 11.09, 14:00 – 16:00",,Crafting Futures Lab: From Textiles to Textures,Crafting Futures Lab: From Textiles to Textures,WORKSHOP,11.09,14:00,16:00
Antonia Ludwig,"FRI 11.09, 17:00 – 19:00",,Crafting Futures Aperitif: Liquid Archives,Crafting Futures Aperitif: Liquid Archives,WORKSHOP,11.09,17:00,19:00
Antonia Mühleck,,,,,,,,
Antonin Gazda,,,,,,,,
Antonio Jesús Gómez Delegido,"SAT 12.09, 11:00 – 20:00",,Leonardo LASER Talks Linz – Lab Songs Vol. III: Quantum Vermouth,Lab Songs Vol. III – Sobremesas,LECTURE & TALK,12.09,11:00,20:00
Ao Kin Man,"THU 10.09, 15:00 – 15:30",,MEET THE ARTIST: Plant Blindness,MEET THE ARTIST: Plant Blindness,MEET THE ARTIST,10.09,15:00,15:30
Apollo B. Gabazira,"FRI 11.09, 10:45 – 11:05","Ursulinenhof Linz, Ursulinensaal","One in seven: Austria 1946, Uganda 2026—who gets to be a person in a crisis?","One in seven: Austria 1946, Uganda 2026—who gets to be a person in a crisis?",KEYNOTE,11.09,10:45,11:05
arc/sec Lab,,,,,,,,
Archana Prasad,"FRI 11.09, 11:05 – 11:45","Ursulinenhof Linz, Ursulinensaal",Who Shapes the Future?,Who Shapes the Future?,LECTURE & TALK,11.09,11:05,11:45
Architecture,,,,,,,,
Ariadna Bruna Bernabé,,,,,,,,
Arianna Crippa,,,,,,,,
Ariathney Coyne,"THU 10.09, 20:00 – 20:30","Ars Electronica Center, Level 0, Deep Space 8K",Inner Radiance,Inner Radiance,PERFORMANCE,10.09,20:00,20:30
Art in the City,"THU 10.09, 11:00 – 13:00",,Deep Dive & Discussion – Creativity Matters,Deep Dive & Discussion – Creativity Matters,DEEP DIVE,10.09,11:00,13:00
Arthur Hnatek,"FRI 11.09, 23:35 – 00:15",Posthof Linz,Living Matter,Living Matter,CONCERT,11.09,23:35,00:15
Aryan Hassanzada,,,,,,,,
Ash E. Smith,,,,,,,,
Ash Eliza Smith,"FRI 11.09, 14:00 – 17:00",IT:U Digital City Studio Linz,What we can hear and cannot understand,Posthuman Radio: A Sonic Cabaret. LIVE,PERFORMANCE,11.09,14:00,17:00
Ash Eliza Smith,"SAT 12.09, 14:00 – 17:00",IT:U Digital City Studio Linz,Where perception happens,Posthuman Radio: A Sonic Cabaret. LIVE,PERFORMANCE,12.09,14:00,17:00
Ash Eliza Smith,"SUN 13.09, 12:00 – 14:30",IT:U Digital City Studio Linz,The speculative edge,Posthuman Radio: A Sonic Cabaret. LIVE,PERFORMANCE,13.09,12:00,14:30
Astrid Drechsler,"THU 10.09, 16:00 – 16:30",,Musikmaschine in concert,Musikmaschine in concert,CONCERT,10.09,16:00,16:30
Astrid Drechsler,"FRI 11.09, 16:00 – 16:30",,Musikmaschine in concert,Musikmaschine in concert,CONCERT,11.09,16:00,16:30
Astrid Drechsler,"SAT 12.09, 16:00 – 16:30",,Musikmaschine in concert,Musikmaschine in concert,CONCERT,12.09,16:00,16:30
Atso Airola,,,,,,,,
Aurelijus Čiupas,"WED 09.09, 15:00 – 16:00","JKU MED Campus, Laboratory Building (LAB), Level 1, JKU medSPACE",Prix Ars Electronica Insight,Prix Ars Electronica Insight,SCREENING,09.09,15:00,16:00
Aurelijus Čiupas,"THU 10.09, 17:30 – 18:30","JKU MED Campus, Laboratory Building (LAB), Level 1, JKU medSPACE",Prix Ars Electronica Insight,Prix Ars Electronica Insight,SCREENING,10.09,17:30,18:30
Aurelijus Čiupas,"SAT 12.09, 17:30 – 18:30","JKU MED Campus, Laboratory Building (LAB), Level 1, JKU medSPACE",Prix Ars Electronica Insight,Prix Ars Electronica Insight,SCREENING,12.09,17:30,18:30
Aurelijus Čiupas,"SUN 13.09, 13:00 – 14:00","JKU MED Campus, Laboratory Building (LAB), Level 1, JKU medSPACE",Prix Ars Electronica Insight,Prix Ars Electronica Insight,SCREENING,13.09,13:00,14:00
AUT,,,,,,,,
Authors: Adela Miew Eng Fong,,,,,,,,
Ava Maria Simonds,,,,,,,,
Aya Jaff,"FRI 11.09, 15:10 – 15:50","Ursulinenhof Linz, Ursulinensaal",On Broligarchy,On Broligarchy,KEYNOTE,11.09,15:10,15:50
Aya Jaff,"FRI 11.09, 18:00 – 18:50","Ursulinenhof Linz, Ursulinensaal",Roundtable Discussion,Roundtable Discussion,PANEL DISCUSSION,11.09,18:00,18:50
Ayako Tanaka,"WED 09.09, 23:20 – 23:40",St. Mary’s Cathedral,Holy Echo: Clair de Lune,Holy Echo: Clair de Lune,CONCERT,09.09,23:20,23:40
Ayca Tugran,"FRI 11.09, 17:45 – 18:00",Main Square Linz,Post Compost – Forest Reset,Post Compost – Forest Reset,PERFORMANCE,11.09,17:45,18:00
Ayuko Onoue,"WED 09.09, 10:00 – 11:30","Ars Electronica Center, Level 3, Sky Loft",Expanded Play Gallery,Moderated by Jeremiah Diephuis (GB/AT),CONFERENCE,09.09,10:00,11:30
bankleer,,,,,,,,
Baoyang Chen,"THU 10.09, 14:30 – 16:00","Ars Electronica Center, Level 3, Sky Loft",Birds of a Feather: Connecting Media Art Research,Moderated by Juergen Hagler (AT),CONFERENCE,10.09,14:30,16:00
Baoyang Chen,"THU 10.09, 16:30 – 16:45","Ars Electronica Center, Level -3, Understanding AI",Performance: Airy,Machine Intent in Motion,PERFORMANCE,10.09,16:30,16:45
Barbara Kapusta,,,,,,,,
Barbara Stiglbauer,,,,,,,,
Barbara von Rechbach,,,,,,,,
Barnaba Mikułowski,"FRI 11.09, 18:30 – 19:00","Anton Bruckner University, Studiobühne",NEKRO//MAKINA,NEKRO//MAKINA,CONCERT,11.09,18:30,19:00
Barnaba Mikułowski,"SAT 12.09, 16:00 – 16:30","Anton Bruckner University, Studiobühne",NEKRO//MAKINA,NEKRO//MAKINA,CONCERT,12.09,16:00,16:30
Bartosz Radzikowski,"FRI 11.09, 19:00 – 19:30","Anton Bruckner University, Studiobühne",///////////,///////////,CONCERT,11.09,19:00,19:30
Bartosz Radzikowski,"SAT 12.09, 16:30 – 17:00","Anton Bruckner University, Studiobühne",///////////,///////////,CONCERT,12.09,16:30,17:00
Barış Ulaş,,,,,,,,
Basil Thuillard,,,,,,,,
Beatriz Fernandes Pinheiro do Amaral,,,,,,,,
Ben Bengler,"FRI 11.09, 15:00 – 20:00","Anton Bruckner University, Room 301",Light & Sound Installation: Klang-/Licht STROM,Light & Sound Installation: Klang-/Licht STROM,PROJECT,11.09,15:00,20:00
Ben Bengler,"SAT 12.09, 15:00 – 20:00","Anton Bruckner University, Room 301",Light & Sound Installation: Klang-/Licht STROM,Light & Sound Installation: Klang-/Licht STROM,PROJECT,12.09,15:00,20:00
Ben Chimoy,"WED 09.09, 14:00 – 14:45","JKU MED Campus, Laboratory Building (LAB), Level 1, JKU medSPACE",Ghost Stories: Negotiating Between Worlds,Ghost Stories: Negotiating Between Worlds,SCREENING,09.09,14:00,14:45
Ben Chimoy,"THU 10.09, 16:30 – 17:15","JKU MED Campus, Laboratory Building (LAB), Level 1, JKU medSPACE",Ghost Stories: Negotiating Between Worlds,Ghost Stories: Negotiating Between Worlds,SCREENING,10.09,16:30,17:15
Ben Chimoy,"FRI 11.09, 14:45 – 15:30","JKU MED Campus, Laboratory Building (LAB), Level 1, JKU medSPACE",Ghost Stories: Negotiating Between Worlds,Ghost Stories: Negotiating Between Worlds,SCREENING,11.09,14:45,15:30
Ben Chimoy,"SUN 13.09, 14:00 – 14:45","JKU MED Campus, Laboratory Building (LAB), Level 1, JKU medSPACE",Ghost Stories: Negotiating Between Worlds,Ghost Stories: Negotiating Between Worlds,SCREENING,13.09,14:00,14:45
Benedikt Pfisterer,"WED 09.09, 12:00 – 12:30","Ars Electronica Center, Level 0, Deep Space 8K",Lost Legends,Lost Legends,EXPERIENCE,09.09,12:00,12:30
Benedikt Pfisterer,"THU 10.09, 10:30 – 11:00","Ars Electronica Center, Level 0, Deep Space 8K",Lost Legends,Lost Legends,EXPERIENCE,10.09,10:30,11:00
Benedikt Pfisterer,"FRI 11.09, 16:00 – 16:30","Ars Electronica Center, Level 0, Deep Space 8K",Lost Legends,Lost Legends,EXPERIENCE,11.09,16:00,16:30
Benedikt Pfisterer,"SUN 13.09, 15:00 – 15:30","Ars Electronica Center, Level 0, Deep Space 8K",Lost Legends,Lost Legends,EXPERIENCE,13.09,15:00,15:30
Benjamin Arzt,,,,,,,,
Benjamin Seide,"THU 10.09, 16:30 – 18:00","Ars Electronica Center, Level 3, Sky Loft",Academic Session: Art Track #5 More-than-Human,Academic Session: Art Track #5 More-than-Human,CONFERENCE,10.09,16:30,18:00
Berenice Olmedo,"THU 10.09, 11:00 – 11:30","Catholic Private University Linz, Courtyard",Sinécdoque: The Prosthetic Self,Sinécdoque: The Prosthetic Self,LECTURE & TALK,10.09,11:00,11:30
Bernadette Geißler,"FRI 11.09, 17:45 – 18:30","Ars Electronica Center, Level -3, Open Futurelab",Futurelab Networking: Feminist Tools for the Future,Futurelab Networking: Feminist Tools for the Future,NETWORKING EVENT,11.09,17:45,18:30
Bernadette Huber,,,,,,,,
Bernd Resch,"WED 09.09, 16:00 – 17:30",,Negotiating Knowledge: Trust in Science in the Digital Age,Negotiating Knowledge: Trust in Science in the Digital Age,OPEN LAB,09.09,16:00,17:30
Bernd Ziegler,"FRI 11.09, 11:30 – 12:00","Catholic Private University Linz, Courtyard",Wicked Mirror: Negotiating Ourselves,Wicked Mirror: Negotiating Ourselves,LECTURE & TALK,11.09,11:30,12:00
Bernhard Breuer,"SAT 12.09, 17:00 – 18:00","Anton Bruckner University, Sonic Lab","Post-Digital Instruments Concert – Tangible Music Lab, University of Arts Linz","Post-Digital Instruments Concert – Tangible Music Lab, University of Arts Linz",CONCERT,12.09,17:00,18:00
Bianca Ludewig,"THU 10.09, 18:00 – 20:00","Ars Electronica Center, Maindeck",Haunted by Repetition,Soundtalk,LECTURE & TALK,10.09,18:00,20:00
Bianka Krazl,,,,,,,,
Bilge Nefise Yardimci,,,,,,,,
Bin Cheng,,,,,,,,
Bingchen Kao,"THU 10.09, 10:00 – 11:30","Ars Electronica Center, Level 3, Sky Loft",Academic Session: Art Track #3 Control,Academic Session: Art Track #3 Control,CONFERENCE,10.09,10:00,11:30
Black Pearl de Almeida Lima,"FRI 11.09, 11:00 – 13:00",,fem(with)me,"A Ballroom workshop with Black Pearl, protagonist of the XR work OYA – European Runway, walk, technique and self-expression",WORKSHOP,11.09,11:00,13:00
Black Pearl de Almeida Lima,"SAT 12.09, 14:45 – 15:30","OK Linz, voestalpine OPEN SPACE",Embodied Futures,Mixed Reality as a rehearsal stage for new forms of embodiment,NETWORKING EVENT,12.09,14:45,15:30
Blüten & Papaya,"WED 09.09, 15:00 – 16:00",C. Bechstein Centrum Linz,El Cultivo de la Mente – Art Film,El Cultivo de la Mente – Art Film,CONCERT,09.09,15:00,16:00
Blüten & Papaya,"WED 09.09, 16:00 – 17:00",C. Bechstein Centrum Linz,El Cultivo de la Mente – Art Film,El Cultivo de la Mente – Art Film,CONCERT,09.09,16:00,17:00
Blüten & Papaya,"WED 09.09, 17:00 – 18:00",C. Bechstein Centrum Linz,El Cultivo de la Mente – Art Film,El Cultivo de la Mente – Art Film,CONCERT,09.09,17:00,18:00
Blüten & Papaya,"WED 09.09, 18:00 – 19:00",C. Bechstein Centrum Linz,El Cultivo de la Mente – Art Film,El Cultivo de la Mente – Art Film,CONCERT,09.09,18:00,19:00
Bo Leiter,,,,,,,,
Bo-Jia Huang,"THU 10.09, 19:00 – 19:30","Ars Electronica Center, Level 0, Deep Space 8K",[not] breaking the cycle,[not] breaking the cycle,PERFORMANCE,10.09,19:00,19:30
Boldizsár Csongor Nagy,,,,,,,,
Boram Soh,,,,,,,,
Boris Debackere,"FRI 11.09, 15:00 – 16:00","Francisco Carolinum, Level 2",Test_Lab: Incompleteness as Reorientation,Test_Lab: Incompleteness as Reorientation,MEET THE ARTIST,11.09,15:00,16:00
Boris Eldagsen,"WED 09.09, 14:00 – 14:45","JKU MED Campus, Laboratory Building (LAB), Level 1, JKU medSPACE",Ghost Stories: Negotiating Between Worlds,Ghost Stories: Negotiating Between Worlds,SCREENING,09.09,14:00,14:45
Boris Eldagsen,"THU 10.09, 16:30 – 17:15","JKU MED Campus, Laboratory Building (LAB), Level 1, JKU medSPACE",Ghost Stories: Negotiating Between Worlds,Ghost Stories: Negotiating Between Worlds,SCREENING,10.09,16:30,17:15
Boris Eldagsen,"FRI 11.09, 14:45 – 15:30","JKU MED Campus, Laboratory Building (LAB), Level 1, JKU medSPACE",Ghost Stories: Negotiating Between Worlds,Ghost Stories: Negotiating Between Worlds,SCREENING,11.09,14:45,15:30
Boris Eldagsen,"SUN 13.09, 14:00 – 14:45","JKU MED Campus, Laboratory Building (LAB), Level 1, JKU medSPACE",Ghost Stories: Negotiating Between Worlds,Ghost Stories: Negotiating Between Worlds,SCREENING,13.09,14:00,14:45
Boris Shershenkov,"WED 09.09, 17:30 – 22:00","University of Arts Linz, Hauptplatz 6 (East Building), Courtyard",Sound Campus (WED 9.9.),Listening Underground,PROJECT,09.09,17:30,22:00
Boris Shershenkov,"SAT 12.09, 17:00 – 18:00","Anton Bruckner University, Sonic Lab","Post-Digital Instruments Concert – Tangible Music Lab, University of Arts Linz","Post-Digital Instruments Concert – Tangible Music Lab, University of Arts Linz",CONCERT,12.09,17:00,18:00
Brett Renfer,"SAT 12.09, 16:00 – 16:30","Ars Electronica Center, Level 0, Deep Space 8K",Why The Met Is Advancing Cultural Heritage Digitization: A Spotlight on Its Collaboration with Japan’s NHK,Why The Met Is Advancing Cultural Heritage Digitization: A Spotlight on Its Collaboration with Japan’s NHK,LECTURE & TALK,12.09,16:00,16:30
Brigitta Muntendorf,"FRI 11.09, 18:30 – 22:30",Posthof Linz,ORBIT – A War Series,ORBIT – A War Series,EXPERIENCE,11.09,18:30,22:30
Brigitte Wegscheider,"SUN 13.09, 13:30 – 14:00","Ars Electronica Center, Level 0, Deep Space 8K",Urban Metamorphosis. Sketches of Tomorrow.,Rethinking the City Through Climate Adaptation.,EXPERIENCE,13.09,13:30,14:00
Bruce Eesly,"WED 09.09, 15:00 – 16:00","JKU MED Campus, Laboratory Building (LAB), Level 1, JKU medSPACE",Prix Ars Electronica Insight,Prix Ars Electronica Insight,SCREENING,09.09,15:00,16:00
Bruce Eesly,"THU 10.09, 17:30 – 18:30","JKU MED Campus, Laboratory Building (LAB), Level 1, JKU medSPACE",Prix Ars Electronica Insight,Prix Ars Electronica Insight,SCREENING,10.09,17:30,18:30
Bruce Eesly,"SAT 12.09, 17:30 – 18:30","JKU MED Campus, Laboratory Building (LAB), Level 1, JKU medSPACE",Prix Ars Electronica Insight,Prix Ars Electronica Insight,SCREENING,12.09,17:30,18:30
Bruce Eesly,"SUN 13.09, 13:00 – 14:00","JKU MED Campus, Laboratory Building (LAB), Level 1, JKU medSPACE",Prix Ars Electronica Insight,Prix Ars Electronica Insight,SCREENING,13.09,13:00,14:00
Bruckner Orchester Linz,"WED 09.09, 21:15 – 21:30",St. Mary’s Cathedral,Bruckner Orchester Linz,Bruckner Orchester Linz,CONCERT,09.09,21:15,21:30
Bruckner Orchester Linz,"WED 09.09, 22:00 – 22:25",St. Mary’s Cathedral,Bruckner Orchester Linz,Bruckner Orchester Linz,CONCERT,09.09,22:00,22:25
Bruckner Orchester Linz,"WED 09.09, 22:30 – 22:45",St. Mary’s Cathedral,Bruckner Orchester Linz,Bruckner Orchester Linz,CONCERT,09.09,22:30,22:45
Bruckner Orchester Linz & Markus Poschner,"SAT 12.09, 20:30 – 21:30",Donaupark,ATTheENDLinz—Linzer Klangwolke 26,presented by Sparkasse OÖ & LINZ AG,CONCERT,12.09,20:30,21:30
Brucknerhaus Linz,"SAT 12.09, 21:30 – 23:00",Donaupark,LINZ AG Nachklangwolke,LINZ AG Nachklangwolke,CONCERT,12.09,21:30,23:00
Budhaditya Chattopadhyay,"WED 09.09, 12:30 – 14:30","Ursulinenhof Linz, Gewölbesaal",NE #00: New Embeddings of/for Artistic Intelligence,A workshop to form new neighborhoods of/for artistic intelligence,WORKSHOP,09.09,12:30,14:30
Bálint Ligeti,,,,,,,,
Bürger:inneninitiative Rechenzentrum Kronstorf,"FRI 11.09, 15:00 – 17:00",Landhaus,Learning from Kronstorf—fighting for transparent and climate-respectful digitalization,Learning from Kronstorf—fighting for transparent and climate-respectful digitalization,LECTURE & TALK,11.09,15:00,17:00
C3,"SUN 13.09, 12:00 – 12:45","JKU MED Campus, Laboratory Building (LAB), Level 1, JKU medSPACE",Young Animations,Young Animations,SCREENING,13.09,12:00,12:45
C3,"SUN 13.09, 16:30 – 17:00","JKU MED Campus, Teaching Building (LEH), Level 0, Lecture Hall 1",drag your world. Youth Exchange Project Presentation,Youth Exchange Project,SCREENING,13.09,16:30,17:00
Caelainn Hogan,"THU 10.09, 13:30 – 15:30","Ursulinenhof Linz, Gewölbesaal",Basic Income for Artists – Ireland as a Model,Basic Income for Artists – Ireland as a Model,WORKSHOP,10.09,13:30,15:30
Cai-Yi Chen,,,,,,,,
Cailean Finn,"FRI 11.09, 13:00 – 13:30","Ars Electronica Center, Level -3, Open Futurelab",Hello Worlds! Behind the Prototype: Resonance Loom,How do weaving and AI shape each other?,OPEN LAB,11.09,13:00,13:30
Caitlin McDonald,"WED 09.09, 10:00 – 17:00","JKU MED Campus, Administration Building (ADM), JKU medLOFT (9th floor)",Creativity as civic infrastructure: CCIs and digital commons,Creativity as civic infrastructure: CCIs and digital commons,OPEN LAB,09.09,10:00,17:00
Calin Segal,"WED 09.09, 17:00 – 18:00","OK Linz, voestalpine OPEN SPACE",Town Hall Meeting: Art & Culture as Innovation Drivers in AI Infrastructures,Town Hall Meeting: Art & Culture as Innovation Drivers in AI Infrastructures,NETWORKING EVENT,09.09,17:00,18:00
Camerin McManus,,,,,,,,
Cameron Mankin,,,,,,,,
Camilla Scholz,"WED 09.09, 17:00 – 18:00","Ars Electronica Center, Level 0, Deep Space 8K",Interplayful Environments Part II,Interplayful Environments Part II,EXPERIENCE,09.09,17:00,18:00
Camille Belmin,,,,,,,,
Can Kuytak,,,,,,,,
Canon,,,,,,,,
Carina Danzer,"THU 10.09, 11:00 – 12:00","Ars Electronica Center, Level 0, Deep Space 8K",Interplayful Environments Part III,Interplayful Environments Part III,EXPERIENCE,10.09,11:00,12:00
Carlo Hatke,,,,,,,,
Carlo Haueter,,,,,,,,
Carlos Motta,,,,,,,,
Carlos Zorrilla-Piña,"THU 10.09, 11:00 – 11:30","Catholic Private University Linz, Courtyard",Sinécdoque: The Prosthetic Self,Sinécdoque: The Prosthetic Self,LECTURE & TALK,10.09,11:00,11:30
Carmen Daniela Cordoba Martinez,,,,,,,,
Carmen Salazar Pera,,,,,,,,
Carolin Melia Brendel,,,,,,,,
Carolina Sofia Bischof,,,,,,,,
Caroline Bobek,,,,,,,,
Caroline Vogel,"THU 10.09, 16:30 – 18:00","Ars Electronica Center, Level 3, Sky Loft",Academic Session: Art Track #5 More-than-Human,Academic Session: Art Track #5 More-than-Human,CONFERENCE,10.09,16:30,18:00
Cassie Tarakajian,"THU 10.09, 16:00 – 16:30","Ars Electronica Center, Level 0, Deep Space 8K",A Quarter Century of Processing,A Quarter Century of Processing,PERFORMANCE,10.09,16:00,16:30
Caterina Benincasa,"FRI 11.09, 16:30 – 17:30","OK Linz, voestalpine OPEN SPACE","NaturArchy: Curating Across Art, Science, Policymaking","NaturArchy: Curating Across Art, Science, Policymaking",NETWORKING EVENT,11.09,16:30,17:30
Catherine Spet,,,,,,,,
Cathy Mengying Fang,,,,,,,,
Celine Pham,"FRI 11.09, 13:30 – 14:00","Ars Electronica Center, Level 0, Deep Space 8K",Interactive Brosch – Red Dinosaurs,AI-generated Navigable Spaces for Exploring Art Archives,EXPERIENCE,11.09,13:30,14:00
Celine Pham,"SAT 12.09, 15:00 – 15:30","Ars Electronica Center, Level 0, Deep Space 8K",Interactive Brosch – Red Dinosaurs,AI-generated Navigable Spaces for Exploring Art Archives,EXPERIENCE,12.09,15:00,15:30
Cezary Duchnowski,"FRI 11.09, 16:30 – 17:00","Anton Bruckner University, Studiobühne",The Syntax of Nature and Other Approximate Truths,The Syntax of Nature and Other Approximate Truths,CONCERT,11.09,16:30,17:00
Cezary Duchnowski,"SAT 12.09, 18:30 – 19:00","Anton Bruckner University, Studiobühne",The Syntax of Nature and Other Approximate Truths,The Syntax of Nature and Other Approximate Truths,CONCERT,12.09,18:30,19:00
Chae Eun Lee,,,,,,,,
Chalmers Ong,,,,,,,,
Chan Qiu,,,,,,,,
Charlotte McElwain,"THU 10.09, 16:00 – 16:30","Ars Electronica Center, Level 0, Deep Space 8K",A Quarter Century of Processing,A Quarter Century of Processing,PERFORMANCE,10.09,16:00,16:30
Charlotte Tritt,,,,,,,,
Chen Weibo,"THU 10.09, 10:00 – 11:30","Ars Electronica Center, Level 3, Sky Loft",Academic Session: Art Track #3 Control,Academic Session: Art Track #3 Control,CONFERENCE,10.09,10:00,11:30
Chen Weiyu 陈薇羽,,,,,,,,
Chen-Hui Lin,,,,,,,,
Chenxin Yang,,,,,,,,
Cheuk-hang Fan,,,,,,,,
Chi-Yin Chan,,,,,,,,
Chiara Juriatti,"THU 10.09, 11:00 – 11:30","Catholic Private University Linz, Courtyard",Sinécdoque: The Prosthetic Self,Sinécdoque: The Prosthetic Self,LECTURE & TALK,10.09,11:00,11:30
Chih Pui Yi,"THU 10.09, 15:00 – 15:30",,MEET THE ARTIST: Plant Blindness,MEET THE ARTIST: Plant Blindness,MEET THE ARTIST,10.09,15:00,15:30
Chih-Wei Lo,,,,,,,,
Chris Cheung Hon Him (h0nh1m),"THU 10.09, 18:00 – 18:30","Ars Electronica Center, Level 0, Deep Space 8K",Perpetual Records,Perpetual Records,SCREENING,10.09,18:00,18:30
Chris Cheung Hon Him (h0nh1m),"FRI 11.09, 11:30 – 12:00","Ars Electronica Center, Level 0, Deep Space 8K",Perpetual Records,Perpetual Records,SCREENING,11.09,11:30,12:00
Chris Coleman,"WED 09.09, 13:00 – 18:00",PopUp Store,Creative Coding Open House (WED 9.9.),Stop by to find out what Creative coding is and how you can get started.,OPEN LAB,09.09,13:00,18:00
Chris Coleman,"THU 10.09, 13:00 – 18:00",PopUp Store,Creative Coding Open House (THU 10.9.),Creative Coding Buffet,OPEN LAB,10.09,13:00,18:00
Chris Coleman,"FRI 11.09, 13:00 – 18:00",PopUp Store,Creative Coding Open House (FRI 11.9.),Contributing to Creative Coding,OPEN LAB,11.09,13:00,18:00
Chris Coleman,"SAT 12.09, 13:00 – 18:00",PopUp Store,Creative Coding Open House (SAT 12.9.),Discover vvvv - learn to code with nodes!,OPEN LAB,12.09,13:00,18:00
Chris Coleman,"SUN 13.09, 13:00 – 18:00",PopUp Store,Creative Coding Open House (SUN 13.9.),Processing Community Day,OPEN LAB,13.09,13:00,18:00
Chris Geiger,,,,,,,,
Christa Sommerer,"THU 10.09, 17:00 – 18:00","OK Linz, voestalpine OPEN SPACE",ECOfem Media Art Stammtisch,"Women in Art, Science and Body Politics",NETWORKING EVENT,10.09,17:00,18:00
Christa Sommerer,"FRI 11.09, 11:00 – 13:00","Ursulinenhof Linz, Gewölbesaal","Media Art Practice: collaborate, conserve, context and intentionality","Media Art Practice: collaborate, conserve, context and intentionality",WORKSHOP,11.09,11:00,13:00
Christian Doeller,"FRI 11.09, 17:45 – 18:00",Main Square Linz,Post Compost – Forest Reset,Post Compost – Forest Reset,PERFORMANCE,11.09,17:45,18:00
Christian Geiger,"WED 09.09, 10:00 – 11:30","Ars Electronica Center, Level 3, Sky Loft",Expanded Play Gallery,Moderated by Jeremiah Diephuis (GB/AT),CONFERENCE,09.09,10:00,11:30
Christian Zimmer,,,,,,,,
Christiane Jatahy,,,,,,,,
Christiane Rau,"WED 09.09, 14:30 – 15:30",Hotel Schwarzer Bär,"Panel Discussion: Hydrogen and the road ahead: perspectives from Art, Society and BMW","Panel Discussion: Hydrogen and the road ahead: perspectives from Art, Society and BMW",PANEL DISCUSSION,09.09,14:30,15:30
Christina Schwaha,"WED 09.09, 15:00 – 15:30","Ursulinenhof Linz, Ursulinensaal",Weaponizing Confusion,How different actors target fact-checking organisations and the public and what we can do about it,WORKSHOP,09.09,15:00,15:30
Christine Haupt,,,,,,,,
Christine Marizzi,"THU 10.09, 10:00 – 18:00","JKU MED Campus, Administration Building (ADM), JKU medLOFT (9th floor)",RIECS Summit: Designing the Future of Citizen Science Infrastructure,RIECS Summit: Designing the Future of Citizen Science Infrastructure,WORKSHOP,10.09,10:00,18:00
Christine Marizzi,"FRI 11.09, 10:00 – 18:00","JKU MED Campus, Administration Building (ADM), JKU medLOFT (9th floor)",RIECS Summit: Designing the Future of Citizen Science Infrastructure,RIECS Summit: Designing the Future of Citizen Science Infrastructure,WORKSHOP,11.09,10:00,18:00
Christine Marizzi,"SAT 12.09, 13:30 – 15:30","Ursulinenhof Linz, Gewölbesaal",The Virus Stories We Carry,Encounters at the Human Scale,WORKSHOP,12.09,13:30,15:30
Christl Baur,"WED 09.09, 15:00 – 16:30",Francisco Carolinum,Expert Tour: Meet the Features Partners,Expert Tour: Meet the Features Partners,GUIDED TOUR,09.09,15:00,16:30
Christl Baur,"FRI 11.09, 15:00 – 16:30","OK Platz, WE GUIDE YOU Meeting Point",Expert Tour FESTIVAL WALK: Christl Baur (EN),Expert Tour FESTIVAL WALK: Christl Baur (EN),GUIDED TOUR,11.09,15:00,16:30
Christl Baur,"SAT 12.09, 11:00 – 12:30",Lentos Kunstmuseum,Expert Tour: Christl Baur (DE),Expert Tour: Christl Baur (DE),GUIDED TOUR,12.09,11:00,12:30
Christl Baur,"SAT 12.09, 12:30 – 13:30","OK Linz, voestalpine OPEN SPACE",Town Hall Meeting: Conflict Culture,Town Hall Meeting: Conflict Culture,NETWORKING EVENT,12.09,12:30,13:30
Christl Baur,"SUN 13.09, 11:00 – 12:30","OK Platz, WE GUIDE YOU Meeting Point",Expert Tour FESTIVAL WALK: Christl Baur (DE),Expert Tour FESTIVAL WALK: Christl Baur (DE),GUIDED TOUR,13.09,11:00,12:30
Christl Baur,"SUN 13.09, 12:30 – 13:30","OK Linz, voestalpine OPEN SPACE",Town Hall Meeting: How to partner with the Ars Electronica Festival?,Town Hall Meeting: How to partner with the Ars Electronica Festival?,NETWORKING EVENT,13.09,12:30,13:30
Christopher Lindinger,"SAT 12.09, 15:15 – 16:15","Ars Electronica Center, Level -3, Open Futurelab",mozXR: Empowering Creative Minds in XR,mozXR: Empowering Creative Minds in XR,PANEL DISCUSSION,12.09,15:15,16:15
Chuming Yu,"WED 09.09, 16:00 – 17:20","Ars Electronica Center, Maindeck",Destituent Laughing Choir,Destituent Laughing Choir,PERFORMANCE,09.09,16:00,17:20
Chuming Yu,"THU 10.09, 16:00 – 17:20","Ars Electronica Center, Maindeck",Destituent Laughing Choir,Destituent Laughing Choir,PERFORMANCE,10.09,16:00,17:20
Chuming Yu,"FRI 11.09, 16:00 – 17:20","Ars Electronica Center, Maindeck",Destituent Laughing Choir,Destituent Laughing Choir,PERFORMANCE,11.09,16:00,17:20
Chuming Yu,"SAT 12.09, 16:00 – 17:20","Ars Electronica Center, Maindeck",Destituent Laughing Choir,Destituent Laughing Choir,PERFORMANCE,12.09,16:00,17:20
Chuming Yu,"SUN 13.09, 16:00 – 17:20","Ars Electronica Center, Maindeck",Destituent Laughing Choir,Destituent Laughing Choir,PERFORMANCE,13.09,16:00,17:20
Chuowen Liang,"SAT 12.09, 20:00 – 21:00","Anton Bruckner University, Sonic Lab",MEDIUM SONORUM – Closing Concert,MEDIUM SONORUM – Closing Concert,CONCERT,12.09,20:00,21:00
Chyara Holz,"WED 09.09, 16:00 – 17:20","Ars Electronica Center, Maindeck",Destituent Laughing Choir,Destituent Laughing Choir,PERFORMANCE,09.09,16:00,17:20
Chyara Holz,"THU 10.09, 16:00 – 17:20","Ars Electronica Center, Maindeck",Destituent Laughing Choir,Destituent Laughing Choir,PERFORMANCE,10.09,16:00,17:20
Chyara Holz,"FRI 11.09, 16:00 – 17:20","Ars Electronica Center, Maindeck",Destituent Laughing Choir,Destituent Laughing Choir,PERFORMANCE,11.09,16:00,17:20
Chyara Holz,"SAT 12.09, 16:00 – 17:20","Ars Electronica Center, Maindeck",Destituent Laughing Choir,Destituent Laughing Choir,PERFORMANCE,12.09,16:00,17:20
Chyara Holz,"SUN 13.09, 16:00 – 17:20","Ars Electronica Center, Maindeck",Destituent Laughing Choir,Destituent Laughing Choir,PERFORMANCE,13.09,16:00,17:20
Cie. Of Verticality,,,,,,,,
Civic Creative Base Tokyo,"FRI 11.09, 13:30 – 15:30","Ursulinenhof Linz, Gewölbesaal",Olfactory Biome: The Smell is the Message!,Olfactory Biome: The Smell is the Message!,WORKSHOP,11.09,13:30,15:30
Clarissa Ribeiro,"THU 10.09, 16:30 – 18:00","Ars Electronica Center, Level 3, Sky Loft",Academic Session: Art Track #5 More-than-Human,Academic Session: Art Track #5 More-than-Human,CONFERENCE,10.09,16:30,18:00
Claudia Dworschak,"08.09, 18:00 – 20:00",Stadtwerkstatt,Haunted Herstory: Herzblutwiese Stadtwerkstatt – Screening at Milieukino,Haunted Herstory: Herzblutwiese Stadtwerkstatt – Screening at Milieukino,SCREENING,08.09,18:00,20:00
Claudia Dworschak,"08.09, 21:00 – 23:00",Stadtwerkstatt,Haunted Herstory: Herzblutwiese Stadtwerkstatt – Screening at Milieukino,Haunted Herstory: Herzblutwiese Stadtwerkstatt – Screening at Milieukino,SCREENING,08.09,21:00,23:00
Claudia Dworschak,"08.09, 23:00 – 01:00",Stadtwerkstatt,Haunted Herstory: Herzblutwiese Stadtwerkstatt – Screening at Milieukino,Haunted Herstory: Herzblutwiese Stadtwerkstatt – Screening at Milieukino,SCREENING,08.09,23:00,01:00
Claudia Dworschak,"WED 09.09, 18:00 – 20:00",Stadtwerkstatt,Haunted Herstory: Herzblutwiese Stadtwerkstatt – Screening at Milieukino,Haunted Herstory: Herzblutwiese Stadtwerkstatt – Screening at Milieukino,SCREENING,09.09,18:00,20:00
Claudia Dworschak,"WED 09.09, 21:00 – 23:00",Stadtwerkstatt,Haunted Herstory: Herzblutwiese Stadtwerkstatt – Screening at Milieukino,Haunted Herstory: Herzblutwiese Stadtwerkstatt – Screening at Milieukino,SCREENING,09.09,21:00,23:00
Claudia Dworschak,"THU 10.09, 18:00 – 20:00",Stadtwerkstatt,Haunted Herstory: Herzblutwiese Stadtwerkstatt – Screening at Milieukino,Haunted Herstory: Herzblutwiese Stadtwerkstatt – Screening at Milieukino,SCREENING,10.09,18:00,20:00
Claudia Dworschak,"THU 10.09, 21:00 – 23:00",Stadtwerkstatt,Haunted Herstory: Herzblutwiese Stadtwerkstatt – Screening at Milieukino,Haunted Herstory: Herzblutwiese Stadtwerkstatt – Screening at Milieukino,SCREENING,10.09,21:00,23:00
Claudia Dworschak,"FRI 11.09, 00:00 – 02:00",Stadtwerkstatt,Haunted Herstory: Herzblutwiese Stadtwerkstatt – Screening at Milieukino,Haunted Herstory: Herzblutwiese Stadtwerkstatt – Screening at Milieukino,SCREENING,11.09,00:00,02:00
Claudia Dworschak,"FRI 11.09, 18:00 – 20:00",Stadtwerkstatt,Haunted Herstory: Herzblutwiese Stadtwerkstatt – Screening at Milieukino,Haunted Herstory: Herzblutwiese Stadtwerkstatt – Screening at Milieukino,SCREENING,11.09,18:00,20:00
Claudia Dworschak,"SAT 12.09, 00:00 – 02:00",Stadtwerkstatt,Haunted Herstory: Herzblutwiese Stadtwerkstatt – Screening at Milieukino,Haunted Herstory: Herzblutwiese Stadtwerkstatt – Screening at Milieukino,SCREENING,12.09,00:00,02:00
Claudia Dworschak,"SAT 12.09, 18:00 – 20:00",Stadtwerkstatt,Haunted Herstory: Herzblutwiese Stadtwerkstatt – Screening at Milieukino,Haunted Herstory: Herzblutwiese Stadtwerkstatt – Screening at Milieukino,SCREENING,12.09,18:00,20:00
Claudia Dworschak,"SUN 13.09, 14:00 – 17:00",Moviemento,Haunted Herstory: Herzblutwiese Stadtwerkstatt – Movie&Talk,Haunted Herstory: Herzblutwiese Stadtwerkstatt – Movie&Talk,SCREENING,13.09,14:00,17:00
Claudia Hart,"WED 09.09, 17:00 – 18:00",Francisco Carolinum,Patterns & Politics: Book Presentation and Panel,Patterns & Politics: Book Presentation and Panel,LECTURE & TALK,09.09,17:00,18:00
Claudia Koch,"FRI 11.09, 12:30 – 13:00","Ars Electronica Center, Level 0, Deep Space 8K",The Last Judgement Triptych by Hieronymus Bosch,Gigapixel image from the Paintings Gallery of the Academy of Fine Arts Vienna,EXPERIENCE,11.09,12:30,13:00
Claudia Koch,"SAT 12.09, 13:00 – 13:30","Ars Electronica Center, Level 0, Deep Space 8K",The Last Judgement Triptych by Hieronymus Bosch,Gigapixel image from the Paintings Gallery of the Academy of Fine Arts Vienna,EXPERIENCE,12.09,13:00,13:30
Claudia Larcher,"WED 09.09, 16:00 – 17:00",Francisco Carolinum,Artist Tour with Claudia Larcher and Curator Eva Fischer: “No applause. no life. no pain.“,Artist Tour with Claudia Larcher and Curator Eva Fischer: “No applause. no life. no pain.“,GUIDED TOUR,09.09,16:00,17:00
Claudia Larcher,"THU 10.09, 17:00 – 18:00",Francisco Carolinum,Artist Tour with Claudia Larcher and Curator Eva Fischer: “No applause. no life. no pain.“,Artist Tour with Claudia Larcher and Curator Eva Fischer: “No applause. no life. no pain.“,GUIDED TOUR,10.09,17:00,18:00
Claudia Larcher,"FRI 11.09, 11:00 – 12:00","JKU MED Campus, Laboratory Building (LAB), Level 1, JKU medSPACE",Austrian Panorama,Austrian Panorama,SCREENING,11.09,11:00,12:00
Claudia Larcher,"FRI 11.09, 14:30 – 16:00","Ars Electronica Center, Level 3, Sky Loft",ASIFA Austria Forum: Current Perspectives,Moderated by Reinhold Bidner (AT),CONFERENCE,11.09,14:30,16:00
Claudia Larcher,"SAT 12.09, 14:00 – 15:00",Francisco Carolinum,Artist Tour with Claudia Larcher and Curator Eva Fischer: “No applause. no life. no pain.“,Artist Tour with Claudia Larcher and Curator Eva Fischer: “No applause. no life. no pain.“,GUIDED TOUR,12.09,14:00,15:00
Claudia Puck,"SUN 13.09, 13:30 – 14:00","Ars Electronica Center, Level 0, Deep Space 8K",Urban Metamorphosis. Sketches of Tomorrow.,Rethinking the City Through Climate Adaptation.,EXPERIENCE,13.09,13:30,14:00
Claudia Schnugg,"THU 10.09, 17:00 – 18:00","OK Linz, voestalpine OPEN SPACE",ECOfem Media Art Stammtisch,"Women in Art, Science and Body Politics",NETWORKING EVENT,10.09,17:00,18:00
Claudia Schnugg,"FRI 11.09, 16:30 – 17:30","OK Linz, voestalpine OPEN SPACE","NaturArchy: Curating Across Art, Science, Policymaking","NaturArchy: Curating Across Art, Science, Policymaking",NETWORKING EVENT,11.09,16:30,17:30
Cleomar Rocha,,,,,,,,
Cognitive x Creative Robotics (TU Delft),,,,,,,,
Colas Schretter,,,,,,,,
Colette Herry,"THU 10.09, 18:00 – 18:30","Ars Electronica Center, Level 0, Deep Space 8K",Perpetual Records,Perpetual Records,SCREENING,10.09,18:00,18:30
Colette Herry,"FRI 11.09, 11:30 – 12:00","Ars Electronica Center, Level 0, Deep Space 8K",Perpetual Records,Perpetual Records,SCREENING,11.09,11:30,12:00
Communication Design,,,,,,,,
Company of Music,"WED 09.09, 21:30 – 21:40",St. Mary’s Cathedral,Thomas Tallis: “Lamentationes Jeremiae I”,Thomas Tallis: “Lamentationes Jeremiae I”,CONCERT,09.09,21:30,21:40
Company of Music,"WED 09.09, 21:40 – 22:00",St. Mary’s Cathedral,"Cassandra Miller: “City, full of people”","Cassandra Miller: “City, full of people”",CONCERT,09.09,21:40,22:00
Conrad Lischewsky,,,,,,,,
Constanza Jarpa Luco,,,,,,,,
Cora Hausch,"WED 09.09, 17:30 – 22:00","University of Arts Linz, Hauptplatz 6 (East Building), Courtyard",Sound Campus (WED 9.9.),Listening Underground,PROJECT,09.09,17:30,22:00
Cori O’Lan,"FRI 11.09, 18:30 – 22:30",Posthof Linz,Polaris,Polaris,CONCERT,11.09,18:30,22:30
Cornelia Lehner,"SUN 13.09, 12:00 – 13:30","JKU MED Campus, Administration Building (ADM), JKU medLOFT (9th floor)",KEPLER SALON EXTRA EXTERN: SHOW ME YOUR FACE,The Power of Becoming,LECTURE & TALK,13.09,12:00,13:30
CORPUS,"SUN 13.09, 10:00 – 12:00","Ursulinenhof Linz, Gewölbesaal",Who Decides the Music?,A hands-on session on how music changes what a work means.,WORKSHOP,13.09,10:00,12:00
Cosmin Haias,,,,,,,,
Cosmin Haiaș,,,,,,,,
create your world,"SUN 13.09, 16:30 – 17:00","JKU MED Campus, Teaching Building (LEH), Level 0, Lecture Hall 1",drag your world. Youth Exchange Project Presentation,Youth Exchange Project,SCREENING,13.09,16:30,17:00
Cristian Anutoui,,,,,,,,
Crystn Hunt Akron,"WED 09.09, 22:25 – 22:30",St. Mary’s Cathedral,RISE,RISE,CONCERT,09.09,22:25,22:30
Crystn Hunt Akron,"WED 09.09, 23:15 – 23:20",St. Mary’s Cathedral,RISE,RISE,CONCERT,09.09,23:15,23:20
Cyntha Wieringa,"FRI 11.09, 14:30 – 15:30","OK Linz, voestalpine OPEN SPACE",Town Hall Meeting: Hello Worlds!,Negotiating Humanity through Art × Industry × Research,NETWORKING EVENT,11.09,14:30,15:30
Cyntha Wieringa,"SAT 12.09, 17:00 – 17:30","Ars Electronica Center, Level -3, Open Futurelab",Hello Worlds! Behind the Artworks: No Bird & Algorithms in Reflection,How do we share a world?,OPEN LAB,12.09,17:00,17:30
Cécile Bucher,"WED 09.09, 13:00 – 18:00",PopUp Store,Creative Coding Open House (WED 9.9.),Stop by to find out what Creative coding is and how you can get started.,OPEN LAB,09.09,13:00,18:00
Cécile Bucher,"THU 10.09, 13:00 – 18:00",PopUp Store,Creative Coding Open House (THU 10.9.),Creative Coding Buffet,OPEN LAB,10.09,13:00,18:00
Cécile Bucher,"FRI 11.09, 13:00 – 18:00",PopUp Store,Creative Coding Open House (FRI 11.9.),Contributing to Creative Coding,OPEN LAB,11.09,13:00,18:00
Cécile Bucher,"SAT 12.09, 13:00 – 18:00",PopUp Store,Creative Coding Open House (SAT 12.9.),Discover vvvv - learn to code with nodes!,OPEN LAB,12.09,13:00,18:00
Cécile Bucher,"SUN 13.09, 13:00 – 18:00",PopUp Store,Creative Coding Open House (SUN 13.9.),Processing Community Day,OPEN LAB,13.09,13:00,18:00
Dai Nippon Printing,"THU 10.09, 11:15 – 11:45","Ars Electronica Center, Level -3, Open Futurelab",Future Care,Explore the future of care in the age of AI,WORKSHOP,10.09,11:15,11:45
Dai Nippon Printing,"FRI 11.09, 15:45 – 16:15","Ars Electronica Center, Level -3, Open Futurelab",Future Care,Explore the future of care in the age of AI,WORKSHOP,11.09,15:45,16:15
Daichen Wang,"WED 09.09, 11:30 – 13:00","Ars Electronica Center, Level 3, Sky Loft",Academic Session: Art Track #1 Archive,Academic Session: Art Track #1 Archive,CONFERENCE,09.09,11:30,13:00
Dalia Ahmed – FM4,"SAT 12.09, 19:00 – 20:00",Main Square Linz,Listen To Each Oida: Dalia Ahmed,Listen To Each Oida: Dalia Ahmed,PERFORMANCE,12.09,19:00,20:00
Damon Tovbin,"08.09, 22:00 – 23:00","Ars Electronica Center, Façade",Urban Screen Lab,Urban Screen Lab,PROJECT,08.09,22:00,23:00
Damon Tovbin,"WED 09.09, 22:00 – 23:00","Ars Electronica Center, Façade",Urban Screen Lab,Urban Screen Lab,PROJECT,09.09,22:00,23:00
Damon Tovbin,"THU 10.09, 22:00 – 23:00","Ars Electronica Center, Façade",Urban Screen Lab,Urban Screen Lab,PROJECT,10.09,22:00,23:00
Damon Tovbin,"SUN 13.09, 22:00 – 23:00","Ars Electronica Center, Façade",Urban Screen Lab,Urban Screen Lab,PROJECT,13.09,22:00,23:00
Daniel Coppen,,,,,,,,
Daniel Donovan Achi,,,,,,,,
Daniel Gontz,,,,,,,,
Daniel Haas,"FRI 11.09, 18:30 – 22:30",Posthof Linz,PULS,A composition for eight stroboscopes,PROJECT,11.09,18:30,22:30
Daniel Hans Walter,,,,,,,,
Daniel Luca Donovan-Achi,,,,,,,,
Daniel Mrazik,,,,,,,,
Daniela Duca De Tey,"WED 09.09, 14:00 – 15:00","OK Linz, voestalpine OPEN SPACE",Town Hall Meeting: ArtScience X ArsBiologica,Mapping the Intangible Impacts of Art–Science Encounters,NETWORKING EVENT,09.09,14:00,15:00
Danqi Yao,"THU 10.09, 11:30 – 13:00","Ars Electronica Center, Level 3, Sky Loft",Academic Session: Art Track #4 Embodiment,Academic Session: Art Track #4 Embodiment,CONFERENCE,10.09,11:30,13:00
Danube Transformation Agency for Agency,"THU 10.09, 11:00 – 13:00","Ursulinenhof Linz, Gewölbesaal",A Furry Engineer!,Speculative Human-Beaver-Futures along the Danube,WORKSHOP,10.09,11:00,13:00
Danube Transformation Agency for Agency – DTAFA (di:tafa),"THU 10.09, 11:00 – 13:00","Ursulinenhof Linz, Gewölbesaal",A Furry Engineer!,Speculative Human-Beaver-Futures along the Danube,WORKSHOP,10.09,11:00,13:00
Daphna Horenczyk,"SAT 12.09, 13:00 – 15:30","Ursulinenhof Linz, Ursulinensaal",Patterns of Dehumanization,Patterns of Dehumanization,CONFERENCE,12.09,13:00,15:30
Darijo Zeljko Warnecke,"08.09, 22:00 – 23:00","Ars Electronica Center, Façade",Urban Screen Lab,Urban Screen Lab,PROJECT,08.09,22:00,23:00
Darijo Zeljko Warnecke,"WED 09.09, 22:00 – 23:00","Ars Electronica Center, Façade",Urban Screen Lab,Urban Screen Lab,PROJECT,09.09,22:00,23:00
Darijo Zeljko Warnecke,"THU 10.09, 22:00 – 23:00","Ars Electronica Center, Façade",Urban Screen Lab,Urban Screen Lab,PROJECT,10.09,22:00,23:00
Darijo Zeljko Warnecke,"SUN 13.09, 22:00 – 23:00","Ars Electronica Center, Façade",Urban Screen Lab,Urban Screen Lab,PROJECT,13.09,22:00,23:00
Darya Kostskina,"THU 10.09, 19:00 – 19:30","Ars Electronica Center, Level 0, Deep Space 8K",[not] breaking the cycle,[not] breaking the cycle,PERFORMANCE,10.09,19:00,19:30
Darya Sheiko,"THU 10.09, 19:00 – 19:30","Ars Electronica Center, Level 0, Deep Space 8K",[not] breaking the cycle,[not] breaking the cycle,PERFORMANCE,10.09,19:00,19:30
David Altweger,"THU 10.09, 16:30 – 18:00","Ars Electronica Center, Level 3, Sky Loft",Academic Session: Art Track #5 More-than-Human,Academic Session: Art Track #5 More-than-Human,CONFERENCE,10.09,16:30,18:00
David Kapl,,,,,,,,
David Kim,,,,,,,,
David Märzendorfer,,,,,,,,
Deborah McGregor,,,,,,,,
Deep Space Community,"FRI 11.09, 17:00 – 18:00","Ars Electronica Center, Level 0, Deep Space 8K",Endless Possibilities,Deep Space Community Development,EXPERIENCE,11.09,17:00,18:00
Deep Space Community,"FRI 11.09, 18:30 – 19:30","Ars Electronica Center, Level 0, Deep Space 8K",Deep Space Community,"One Platform, Many Perspectives",EXPERIENCE,11.09,18:30,19:30
DEEP THROAT,"THU 10.09, 18:00 – 22:00","University of Arts Linz, Hauptplatz 6 (East Building), Courtyard",Sound Campus (THU 10.9.),Listening Underground,PROJECT,10.09,18:00,22:00
Dejan Todorović,"FRI 11.09, 14:00 – 15:30","OK Platz, WE GUIDE YOU Meeting Point",Artist Walk Tour: Negotiating Beyond Humanity,Artist Walk Tour: Negotiating Beyond Humanity,GUIDED TOUR,11.09,14:00,15:30
Demokratie,,,,,,,,
Denisa Půbalová,"THU 10.09, 14:00 – 15:30","OK Platz, WE GUIDE YOU Meeting Point",Artist Walk Tour: Negotiating Beyond Humanity,Artist Walk Tour: Negotiating Beyond Humanity,GUIDED TOUR,10.09,14:00,15:30
Denise Atteneder,"THU 10.09, 10:00 – 11:00","JKU MED Campus, Administration Building (ADM), Infodesk",JKU Art & Science Tour (EN),JKU MED Campus Showcase,GUIDED TOUR,10.09,10:00,11:00
Denise Atteneder,"FRI 11.09, 10:00 – 11:00","JKU MED Campus, Administration Building (ADM), Infodesk",JKU Art & Science Tour (EN),JKU MED Campus Showcase,GUIDED TOUR,11.09,10:00,11:00
Denise Atteneder,"SAT 12.09, 11:00 – 12:00","JKU MED Campus, Administration Building (ADM), Infodesk",JKU Art & Science Tour (DE),JKU MED Campus Showcase,GUIDED TOUR,12.09,11:00,12:00
Dennis Hong,,,,,,,,
Dennis Siering,,,,,,,,
Department of New Media Art,,,,,,,,
Destarte Prieto,,,,,,,,
DESY,"WED 09.09, 14:30 – 15:00","Ars Electronica Center, Level 0, Deep Space 8K",Quantum Zoom – The First Chapter,Quantum Zoom – The First Chapter,EXPERIENCE,09.09,14:30,15:00
DESY,"FRI 11.09, 14:30 – 15:30","Ars Electronica Center, Level 0, Deep Space 8K",Quantum Zoom – The First Chapter,Quantum Zoom – The First Chapter,EXPERIENCE,11.09,14:30,15:30
Diana Karle,,,,,,,,
Die fliegende Holländerin,"FRI 11.09, 21:00 – 21:15","Ars Electronica Center, Maindeck",Die fliegende Holländerin kehrt zurück,Multimedia performance,PERFORMANCE,11.09,21:00,21:15
Die fliegende Holländerin,"SAT 12.09, 21:00 – 21:15","Ars Electronica Center, Maindeck",Die fliegende Holländerin kehrt zurück,Multimedia performance,PERFORMANCE,12.09,21:00,21:15
Dieter Vandoren,,,,,,,,
Dilmana Yordanova,"THU 10.09, 13:30 – 14:10",,Genome Sonification,Show Me Your Face: The Power of Becoming,CONCERT,10.09,13:30,14:10
Dilmana Yordanova,"FRI 11.09, 16:00 – 16:40",,Genome Sonification,Show Me Your Face: The Power of Becoming,CONCERT,11.09,16:00,16:40
Dilmana Yordanova,"SUN 13.09, 12:00 – 13:30","JKU MED Campus, Administration Building (ADM), JKU medLOFT (9th floor)",KEPLER SALON EXTRA EXTERN: SHOW ME YOUR FACE,The Power of Becoming,LECTURE & TALK,13.09,12:00,13:30
Dingyue Zhang,,,,,,,,
Division of Arts and Machine Creativity,,,,,,,,
Dobrivoje Lale Eric,"THU 10.09, 10:00 – 18:00","JKU MED Campus, Administration Building (ADM), JKU medLOFT (9th floor)",RIECS Summit: Designing the Future of Citizen Science Infrastructure,RIECS Summit: Designing the Future of Citizen Science Infrastructure,WORKSHOP,10.09,10:00,18:00
Dobrivoje Lale Eric,"FRI 11.09, 10:00 – 18:00","JKU MED Campus, Administration Building (ADM), JKU medLOFT (9th floor)",RIECS Summit: Designing the Future of Citizen Science Infrastructure,RIECS Summit: Designing the Future of Citizen Science Infrastructure,WORKSHOP,11.09,10:00,18:00
Dominik Näf,,,,,,,,
Dominika Kolenda,"FRI 11.09, 14:00 – 16:00",,Pain: Interconnected with Nature,Pain: Interconnected with Nature,WORKSHOP,11.09,14:00,16:00
DorfTV,"WED 09.09, 16:00 – 17:30",,DorfTV – Radical Broadcast,"What happens when courage is not just discussed, but tested live?",PROJECT,09.09,16:00,17:30
Dorian Komadina,,,,,,,,
Doris Weichselbaumer,"FRI 11.09, 15:00 – 15:10","Ursulinenhof Linz, Ursulinensaal",Welcome address,Welcome address,LECTURE & TALK,11.09,15:00,15:10
Douglas Rushkoff,"FRI 11.09, 17:20 – 18:00","Ursulinenhof Linz, Ursulinensaal",Team Tech or Team Human?,Team Tech or Team Human?,LECTURE & TALK,11.09,17:20,18:00
Douglas Rushkoff,"FRI 11.09, 18:00 – 18:50","Ursulinenhof Linz, Ursulinensaal",Roundtable Discussion,Roundtable Discussion,PANEL DISCUSSION,11.09,18:00,18:50
Dr. John Terenzini,"THU 10.09, 10:00 – 18:00","JKU MED Campus, Administration Building (ADM), JKU medLOFT (9th floor)",RIECS Summit: Designing the Future of Citizen Science Infrastructure,RIECS Summit: Designing the Future of Citizen Science Infrastructure,WORKSHOP,10.09,10:00,18:00
Dr. John Terenzini,"FRI 11.09, 10:00 – 18:00","JKU MED Campus, Administration Building (ADM), JKU medLOFT (9th floor)",RIECS Summit: Designing the Future of Citizen Science Infrastructure,RIECS Summit: Designing the Future of Citizen Science Infrastructure,WORKSHOP,11.09,10:00,18:00
Dr. Lea Luka Sikau,"THU 10.09, 14:00 – 15:30","OK Platz, WE GUIDE YOU Meeting Point",Artist Walk Tour: Negotiating Beyond Humanity,Artist Walk Tour: Negotiating Beyond Humanity,GUIDED TOUR,10.09,14:00,15:30
Drew Jacoby,"WED 09.09, 22:55 – 23:15",St. Mary’s Cathedral,Worship,Worship,PERFORMANCE,09.09,22:55,23:15
Dunia Sahir,,,,,,,,
Dunjiva Kollektiv,"WED 09.09, 14:00 – 16:00",,Crafting Futures Lab: Re-membering our Seeds,Crafting Futures Lab: Re-membering our Seeds,WORKSHOP,09.09,14:00,16:00
Eirini Linardaki,"THU 10.09, 16:30 – 17:30","Ars Electronica Center, Level 0, Deep Space 8K",Onassis ONX Showcase,A selection of moving image works from the Onassis Foundation’s global platform for art and advanced technology,SCREENING,10.09,16:30,17:30
Eirini Linardaki,"SUN 13.09, 16:00 – 17:00","Ars Electronica Center, Level 0, Deep Space 8K",Onassis ONX Showcase,A selection of moving image works from the Onassis Foundation’s global platform for art and advanced technology,SCREENING,13.09,16:00,17:00
Elea van Es,,,,,,,,
elekhlekha (อีเหละเขละขละ),"FRI 11.09, 14:00 – 14:45","Francisco Carolinum, Level 2",The Sound of the Day: A Communal Sound Gathering with elekhlekha (อีเหละเขละขละ),The Sound of the Day: A Communal Sound Gathering with elekhlekha (อีเหละเขละขละ),PERFORMANCE,11.09,14:00,14:45
elekhlekha (อีเหละเขละขละ),"SAT 12.09, 14:30 – 15:15","Francisco Carolinum, Level 2",The Sound of the Day: A Communal Sound Gathering with elekhlekha (อีเหละเขละขละ),The Sound of the Day: A Communal Sound Gathering with elekhlekha (อีเหละเขละขละ),PERFORMANCE,12.09,14:30,15:15
elekhlekha (อีเหละเขละขละ),"SUN 13.09, 14:30 – 15:15","Francisco Carolinum, Level 2",The Sound of the Day: A Communal Sound Gathering with elekhlekha (อีเหละเขละขละ),The Sound of the Day: A Communal Sound Gathering with elekhlekha (อีเหละเขละขละ),PERFORMANCE,13.09,14:30,15:15
elekhlekha อีเหละเขละขละ,"FRI 11.09, 14:00 – 14:45","Francisco Carolinum, Level 2",The Sound of the Day: A Communal Sound Gathering with elekhlekha (อีเหละเขละขละ),The Sound of the Day: A Communal Sound Gathering with elekhlekha (อีเหละเขละขละ),PERFORMANCE,11.09,14:00,14:45
elekhlekha อีเหละเขละขละ,"SAT 12.09, 14:30 – 15:15","Francisco Carolinum, Level 2",The Sound of the Day: A Communal Sound Gathering with elekhlekha (อีเหละเขละขละ),The Sound of the Day: A Communal Sound Gathering with elekhlekha (อีเหละเขละขละ),PERFORMANCE,12.09,14:30,15:15
elekhlekha อีเหละเขละขละ,"SUN 13.09, 14:30 – 15:15","Francisco Carolinum, Level 2",The Sound of the Day: A Communal Sound Gathering with elekhlekha (อีเหละเขละขละ),The Sound of the Day: A Communal Sound Gathering with elekhlekha (อีเหละเขละขละ),PERFORMANCE,13.09,14:30,15:15
Elena Schmied,,,,,,,,
Eleni Riga,"SUN 13.09, 13:45 – 14:15","Ursulinenhof Linz, Ursulinensaal",Art for the Hydrocommons,Art for the Hydrocommons,PANEL DISCUSSION,13.09,13:45,14:15
Elias Wohlschlager,"WED 09.09, 10:00 – 11:30","Ars Electronica Center, Level 3, Sky Loft",Expanded Play Gallery,Moderated by Jeremiah Diephuis (GB/AT),CONFERENCE,09.09,10:00,11:30
Elias Wolschlager,,,,,,,,
Elie Zananiri,"THU 10.09, 16:30 – 17:30","Ars Electronica Center, Level 0, Deep Space 8K",Onassis ONX Showcase,A selection of moving image works from the Onassis Foundation’s global platform for art and advanced technology,SCREENING,10.09,16:30,17:30
Elie Zananiri,"SUN 13.09, 16:00 – 17:00","Ars Electronica Center, Level 0, Deep Space 8K",Onassis ONX Showcase,A selection of moving image works from the Onassis Foundation’s global platform for art and advanced technology,SCREENING,13.09,16:00,17:00
Elina Oikonomaki,"WED 09.09, 10:00 – 11:30","Ars Electronica Center, Level 3, Sky Loft",Expanded Play Gallery,Moderated by Jeremiah Diephuis (GB/AT),CONFERENCE,09.09,10:00,11:30
Elisabeth Berger,"WED 09.09, 12:00 – 14:00",C. Bechstein Centrum Linz,"12.5 square meters—space for a car, or…","12.5 square meters—space for a car, or…",PROJECT,09.09,12:00,14:00
Elisabeth Berger,"THU 10.09, 12:00 – 14:00",C. Bechstein Centrum Linz,"12.5 square meters—space for a car, or…","12.5 square meters—space for a car, or…",PROJECT,10.09,12:00,14:00
Elisabeth Berger,"FRI 11.09, 12:00 – 14:00",C. Bechstein Centrum Linz,"12.5 square meters—space for a car, or…","12.5 square meters—space for a car, or…",PROJECT,11.09,12:00,14:00
Elisabeth Berger,"SAT 12.09, 12:00 – 14:00",C. Bechstein Centrum Linz,"12.5 square meters—space for a car, or…","12.5 square meters—space for a car, or…",PROJECT,12.09,12:00,14:00
Elisabeth Berger,"SUN 13.09, 12:00 – 14:00",C. Bechstein Centrum Linz,"12.5 square meters—space for a car, or…","12.5 square meters—space for a car, or…",PROJECT,13.09,12:00,14:00
Elisabeth Falkensteiner,"THU 10.09, 15:30 – 17:00","OK Platz, WE GUIDE YOU Meeting Point",Expert Tour FESTIVAL WALK: Elisabeth Falkensteiner (EN),Expert Tour FESTIVAL WALK: Elisabeth Falkensteiner (EN),GUIDED TOUR,10.09,15:30,17:00
Elisabeth Falkensteiner,"SAT 12.09, 11:30 – 13:00","OK Platz, WE GUIDE YOU Meeting Point",Expert Tour FESTIVAL WALK: Elisabeth Falkensteiner (DE),Expert Tour FESTIVAL WALK: Elisabeth Falkensteiner (DE),GUIDED TOUR,12.09,11:30,13:00
Elizaveta Belkevich,,,,,,,,
Ella Raidel,"THU 10.09, 16:30 – 18:00","Ars Electronica Center, Level 3, Sky Loft",Academic Session: Art Track #5 More-than-Human,Academic Session: Art Track #5 More-than-Human,CONFERENCE,10.09,16:30,18:00
Ellinor Brandenburg,,,,,,,,
Emanuel Gollob,"WED 09.09, 17:00 – 18:00","OK Linz, voestalpine OPEN SPACE",Town Hall Meeting: Art & Culture as Innovation Drivers in AI Infrastructures,Town Hall Meeting: Art & Culture as Innovation Drivers in AI Infrastructures,NETWORKING EVENT,09.09,17:00,18:00
Emanuel Križić,"THU 10.09, 16:00 – 16:30",,Musikmaschine in concert,Musikmaschine in concert,CONCERT,10.09,16:00,16:30
Emanuel Križić,"FRI 11.09, 16:00 – 16:30",,Musikmaschine in concert,Musikmaschine in concert,CONCERT,11.09,16:00,16:30
Emanuel Križić,"SAT 12.09, 16:00 – 16:30",,Musikmaschine in concert,Musikmaschine in concert,CONCERT,12.09,16:00,16:30
Emergence Delft,,,,,,,,
Emiko Ogawa,"FRI 11.09, 13:30 – 14:15","Ars Electronica Center, Level -3, Open Futurelab",Networking: Art Thinking,Networking: Art Thinking,NETWORKING EVENT,11.09,13:30,14:15
Emiko Ogawa,"FRI 11.09, 16:00 – 17:30",Lentos Kunstmuseum,Artist Walk Tour: Negotiating Humanity,Artist Walk Tour: Negotiating Humanity,GUIDED TOUR,11.09,16:00,17:30
Emiko Ogawa,"SAT 12.09, 16:00 – 17:30",Lentos Kunstmuseum,Artist Walk Tour: Negotiating Humanity,Artist Walk Tour: Negotiating Humanity,GUIDED TOUR,12.09,16:00,17:30
Emiko Ogawa,"SUN 13.09, 10:00 – 11:30",Lentos Kunstmuseum,Expert Tour: Emiko Ogawa (EN),Expert Tour: Emiko Ogawa (EN),GUIDED TOUR,13.09,10:00,11:30
Emiko Ogawa,"SUN 13.09, 14:00 – 15:00","OK Linz, voestalpine OPEN SPACE",Town Hall Meeting: Prix Ars Electronica 2026 Trend & Insight,Town Hall Meeting: Prix Ars Electronica 2026 Trend & Insight,NETWORKING EVENT,13.09,14:00,15:00
Emili Pálinkás-Szűcs,,,,,,,,
Emilie Moatti,"SAT 12.09, 13:00 – 15:30","Ursulinenhof Linz, Ursulinensaal",Patterns of Dehumanization,Patterns of Dehumanization,CONFERENCE,12.09,13:00,15:30
Emily Godden,"WED 09.09, 11:30 – 13:00","Ars Electronica Center, Level 3, Sky Loft",Academic Session: Art Track #1 Archive,Academic Session: Art Track #1 Archive,CONFERENCE,09.09,11:30,13:00
Emily Ramharter,,,,,,,,
Emir Šehanović,"FRI 11.09, 14:00 – 15:30","OK Platz, WE GUIDE YOU Meeting Point",Artist Walk Tour: Negotiating Beyond Humanity,Artist Walk Tour: Negotiating Beyond Humanity,GUIDED TOUR,11.09,14:00,15:30
Emmanuel Witzthum,"SAT 12.09, 13:00 – 15:30","Ursulinenhof Linz, Ursulinensaal",Patterns of Dehumanization,Patterns of Dehumanization,CONFERENCE,12.09,13:00,15:30
Eniola Benson,"FRI 11.09, 12:10 – 13:00","Ursulinenhof Linz, Ursulinensaal",AI for Social Impact Award: The award winning projects,AI for Social Impact Award: The award winning projects,LECTURE & TALK,11.09,12:10,13:00
Eniola Benson,"FRI 11.09, 13:00 – 13:55","Ursulinenhof Linz, Ursulinensaal",Negotiating Humanity,Negotiating Humanity,PANEL DISCUSSION,11.09,13:00,13:55
Enrique Encinas,"WED 09.09, 12:30 – 14:30","Ursulinenhof Linz, Gewölbesaal",NE #00: New Embeddings of/for Artistic Intelligence,A workshop to form new neighborhoods of/for artistic intelligence,WORKSHOP,09.09,12:30,14:30
Enrique Mendoza,"FRI 11.09, 18:30 – 19:00","Anton Bruckner University, Studiobühne",NEKRO//MAKINA,NEKRO//MAKINA,CONCERT,11.09,18:30,19:00
Enrique Mendoza,"SAT 12.09, 16:00 – 16:30","Anton Bruckner University, Studiobühne",NEKRO//MAKINA,NEKRO//MAKINA,CONCERT,12.09,16:00,16:30
Erandy Vergara,"THU 10.09, 14:30 – 16:00","Ars Electronica Center, Level 3, Sky Loft",Birds of a Feather: Connecting Media Art Research,Moderated by Juergen Hagler (AT),CONFERENCE,10.09,14:30,16:00
Erika Mondria,"THU 10.09, 11:30 – 13:00","Ars Electronica Center, Level 3, Sky Loft",Academic Session: Art Track #4 Embodiment,Academic Session: Art Track #4 Embodiment,CONFERENCE,10.09,11:30,13:00
Erika Tsuchiya,,,,,,,,
Erze Dinarama,"THU 10.09, 14:00 – 15:30","OK Platz, WE GUIDE YOU Meeting Point",Artist Walk Tour: Negotiating Beyond Humanity,Artist Walk Tour: Negotiating Beyond Humanity,GUIDED TOUR,10.09,14:00,15:30
erψn temp3st,,,,,,,,
Esteban Azuela,"WED 09.09, 14:00 – 14:45","JKU MED Campus, Laboratory Building (LAB), Level 1, JKU medSPACE",Ghost Stories: Negotiating Between Worlds,Ghost Stories: Negotiating Between Worlds,SCREENING,09.09,14:00,14:45
Esteban Azuela,"THU 10.09, 16:30 – 17:15","JKU MED Campus, Laboratory Building (LAB), Level 1, JKU medSPACE",Ghost Stories: Negotiating Between Worlds,Ghost Stories: Negotiating Between Worlds,SCREENING,10.09,16:30,17:15
Esteban Azuela,"FRI 11.09, 14:45 – 15:30","JKU MED Campus, Laboratory Building (LAB), Level 1, JKU medSPACE",Ghost Stories: Negotiating Between Worlds,Ghost Stories: Negotiating Between Worlds,SCREENING,11.09,14:45,15:30
Esteban Azuela,"SUN 13.09, 14:00 – 14:45","JKU MED Campus, Laboratory Building (LAB), Level 1, JKU medSPACE",Ghost Stories: Negotiating Between Worlds,Ghost Stories: Negotiating Between Worlds,SCREENING,13.09,14:00,14:45
Esther Kimani,"FRI 11.09, 12:10 – 13:00","Ursulinenhof Linz, Ursulinensaal",AI for Social Impact Award: The award winning projects,AI for Social Impact Award: The award winning projects,LECTURE & TALK,11.09,12:10,13:00
ETH Zurich,,,,,,,,
Eva Carreira Carretero,,,,,,,,
Eva Fischer,"WED 09.09, 16:00 – 17:00",Francisco Carolinum,Artist Tour with Claudia Larcher and Curator Eva Fischer: “No applause. no life. no pain.“,Artist Tour with Claudia Larcher and Curator Eva Fischer: “No applause. no life. no pain.“,GUIDED TOUR,09.09,16:00,17:00
Eva Fischer,"THU 10.09, 17:00 – 18:00",Francisco Carolinum,Artist Tour with Claudia Larcher and Curator Eva Fischer: “No applause. no life. no pain.“,Artist Tour with Claudia Larcher and Curator Eva Fischer: “No applause. no life. no pain.“,GUIDED TOUR,10.09,17:00,18:00
Eva Fischer,"SAT 12.09, 14:00 – 15:00",Francisco Carolinum,Artist Tour with Claudia Larcher and Curator Eva Fischer: “No applause. no life. no pain.“,Artist Tour with Claudia Larcher and Curator Eva Fischer: “No applause. no life. no pain.“,GUIDED TOUR,12.09,14:00,15:00
Eva Stöflin,"WED 09.09, 15:00 – 16:00",C. Bechstein Centrum Linz,El Cultivo de la Mente – Art Film,El Cultivo de la Mente – Art Film,CONCERT,09.09,15:00,16:00
Eva Stöflin,"WED 09.09, 16:00 – 17:00",C. Bechstein Centrum Linz,El Cultivo de la Mente – Art Film,El Cultivo de la Mente – Art Film,CONCERT,09.09,16:00,17:00
Eva Stöflin,"WED 09.09, 17:00 – 18:00",C. Bechstein Centrum Linz,El Cultivo de la Mente – Art Film,El Cultivo de la Mente – Art Film,CONCERT,09.09,17:00,18:00
Eva Stöflin,"WED 09.09, 18:00 – 19:00",C. Bechstein Centrum Linz,El Cultivo de la Mente – Art Film,El Cultivo de la Mente – Art Film,CONCERT,09.09,18:00,19:00
evala,"WED 09.09, 19:00 – 23:30",St. Mary’s Cathedral,Holy Echo,Exhibition at St. Mary’s Cathedral,EXHIBITION,09.09,19:00,23:30
evala,"WED 09.09, 23:20 – 23:40",St. Mary’s Cathedral,Holy Echo: Clair de Lune,Holy Echo: Clair de Lune,CONCERT,09.09,23:20,23:40
evala,"THU 10.09, 10:00 – 17:30",St. Mary’s Cathedral,Holy Echo,Exhibition at St. Mary’s Cathedral,EXHIBITION,10.09,10:00,17:30
evala,"FRI 11.09, 10:00 – 17:30",St. Mary’s Cathedral,Holy Echo,Exhibition at St. Mary’s Cathedral,EXHIBITION,11.09,10:00,17:30
evala,"SAT 12.09, 12:30 – 17:30",St. Mary’s Cathedral,Holy Echo,Exhibition at St. Mary’s Cathedral,EXHIBITION,12.09,12:30,17:30
evala,"SUN 13.09, 12:30 – 17:30",St. Mary’s Cathedral,Holy Echo,Exhibition at St. Mary’s Cathedral,EXHIBITION,13.09,12:30,17:30
Evelyn Dawid,"THU 10.09, 13:30 – 15:30","Ursulinenhof Linz, Gewölbesaal",Basic Income for Artists – Ireland as a Model,Basic Income for Artists – Ireland as a Model,WORKSHOP,10.09,13:30,15:30
Everaldo Pereira,,,,,,,,
Everardo Reyes,"THU 10.09, 14:30 – 16:00","Ars Electronica Center, Level 3, Sky Loft",Birds of a Feather: Connecting Media Art Research,Moderated by Juergen Hagler (AT),CONFERENCE,10.09,14:30,16:00
Experts from the fields of medicine,"THU 10.09, 14:30 – 16:00","JKU MED Campus, Laboratory Building (LAB), Level 1, JKU medSPACE","Who Heals Tomorrow? AI, Medicine and the Future of Decision-Making","Who Heals Tomorrow? AI, Medicine and the Future of Decision-Making",PANEL DISCUSSION,10.09,14:30,16:00
Eyal Weizman,"THU 10.09, 15:15 – 15:35","Ursulinenhof Linz, Ursulinensaal",The Architecture of Public Truth,The Architecture of Public Truth,KEYNOTE,10.09,15:15,15:35
Fabricio Lamoncha,"FRI 11.09, 11:00 – 20:00",,Leonardo LASER Talks Linz – Lab Songs Vol. III: Stardust Paella,Lab Songs Vol. III – Sobremesas,LECTURE & TALK,11.09,11:00,20:00
Fabricio Lamoncha,"SAT 12.09, 11:00 – 20:00",,Leonardo LASER Talks Linz – Lab Songs Vol. III: Quantum Vermouth,Lab Songs Vol. III – Sobremesas,LECTURE & TALK,12.09,11:00,20:00
FARCE,"FRI 11.09, 23:00 – 23:30",Posthof Linz,FARCE,FARCE,CONCERT,11.09,23:00,23:30
Fatima Nazir,,,,,,,,
Fatma Emam,,,,,,,,
Feifei Zhou,,,,,,,,
Felipe Lombó,,,,,,,,
Felix Breisach,"SAT 12.09, 20:30 – 21:30",Donaupark,ATTheENDLinz—Linzer Klangwolke 26,presented by Sparkasse OÖ & LINZ AG,CONCERT,12.09,20:30,21:30
Felix Lindenmeier,,,,,,,,
Fernando Cucchietti,"WED 09.09, 17:00 – 18:00","OK Linz, voestalpine OPEN SPACE",Town Hall Meeting: Art & Culture as Innovation Drivers in AI Infrastructures,Town Hall Meeting: Art & Culture as Innovation Drivers in AI Infrastructures,NETWORKING EVENT,09.09,17:00,18:00
Filip Hildebrandt,"08.09, 22:00 – 23:00","Ars Electronica Center, Façade",Urban Screen Lab,Urban Screen Lab,PROJECT,08.09,22:00,23:00
Filip Hildebrandt,"WED 09.09, 22:00 – 23:00","Ars Electronica Center, Façade",Urban Screen Lab,Urban Screen Lab,PROJECT,09.09,22:00,23:00
Filip Hildebrandt,"THU 10.09, 22:00 – 23:00","Ars Electronica Center, Façade",Urban Screen Lab,Urban Screen Lab,PROJECT,10.09,22:00,23:00
Filip Hildebrandt,"SUN 13.09, 22:00 – 23:00","Ars Electronica Center, Façade",Urban Screen Lab,Urban Screen Lab,PROJECT,13.09,22:00,23:00
Filippo Rosati,,,,,,,,
Fionn Heron,,,,,,,,
Flavia Mazzanti,"SAT 12.09, 13:30 – 14:15","OK Linz, voestalpine OPEN SPACE",Extended Reality – An Art Form in Public Space (on Trinity-Tarot-Garden),A public conversation on the XR sculpture park Trinity-Tarot -Garden by Ugo Dossi and Stefan Göppel,NETWORKING EVENT,12.09,13:30,14:15
Flora Marlene Geißelbrecht & Arthur Fussy,"SAT 12.09, 20:30 – 21:30",Donaupark,ATTheENDLinz—Linzer Klangwolke 26,presented by Sparkasse OÖ & LINZ AG,CONCERT,12.09,20:30,21:30
Florian Guggenberger,,,,,,,,
Florian Klammer,"WED 09.09, 15:30 – 16:30","Ars Electronica Center, Level 0, Deep Space 8K",Interplayful Environments Part I,Interplayful Environments Part I,EXPERIENCE,09.09,15:30,16:30
Florian Ullrich,,,,,,,,
Florian Weigl,"FRI 11.09, 15:00 – 16:00","Francisco Carolinum, Level 2",Test_Lab: Incompleteness as Reorientation,Test_Lab: Incompleteness as Reorientation,MEET THE ARTIST,11.09,15:00,16:00
forum n,,,,,,,,
Francesca Bria,"THU 10.09, 10:00 – 10:10","Ursulinenhof Linz, Ursulinensaal",Welcome to Contested Futures,Welcome to Contested Futures,INTRO SESSION,10.09,10:00,10:10
Francesca Bria,"THU 10.09, 10:00 – 16:45","Ursulinenhof Linz, Ursulinensaal","Contested Futures – Europe Negotiating Power, Machine, Labour",A one-day forum by the Archipelago of Possible Futures and the S+T+ARTS Day 2026,CONFERENCE,10.09,10:00,16:45
Francesca Bria,"THU 10.09, 11:00 – 11:20","Ursulinenhof Linz, Ursulinensaal",The Authoritarian Stack,The Authoritarian Stack,LECTURE & TALK,10.09,11:00,11:20
Francesca Bria,"THU 10.09, 11:40 – 12:20","Ursulinenhof Linz, Ursulinensaal",Soul or Arsenal?,Soul or Arsenal?,PANEL DISCUSSION,10.09,11:40,12:20
Francesca Brigandi,,,,,,,,
Francesca Brigandí,,,,,,,,
Francesco Restuccia,"WED 09.09, 16:00 – 17:20","Ars Electronica Center, Maindeck",Destituent Laughing Choir,Destituent Laughing Choir,PERFORMANCE,09.09,16:00,17:20
Francesco Restuccia,"THU 10.09, 16:00 – 17:20","Ars Electronica Center, Maindeck",Destituent Laughing Choir,Destituent Laughing Choir,PERFORMANCE,10.09,16:00,17:20
Francesco Restuccia,"FRI 11.09, 16:00 – 17:20","Ars Electronica Center, Maindeck",Destituent Laughing Choir,Destituent Laughing Choir,PERFORMANCE,11.09,16:00,17:20
Francesco Restuccia,"SAT 12.09, 16:00 – 17:20","Ars Electronica Center, Maindeck",Destituent Laughing Choir,Destituent Laughing Choir,PERFORMANCE,12.09,16:00,17:20
Francesco Restuccia,"SUN 13.09, 16:00 – 17:20","Ars Electronica Center, Maindeck",Destituent Laughing Choir,Destituent Laughing Choir,PERFORMANCE,13.09,16:00,17:20
Francine Belinga,,,,,,,,
Franka Fuchs,"WED 09.09, 16:00 – 17:20","Ars Electronica Center, Maindeck",Destituent Laughing Choir,Destituent Laughing Choir,PERFORMANCE,09.09,16:00,17:20
Franka Fuchs,"THU 10.09, 16:00 – 17:20","Ars Electronica Center, Maindeck",Destituent Laughing Choir,Destituent Laughing Choir,PERFORMANCE,10.09,16:00,17:20
Franka Fuchs,"FRI 11.09, 16:00 – 17:20","Ars Electronica Center, Maindeck",Destituent Laughing Choir,Destituent Laughing Choir,PERFORMANCE,11.09,16:00,17:20
Franka Fuchs,"SAT 12.09, 16:00 – 17:20","Ars Electronica Center, Maindeck",Destituent Laughing Choir,Destituent Laughing Choir,PERFORMANCE,12.09,16:00,17:20
Franka Fuchs,"SUN 13.09, 16:00 – 17:20","Ars Electronica Center, Maindeck",Destituent Laughing Choir,Destituent Laughing Choir,PERFORMANCE,13.09,16:00,17:20
Franz Xaver,"THU 10.09, 12:00 – 14:00",Main Square Linz,AI and Property Relations: Who Owns Our Collective Knowledge?,AI and Property Relations: Who Owns Our Collective Knowledge?,WORKSHOP,10.09,12:00,14:00
Freddie Hong,"WED 09.09, 17:00 – 17:30","Ars Electronica Center, Level -3, Open Futurelab",Hello Worlds! Behind the Prototype / Artwork: Deep Mirror & Algorithms in Reflection,How do our technologies see us?,OPEN LAB,09.09,17:00,17:30
Freddie Hong,"SAT 12.09, 17:00 – 17:30","Ars Electronica Center, Level -3, Open Futurelab",Hello Worlds! Behind the Artworks: No Bird & Algorithms in Reflection,How do we share a world?,OPEN LAB,12.09,17:00,17:30
Frederic Heine,,,,,,,,
Frieda Emmrich,"WED 09.09, 17:00 – 18:00","Ars Electronica Center, Level 0, Deep Space 8K",Interplayful Environments Part II,Interplayful Environments Part II,EXPERIENCE,09.09,17:00,18:00
Friedrich Bachinger,"WED 09.09, 13:00 – 13:30","Ars Electronica Center, Level -3, Open Futurelab",Hello Worlds! Behind the Prototype: Hello Worlds! System,How can an exhibition become a platform?,OPEN LAB,09.09,13:00,13:30
Fritzi Mathilda Buhtz,"FRI 11.09, 17:45 – 18:00",Main Square Linz,Post Compost – Forest Reset,Post Compost – Forest Reset,PERFORMANCE,11.09,17:45,18:00
Gabin Bergamini,,,,,,,,
Gabriel Barcia-Colombo,"THU 10.09, 16:30 – 17:30","Ars Electronica Center, Level 0, Deep Space 8K",Onassis ONX Showcase,A selection of moving image works from the Onassis Foundation’s global platform for art and advanced technology,SCREENING,10.09,16:30,17:30
Gabriel Barcia-Colombo,"SUN 13.09, 16:00 – 17:00","Ars Electronica Center, Level 0, Deep Space 8K",Onassis ONX Showcase,A selection of moving image works from the Onassis Foundation’s global platform for art and advanced technology,SCREENING,13.09,16:00,17:00
Gahyeon Park,,,,,,,,
Gaëtan Merminod,,,,,,,,
George Oates,"WED 09.09, 10:00 – 17:00","JKU MED Campus, Administration Building (ADM), JKU medLOFT (9th floor)",Creativity as civic infrastructure: CCIs and digital commons,Creativity as civic infrastructure: CCIs and digital commons,OPEN LAB,09.09,10:00,17:00
Gerfried Stocker,"THU 10.09, 10:00 – 10:10","Ursulinenhof Linz, Ursulinensaal",Welcome to Contested Futures,Welcome to Contested Futures,INTRO SESSION,10.09,10:00,10:10
Gerfried Stocker,"FRI 11.09, 10:00 – 10:15","Ursulinenhof Linz, Ursulinensaal",Opening Remarks,Opening Remarks,LECTURE & TALK,11.09,10:00,10:15
Gerfried Stocker,"FRI 11.09, 11:45 – 11:55","Ursulinenhof Linz, Ursulinensaal",AI for Social Impact Award: Insights from the Jury & Introduction to the Initiative,AI for Social Impact Award: Insights from the Jury & Introduction to the Initiative,LECTURE & TALK,11.09,11:45,11:55
Gerfried Stocker,"SAT 12.09, 11:00 – 12:00","Ars Electronica Center, Level 0, Deep Space 8K",Opening: Living Archives,Opening: Living Archives,EXPERIENCE,12.09,11:00,12:00
Gerfried Stocker,"SAT 12.09, 12:30 – 13:30","OK Linz, voestalpine OPEN SPACE",Town Hall Meeting: Conflict Culture,Town Hall Meeting: Conflict Culture,NETWORKING EVENT,12.09,12:30,13:30
Gerfried Stocker,"SAT 12.09, 13:00 – 15:30","Ursulinenhof Linz, Ursulinensaal",Patterns of Dehumanization,Patterns of Dehumanization,CONFERENCE,12.09,13:00,15:30
Gerhard Funk,"FRI 11.09, 10:30 – 11:30","Ars Electronica Center, Level 0, Deep Space 8K",Minute Paintings / Pictures of an Exhibition,Cooperative Aesthetics,EXPERIENCE,11.09,10:30,11:30
Gerhard Funk,"SUN 13.09, 12:00 – 13:00","Ars Electronica Center, Level 0, Deep Space 8K",Minute Paintings / Pictures of an Exhibition,Cooperative Aesthetics,EXPERIENCE,13.09,12:00,13:00
Gerhard Raab,"WED 09.09, 22:45 – 22:55",St. Mary’s Cathedral,Olivier Messiaen “Apparition de l'Église éternelle”,Olivier Messiaen “Apparition de l'Église éternelle”,CONCERT,09.09,22:45,22:55
Ghazal Hosseini,"WED 09.09, 16:30 – 18:00","Ars Electronica Center, Level 3, Sky Loft",Academic Session: Research Track,Academic Session: Research Track,CONFERENCE,09.09,16:30,18:00
Gi-chan Chung,,,,,,,,
Gisa Schosswohl,"THU 10.09, 10:00 – 13:00",Tabakfabrik,Policy Lab “The Empty Chair”,Negotiating a Strategic Role for Creative Industries and Media Arts in Upper Austria’s Innovation Future,WORKSHOP,10.09,10:00,13:00
God’s Entertainment,,,,,,,,
gold extra,,,,,,,,
gordon fung,,,,,,,,
Gregor Pechmann,"THU 10.09, 10:00 – 11:00","JKU MED Campus, Administration Building (ADM), Infodesk",JKU Art & Science Tour (EN),JKU MED Campus Showcase,GUIDED TOUR,10.09,10:00,11:00
Gregor Pechmann,"FRI 11.09, 10:00 – 11:00","JKU MED Campus, Administration Building (ADM), Infodesk",JKU Art & Science Tour (EN),JKU MED Campus Showcase,GUIDED TOUR,11.09,10:00,11:00
Gregor Pechmann,"SAT 12.09, 11:00 – 12:00","JKU MED Campus, Administration Building (ADM), Infodesk",JKU Art & Science Tour (DE),JKU MED Campus Showcase,GUIDED TOUR,12.09,11:00,12:00
Gregory Lik Hoo Wee,,,,,,,,
Guilherme Ikeda,,,,,,,,
Guilherme Menegasso,,,,,,,,
Guillemette Legrand,,,,,,,,
Guillermo Antiñolo Gil,"SAT 12.09, 11:00 – 12:00",,MEET THE SCIENTIST: ASTER+S > ART ^ GENETICS,"Art, Personalized Medicine and Women",MEET THE ARTIST,12.09,11:00,12:00
Guo Zhengnan,,,,,,,,
Gustav Gressel,"WED 09.09, 14:10 – 15:00","Ursulinenhof Linz, Ursulinensaal",Weaponized Information - Disinformation as a Geopolitical Tool,Weaponized Information - Disinformation as a Geopolitical Tool,PANEL DISCUSSION,09.09,14:10,15:00
Gustiele Fistaról,,,,,,,,
Gyuwon Kim,,,,,,,,
Gökay Atabek,"FRI 11.09, 15:00 – 16:00","Francisco Carolinum, Level 2",Test_Lab: Incompleteness as Reorientation,Test_Lab: Incompleteness as Reorientation,MEET THE ARTIST,11.09,15:00,16:00
Günter Wallner,,,,,,,,
h.o,,,,,,,,
Hala Amer,,,,,,,,
Hamin Shin,,,,,,,,
Hanif Haghtalab,"WED 09.09, 16:30 – 18:00","Ars Electronica Center, Level 3, Sky Loft",Academic Session: Research Track,Academic Session: Research Track,CONFERENCE,09.09,16:30,18:00
Hanifa Hannan,"08.09, 22:00 – 23:00","Ars Electronica Center, Façade",Urban Screen Lab,Urban Screen Lab,PROJECT,08.09,22:00,23:00
Hanifa Hannan,"WED 09.09, 22:00 – 23:00","Ars Electronica Center, Façade",Urban Screen Lab,Urban Screen Lab,PROJECT,09.09,22:00,23:00
Hanifa Hannan,"THU 10.09, 22:00 – 23:00","Ars Electronica Center, Façade",Urban Screen Lab,Urban Screen Lab,PROJECT,10.09,22:00,23:00
Hanifa Hannan,"SUN 13.09, 22:00 – 23:00","Ars Electronica Center, Façade",Urban Screen Lab,Urban Screen Lab,PROJECT,13.09,22:00,23:00
Hanita Hajiabolhassan,,,,,,,,
Hanna Kortus,,,,,,,,
Hannah Lee,,,,,,,,
Hannes Buchwieser,"FRI 11.09, 17:00 – 17:45","Ars Electronica Center, Level -1",Alien in the Closet,Alien in the Closet,PERFORMANCE,11.09,17:00,17:45
Hannes Wizany,,,,,,,,
Hansi Raber,,,,,,,,
Hao Li,,,,,,,,
HaoChen Li,,,,,,,,
Haoran Zhang,,,,,,,,
Hari Krishnan Subramaniyan,,,,,,,,
Harry Keller,"WED 09.09, 16:00 – 17:00","Ursulinenhof Linz, Ursulinensaal",Designing the Digital Public: Building Spaces for Democratic Negotiation,Designing the Digital Public: Building Spaces for Democratic Negotiation,PANEL DISCUSSION,09.09,16:00,17:00
Hassan Wakaf,,,,,,,,
Heba Y. Amin,,,,,,,,
Heike Kaltenbrunner,"SAT 12.09, 21:45 – 22:45",Stadtwerkstatt,Never In Our Image – Gun Destruction Opera,Never In Our Image – Gun Destruction Opera,PERFORMANCE,12.09,21:45,22:45
Heike Kaltenbrunner & Guests,"SAT 12.09, 21:45 – 22:45",Stadtwerkstatt,Never In Our Image – Gun Destruction Opera,Never In Our Image – Gun Destruction Opera,PERFORMANCE,12.09,21:45,22:45
Heiko Tubbesing,,,,,,,,
Helene Burtscher,"SAT 12.09, 13:30 – 15:30","Ursulinenhof Linz, Gewölbesaal",The Virus Stories We Carry,Encounters at the Human Scale,WORKSHOP,12.09,13:30,15:30
Helene Mondria,"FRI 11.09, 17:00 – 19:00",,Crafting Futures Aperitif: Liquid Archives,Crafting Futures Aperitif: Liquid Archives,WORKSHOP,11.09,17:00,19:00
Hengyu Meng,,,,,,,,
Henrik Palmer,,,,,,,,
Herbert Kotschnig,"FRI 11.09, 12:00 – 12:30",Main Square Linz,The Elon Musk Antagonist,The Elon Musk Antagonist,PERFORMANCE,11.09,12:00,12:30
Herbert Kotschnig,"FRI 11.09, 17:30 – 17:45",Main Square Linz,The Elon Musk Antagonist,The Elon Musk Antagonist,PERFORMANCE,11.09,17:30,17:45
Herzent Emil Anak Bita,,,,,,,,
Hideaki Ogawa,"FRI 11.09, 13:30 – 14:15","Ars Electronica Center, Level -3, Open Futurelab",Networking: Art Thinking,Networking: Art Thinking,NETWORKING EVENT,11.09,13:30,14:15
Hideaki Ogawa,"FRI 11.09, 14:30 – 15:30","OK Linz, voestalpine OPEN SPACE",Town Hall Meeting: Hello Worlds!,Negotiating Humanity through Art × Industry × Research,NETWORKING EVENT,11.09,14:30,15:30
Hisko Hulsing,"FRI 11.09, 14:30 – 16:00","Ars Electronica Center, Level 3, Sky Loft",ASIFA Austria Forum: Current Perspectives,Moderated by Reinhold Bidner (AT),CONFERENCE,11.09,14:30,16:00
Hito Steyerl,"THU 10.09, 11:20 – 11:40","Ursulinenhof Linz, Ursulinensaal",Mechanical Kurds,Performance-lecture,LECTURE & TALK,10.09,11:20,11:40
Hito Steyerl,"THU 10.09, 11:40 – 12:20","Ursulinenhof Linz, Ursulinensaal",Soul or Arsenal?,Soul or Arsenal?,PANEL DISCUSSION,10.09,11:40,12:20
Hito Steyerl,"FRI 11.09, 10:15 – 10:45","Ursulinenhof Linz, Ursulinensaal",Opening Keynote,Opening Keynote,KEYNOTE,11.09,10:15,10:45
Hito Steyerl,"FRI 11.09, 16:00 – 17:30",Lentos Kunstmuseum,Artist Walk Tour: Negotiating Humanity,Artist Walk Tour: Negotiating Humanity,GUIDED TOUR,11.09,16:00,17:30
Hojin Yoo,,,,,,,,
Holunder Heiss,"WED 09.09, 17:00 – 18:00","Ars Electronica Center, Level 0, Deep Space 8K",Interplayful Environments Part II,Interplayful Environments Part II,EXPERIENCE,09.09,17:00,18:00
Holunder Heiß,,,,,,,,
Hong Chen,,,,,,,,
Hoonida Kim,,,,,,,,
hosted by Creative Region,"THU 10.09, 10:00 – 13:00",Tabakfabrik,Policy Lab “The Empty Chair”,Negotiating a Strategic Role for Creative Industries and Media Arts in Upper Austria’s Innovation Future,WORKSHOP,10.09,10:00,13:00
Hsianghua Chang,"THU 10.09, 10:00 – 11:30","Ars Electronica Center, Level 3, Sky Loft",Academic Session: Art Track #3 Control,Academic Session: Art Track #3 Control,CONFERENCE,10.09,10:00,11:30
HsienYu Cheng,,,,,,,,
Hsin-Yi Lin,,,,,,,,
Hsin-Yuan Ho,"WED 09.09, 17:30 – 22:00","University of Arts Linz, Hauptplatz 6 (East Building), Courtyard",Sound Campus (WED 9.9.),Listening Underground,PROJECT,09.09,17:30,22:00
Hungaro Media,"WED 09.09, 20:25 – 20:45",St. Mary’s Cathedral,Declaring Humanity,Declaring Humanity,PERFORMANCE,09.09,20:25,20:45
Hyeeun Lee,,,,,,,,
I-ID,,,,,,,,
Iana Miranda Carmé,,,,,,,,
Ida Jahr,"WED 09.09, 12:30 – 14:30","Ursulinenhof Linz, Gewölbesaal",NE #00: New Embeddings of/for Artistic Intelligence,A workshop to form new neighborhoods of/for artistic intelligence,WORKSHOP,09.09,12:30,14:30
Ignacio Mora Pérez,,,,,,,,
Ilaria Hoppe,"FRI 11.09, 14:00 – 14:30","Catholic Private University Linz, Courtyard",Robertina Šebjanič – Journal from the TARA expedition vessel: Echoes of the Abyss,Robertina Šebjanič – Journal from the TARA expedition vessel: Echoes of the Abyss,LECTURE & TALK,11.09,14:00,14:30
Ilja Mirsky,"WED 09.09, 16:30 – 18:00","Ars Electronica Center, Level 3, Sky Loft",Academic Session: Research Track,Academic Session: Research Track,CONFERENCE,09.09,16:30,18:00
IMPAKT,,,,,,,,
Imrich Vasko,,,,,,,,
INFERSTUDIO,"SAT 12.09, 16:00 – 18:00","Ursulinenhof Linz, Gewölbesaal",Prototyping Fictions: Workshop and Screening of Ocean Futurisms,Prototyping Fictions: Workshop and Screening of Ocean Futurisms,WORKSHOP,12.09,16:00,18:00
Ingeborg Bachmann,,,,,,,,
Ingeborg Reichle,"FRI 11.09, 16:30 – 17:30","OK Linz, voestalpine OPEN SPACE","NaturArchy: Curating Across Art, Science, Policymaking","NaturArchy: Curating Across Art, Science, Policymaking",NETWORKING EVENT,11.09,16:30,17:30
Ingrid Graz,,,,,,,,
Ioana Vreme Moser,"SUN 13.09, 12:30 – 13:15","Ursulinenhof Linz, Ursulinensaal",Fluid Media,Fluid Media,PANEL DISCUSSION,13.09,12:30,13:15
Iohanna Nicenboim,"FRI 11.09, 14:00 – 17:00",IT:U Digital City Studio Linz,What we can hear and cannot understand,Posthuman Radio: A Sonic Cabaret. LIVE,PERFORMANCE,11.09,14:00,17:00
Iohanna Nicenboim,"SAT 12.09, 14:00 – 17:00",IT:U Digital City Studio Linz,Where perception happens,Posthuman Radio: A Sonic Cabaret. LIVE,PERFORMANCE,12.09,14:00,17:00
Iohanna Nicenboim,"SUN 13.09, 12:00 – 14:30",IT:U Digital City Studio Linz,The speculative edge,Posthuman Radio: A Sonic Cabaret. LIVE,PERFORMANCE,13.09,12:00,14:30
Ionian Academy,"FRI 11.09, 15:00 – 20:00","Anton Bruckner University, Garden",DodekaOTTO Open-Air Listening Experience,DodekaOTTO Open-Air Listening Experience,CONCERT,11.09,15:00,20:00
Ionian Academy,"SAT 12.09, 15:00 – 20:00","Anton Bruckner University, Garden",DodekaOTTO Open-Air Listening Experience,DodekaOTTO Open-Air Listening Experience,CONCERT,12.09,15:00,20:00
IQOQI Vienna,"WED 09.09, 14:30 – 15:00","Ars Electronica Center, Level 0, Deep Space 8K",Quantum Zoom – The First Chapter,Quantum Zoom – The First Chapter,EXPERIENCE,09.09,14:30,15:00
IQOQI Vienna,"FRI 11.09, 14:30 – 15:30","Ars Electronica Center, Level 0, Deep Space 8K",Quantum Zoom – The First Chapter,Quantum Zoom – The First Chapter,EXPERIENCE,11.09,14:30,15:30
Irene Posch,"THU 10.09, 11:00 – 13:00",,Crafting Futures Lab: Pulling. Weaving. Connecting. Threads,Crafting Futures Lab: Pulling. Weaving. Connecting. Threads,WORKSHOP,10.09,11:00,13:00
Irene Posch,"FRI 11.09, 17:00 – 19:00",,Crafting Futures Aperitif: Liquid Archives,Crafting Futures Aperitif: Liquid Archives,WORKSHOP,11.09,17:00,19:00
Irene Quiñonero Puey,,,,,,,,
Irina Paraschivoiu,,,,,,,,
Isabel Linzer,"WED 09.09, 12:50 – 13:50","Ursulinenhof Linz, Ursulinensaal","From Outrage to Influence: How Psychology, Creators and Platforms Shape Political Debate","From Outrage to Influence: How Psychology, Creators and Platforms Shape Political Debate",PANEL DISCUSSION,09.09,12:50,13:50
Isabelle Carvalho,,,,,,,,
Itamar Gov,,,,,,,,
Ivan Krastev,,,,,,,,
Ivan Sukovic,"FRI 11.09, 11:00 – 20:00",,Leonardo LASER Talks Linz – Lab Songs Vol. III: Stardust Paella,Lab Songs Vol. III – Sobremesas,LECTURE & TALK,11.09,11:00,20:00
Ivan Sukovic,"FRI 11.09, 14:00 – 15:30","OK Platz, WE GUIDE YOU Meeting Point",Artist Walk Tour: Negotiating Beyond Humanity,Artist Walk Tour: Negotiating Beyond Humanity,GUIDED TOUR,11.09,14:00,15:30
Ivan Šuković,"FRI 11.09, 14:00 – 15:30","OK Platz, WE GUIDE YOU Meeting Point",Artist Walk Tour: Negotiating Beyond Humanity,Artist Walk Tour: Negotiating Beyond Humanity,GUIDED TOUR,11.09,14:00,15:30
Ivana Druzetic-Vogel,,,,,,,,
Ivonne Gracia Murillo,,,,,,,,
Ivy Zhang,,,,,,,,
Iz Paehr,,,,,,,,
J San,"FRI 11.09, 18:00 – 19:00",C. Bechstein Centrum Linz,The Unsettled,The Unsettled,CONCERT,11.09,18:00,19:00
J San,"SAT 12.09, 18:00 – 19:00",C. Bechstein Centrum Linz,The Unsettled,The Unsettled,CONCERT,12.09,18:00,19:00
Jack Conwell,,,,,,,,
Jacob Finch,,,,,,,,
Jagoda Golińska,"THU 10.09, 12:00 – 13:00",,MEET THE ARTIST: Capital Dream,MEET THE ARTIST: Capital Dream,MEET THE ARTIST,10.09,12:00,13:00
Jaime de los Rios,"FRI 11.09, 11:00 – 13:00","Ursulinenhof Linz, Gewölbesaal","Media Art Practice: collaborate, conserve, context and intentionality","Media Art Practice: collaborate, conserve, context and intentionality",WORKSHOP,11.09,11:00,13:00
Jaime de los Ríos,"FRI 11.09, 11:00 – 13:00","Ursulinenhof Linz, Gewölbesaal","Media Art Practice: collaborate, conserve, context and intentionality","Media Art Practice: collaborate, conserve, context and intentionality",WORKSHOP,11.09,11:00,13:00
JAJACK MOVEMENT,"WED 09.09, 19:30 – 20:00","Ars Electronica Center, Level 0, Deep Space 8K",Samsara of Blossom: Resonance,Reimagining Traditional Korean Aesthetics through Media Art,PERFORMANCE,09.09,19:30,20:00
Jakub Piotr Rammel,,,,,,,,
Jakub Varga,,,,,,,,
Jakub Vranek,,,,,,,,
JALEN MESS – FM4,"THU 10.09, 19:00 – 20:00",Main Square Linz,Listen To Each Oida: JALEN MESS,Listen To Each Oida: JALEN MESS,PERFORMANCE,10.09,19:00,20:00
James She,"THU 10.09, 14:30 – 16:00","Ars Electronica Center, Level 3, Sky Loft",Birds of a Feather: Connecting Media Art Research,Moderated by Juergen Hagler (AT),CONFERENCE,10.09,14:30,16:00
Jamie Allen,"SUN 13.09, 12:30 – 13:15","Ursulinenhof Linz, Ursulinensaal",Fluid Media,Fluid Media,PANEL DISCUSSION,13.09,12:30,13:15
Jan Beyer,"WED 09.09, 14:10 – 15:00","Ursulinenhof Linz, Ursulinensaal",Weaponized Information - Disinformation as a Geopolitical Tool,Weaponized Information - Disinformation as a Geopolitical Tool,PANEL DISCUSSION,09.09,14:10,15:00
Jan David Smeddinck,,,,,,,,
Jan Feetje Gemmeke,"08.09, 22:00 – 23:00","Ars Electronica Center, Façade",Urban Screen Lab,Urban Screen Lab,PROJECT,08.09,22:00,23:00
Jan Feetje Gemmeke,"WED 09.09, 22:00 – 23:00","Ars Electronica Center, Façade",Urban Screen Lab,Urban Screen Lab,PROJECT,09.09,22:00,23:00
Jan Feetje Gemmeke,"THU 10.09, 22:00 – 23:00","Ars Electronica Center, Façade",Urban Screen Lab,Urban Screen Lab,PROJECT,10.09,22:00,23:00
Jan Feetje Gemmeke,"SUN 13.09, 22:00 – 23:00","Ars Electronica Center, Façade",Urban Screen Lab,Urban Screen Lab,PROJECT,13.09,22:00,23:00
Jan Munske,"FRI 11.09, 17:45 – 18:00",Main Square Linz,Post Compost – Forest Reset,Post Compost – Forest Reset,PERFORMANCE,11.09,17:45,18:00
Jan Nicola Beyer,"WED 09.09, 14:10 – 15:00","Ursulinenhof Linz, Ursulinensaal",Weaponized Information - Disinformation as a Geopolitical Tool,Weaponized Information - Disinformation as a Geopolitical Tool,PANEL DISCUSSION,09.09,14:10,15:00
Jan Schlüter,,,,,,,,
Jan Smeddinck,,,,,,,,
Jan Zuiderveld,"FRI 11.09, 14:30 – 15:30","OK Linz, voestalpine OPEN SPACE",Town Hall Meeting: Hello Worlds!,Negotiating Humanity through Art × Industry × Research,NETWORKING EVENT,11.09,14:30,15:30
Jan Zuiderveld,"FRI 11.09, 17:00 – 17:30","Ars Electronica Center, Level -3, Open Futurelab",Hello Worlds! Behind the Prototype: Interbeing Lab (Corpus Corax & Conversations Beyond the Ordinary),Why do we want to talk to things?,OPEN LAB,11.09,17:00,17:30
Jana Welte,"FRI 11.09, 11:00 – 12:00","JKU MED Campus, Laboratory Building (LAB), Level 1, JKU medSPACE",Austrian Panorama,Austrian Panorama,SCREENING,11.09,11:00,12:00
Janine Weger,,,,,,,,
Janja Dörsch,"WED 09.09, 16:00 – 17:30",,Negotiating Knowledge: Trust in Science in the Digital Age,Negotiating Knowledge: Trust in Science in the Digital Age,OPEN LAB,09.09,16:00,17:30
Jaron Ghani,"WED 09.09, 15:00 – 18:00","Ars Electronica Center, Level -1, Seminar Room",National Gallery Dreaming,National Gallery Dreaming,PROJECT,09.09,15:00,18:00
Jaron Ghani,"THU 10.09, 15:00 – 18:00","Ars Electronica Center, Level -1, Seminar Room",National Gallery Dreaming,National Gallery Dreaming,PROJECT,10.09,15:00,18:00
Jaron Ghani,"FRI 11.09, 15:00 – 18:00","Ars Electronica Center, Level -1, Seminar Room",National Gallery Dreaming,National Gallery Dreaming,PROJECT,11.09,15:00,18:00
Jaron Ghani,"SAT 12.09, 15:00 – 18:00","Ars Electronica Center, Level -1, Seminar Room",National Gallery Dreaming,National Gallery Dreaming,PROJECT,12.09,15:00,18:00
Jaron Ghani,"SAT 12.09, 17:30 – 18:30","Ars Electronica Center, Level -3, Open Futurelab",From Collection to Connection,Past Forward / Cultural Heritage in Motion,PANEL DISCUSSION,12.09,17:30,18:30
Jason Salavon et al,,,,,,,,
Jason Thomas Chew,,,,,,,,
Jaya Klara Brekke,"WED 09.09, 16:00 – 17:00","Ursulinenhof Linz, Ursulinensaal",Designing the Digital Public: Building Spaces for Democratic Negotiation,Designing the Digital Public: Building Spaces for Democratic Negotiation,PANEL DISCUSSION,09.09,16:00,17:00
Jaya Klara Brekke,"THU 10.09, 14:20 – 14:50","Ursulinenhof Linz, Ursulinensaal","What Alternatives? Power, Labour, Planet","What Alternatives? Power, Labour, Planet",PANEL DISCUSSION,10.09,14:20,14:50
Jeanine Verloop,,,,,,,,
Jelle Korevaar,,,,,,,,
Jenna Caravello,"WED 09.09, 10:00 – 11:30","Ars Electronica Center, Level 3, Sky Loft",Expanded Play Gallery,Moderated by Jeremiah Diephuis (GB/AT),CONFERENCE,09.09,10:00,11:30
Jennifer Volk,"WED 09.09, 10:00 – 17:00","JKU MED Campus, Administration Building (ADM), JKU medLOFT (9th floor)",Creativity as civic infrastructure: CCIs and digital commons,Creativity as civic infrastructure: CCIs and digital commons,OPEN LAB,09.09,10:00,17:00
Jens Hauser,"SAT 12.09, 11:00 – 20:00",,Leonardo LASER Talks Linz – Lab Songs Vol. III: Quantum Vermouth,Lab Songs Vol. III – Sobremesas,LECTURE & TALK,12.09,11:00,20:00
Jerry Tuan,"FRI 11.09, 11:05 – 11:45","Ursulinenhof Linz, Ursulinensaal",Who Shapes the Future?,Who Shapes the Future?,LECTURE & TALK,11.09,11:05,11:45
Jessica Lao Domínguez,,,,,,,,
Jessikka Aro,"WED 09.09, 14:10 – 15:00","Ursulinenhof Linz, Ursulinensaal",Weaponized Information - Disinformation as a Geopolitical Tool,Weaponized Information - Disinformation as a Geopolitical Tool,PANEL DISCUSSION,09.09,14:10,15:00
Jhih-En Wu,,,,,,,,
Ji-hyun Paeng,,,,,,,,
Jiajian Min,,,,,,,,
Jiakun Pei,,,,,,,,
Jian Deng,,,,,,,,
Jian Wei,,,,,,,,
Jiayi Gu,,,,,,,,
Jieun Kim,,,,,,,,
Jieyuan Huang,,,,,,,,
Jill Scott,"THU 10.09, 17:00 – 18:00","OK Linz, voestalpine OPEN SPACE",ECOfem Media Art Stammtisch,"Women in Art, Science and Body Politics",NETWORKING EVENT,10.09,17:00,18:00
Jingwen Luo,,,,,,,,
Jisoo Lim,,,,,,,,
Joann Lee,"THU 10.09, 19:00 – 19:30","Ars Electronica Center, Level 0, Deep Space 8K",[not] breaking the cycle,[not] breaking the cycle,PERFORMANCE,10.09,19:00,19:30
Jocelyne Rodríguez Droguett,,,,,,,,
Joey Verbeke,,,,,,,,
Johann Joesten,"FRI 11.09, 17:45 – 18:00",Main Square Linz,Post Compost – Forest Reset,Post Compost – Forest Reset,PERFORMANCE,11.09,17:45,18:00
Johann Steinegger,"SUN 13.09, 13:30 – 14:00","Ars Electronica Center, Level 0, Deep Space 8K",Urban Metamorphosis. Sketches of Tomorrow.,Rethinking the City Through Climate Adaptation.,EXPERIENCE,13.09,13:30,14:00
Johannes Grafinger,,,,,,,,
Johannes Hiemetsberger,"WED 09.09, 20:25 – 20:45",St. Mary’s Cathedral,Declaring Humanity,Declaring Humanity,PERFORMANCE,09.09,20:25,20:45
Johannes Hiemetsberger,"WED 09.09, 21:30 – 21:40",St. Mary’s Cathedral,Thomas Tallis: “Lamentationes Jeremiae I”,Thomas Tallis: “Lamentationes Jeremiae I”,CONCERT,09.09,21:30,21:40
Johannes Hiemetsberger,"WED 09.09, 21:40 – 22:00",St. Mary’s Cathedral,"Cassandra Miller: “City, full of people”","Cassandra Miller: “City, full of people”",CONCERT,09.09,21:40,22:00
Johannes Pröll,"THU 10.09, 13:30 – 14:10",,Genome Sonification,Show Me Your Face: The Power of Becoming,CONCERT,10.09,13:30,14:10
Johannes Pröll,"FRI 11.09, 16:00 – 16:40",,Genome Sonification,Show Me Your Face: The Power of Becoming,CONCERT,11.09,16:00,16:40
Johannes Pröll,"SUN 13.09, 12:00 – 13:30","JKU MED Campus, Administration Building (ADM), JKU medLOFT (9th floor)",KEPLER SALON EXTRA EXTERN: SHOW ME YOUR FACE,The Power of Becoming,LECTURE & TALK,13.09,12:00,13:30
Johannes Pöll,"FRI 11.09, 13:00 – 13:30","Ars Electronica Center, Level -3, Open Futurelab",Hello Worlds! Behind the Prototype: Resonance Loom,How do weaving and AI shape each other?,OPEN LAB,11.09,13:00,13:30
John Palmesino,"WED 09.09, 12:00 – 13:00","OK Linz, voestalpine OPEN SPACE",Updating the Great Acceleration Charts: New Signals for a Changing World,Updating the Great Acceleration Charts: New Signals for a Changing World,NETWORKING EVENT,09.09,12:00,13:00
John Stack,"WED 09.09, 15:00 – 18:00","Ars Electronica Center, Level -1, Seminar Room",National Gallery Dreaming,National Gallery Dreaming,PROJECT,09.09,15:00,18:00
John Stack,"THU 10.09, 15:00 – 18:00","Ars Electronica Center, Level -1, Seminar Room",National Gallery Dreaming,National Gallery Dreaming,PROJECT,10.09,15:00,18:00
John Stack,"FRI 11.09, 15:00 – 18:00","Ars Electronica Center, Level -1, Seminar Room",National Gallery Dreaming,National Gallery Dreaming,PROJECT,11.09,15:00,18:00
John Stack,"SAT 12.09, 15:00 – 18:00","Ars Electronica Center, Level -1, Seminar Room",National Gallery Dreaming,National Gallery Dreaming,PROJECT,12.09,15:00,18:00
John Stack,"SAT 12.09, 17:30 – 18:30","Ars Electronica Center, Level -3, Open Futurelab",From Collection to Connection,Past Forward / Cultural Heritage in Motion,PANEL DISCUSSION,12.09,17:30,18:30
Jon Marius Aareskjold-Drecker,"WED 09.09, 12:30 – 14:30","Ursulinenhof Linz, Gewölbesaal",NE #00: New Embeddings of/for Artistic Intelligence,A workshop to form new neighborhoods of/for artistic intelligence,WORKSHOP,09.09,12:30,14:30
Jon Roozenbeek,"WED 09.09, 12:50 – 13:50","Ursulinenhof Linz, Ursulinensaal","From Outrage to Influence: How Psychology, Creators and Platforms Shape Political Debate","From Outrage to Influence: How Psychology, Creators and Platforms Shape Political Debate",PANEL DISCUSSION,09.09,12:50,13:50
Jonty Harrison,"SAT 12.09, 20:00 – 21:00","Anton Bruckner University, Sonic Lab",MEDIUM SONORUM – Closing Concert,MEDIUM SONORUM – Closing Concert,CONCERT,12.09,20:00,21:00
Joo-young Bae,,,,,,,,
Jood Elbeshti,,,,,,,,
Joreg,"WED 09.09, 13:00 – 18:00",PopUp Store,Creative Coding Open House (WED 9.9.),Stop by to find out what Creative coding is and how you can get started.,OPEN LAB,09.09,13:00,18:00
Joreg,"THU 10.09, 13:00 – 18:00",PopUp Store,Creative Coding Open House (THU 10.9.),Creative Coding Buffet,OPEN LAB,10.09,13:00,18:00
Joreg,"FRI 11.09, 13:00 – 18:00",PopUp Store,Creative Coding Open House (FRI 11.9.),Contributing to Creative Coding,OPEN LAB,11.09,13:00,18:00
Joreg,"SAT 12.09, 13:00 – 18:00",PopUp Store,Creative Coding Open House (SAT 12.9.),Discover vvvv - learn to code with nodes!,OPEN LAB,12.09,13:00,18:00
Joreg,"SUN 13.09, 13:00 – 18:00",PopUp Store,Creative Coding Open House (SUN 13.9.),Processing Community Day,OPEN LAB,13.09,13:00,18:00
Jorge Kawamura,,,,,,,,
Jose Luis de Vicente,"THU 10.09, 10:00 – 10:10","Ursulinenhof Linz, Ursulinensaal",Welcome to Contested Futures,Welcome to Contested Futures,INTRO SESSION,10.09,10:00,10:10
Jose Luis de Vicente,"THU 10.09, 10:00 – 16:45","Ursulinenhof Linz, Ursulinensaal","Contested Futures – Europe Negotiating Power, Machine, Labour",A one-day forum by the Archipelago of Possible Futures and the S+T+ARTS Day 2026,CONFERENCE,10.09,10:00,16:45
Jose Luis de Vicente,"THU 10.09, 16:35 – 16:45","Ursulinenhof Linz, Ursulinensaal",Closing—Coexistence and Possible Futures,Closing—Coexistence and Possible Futures,LECTURE & TALK,10.09,16:35,16:45
Joseph Herscher,"WED 09.09, 14:00 – 15:00",,Artist Q&A with Joseph Herscher,Artist Q&A with Joseph Herscher,MEET THE ARTIST,09.09,14:00,15:00
Joseph Herscher,"THU 10.09, 14:00 – 15:00",,Artist Q&A with Joseph Herscher,Artist Q&A with Joseph Herscher,MEET THE ARTIST,10.09,14:00,15:00
Joseph Herscher,"FRI 11.09, 14:00 – 15:00",,Artist Q&A with Joseph Herscher,Artist Q&A with Joseph Herscher,MEET THE ARTIST,11.09,14:00,15:00
Joseph Herscher,"SAT 12.09, 14:00 – 15:00",,Artist Q&A with Joseph Herscher,Artist Q&A with Joseph Herscher,MEET THE ARTIST,12.09,14:00,15:00
Joseph Herscher,"SUN 13.09, 14:00 – 15:00",,Artist Q&A with Joseph Herscher,Artist Q&A with Joseph Herscher,MEET THE ARTIST,13.09,14:00,15:00
Joseph Whitmore,,,,,,,,
Josephine Zacher,"WED 09.09, 16:00 – 17:20","Ars Electronica Center, Maindeck",Destituent Laughing Choir,Destituent Laughing Choir,PERFORMANCE,09.09,16:00,17:20
Josephine Zacher,"THU 10.09, 16:00 – 17:20","Ars Electronica Center, Maindeck",Destituent Laughing Choir,Destituent Laughing Choir,PERFORMANCE,10.09,16:00,17:20
Josephine Zacher,"FRI 11.09, 16:00 – 17:20","Ars Electronica Center, Maindeck",Destituent Laughing Choir,Destituent Laughing Choir,PERFORMANCE,11.09,16:00,17:20
Josephine Zacher,"SAT 12.09, 16:00 – 17:20","Ars Electronica Center, Maindeck",Destituent Laughing Choir,Destituent Laughing Choir,PERFORMANCE,12.09,16:00,17:20
Josephine Zacher,"SUN 13.09, 16:00 – 17:20","Ars Electronica Center, Maindeck",Destituent Laughing Choir,Destituent Laughing Choir,PERFORMANCE,13.09,16:00,17:20
Joshua Chelakkattuparambil,,,,,,,,
Josseline Engeler,"THU 10.09, 17:00 – 19:00",,Crafting Futures Lab: Unearthing Taste,Crafting Futures Lab: Unearthing Taste,WORKSHOP,10.09,17:00,19:00
José Luis de Vicente,"THU 10.09, 10:00 – 10:10","Ursulinenhof Linz, Ursulinensaal",Welcome to Contested Futures,Welcome to Contested Futures,INTRO SESSION,10.09,10:00,10:10
José Luis de Vicente,"THU 10.09, 16:35 – 16:45","Ursulinenhof Linz, Ursulinensaal",Closing—Coexistence and Possible Futures,Closing—Coexistence and Possible Futures,LECTURE & TALK,10.09,16:35,16:45
José Navarro,"FRI 11.09, 20:00 – 21:00","Anton Bruckner University, Sonic Lab","400 Lunas – Music, Dance, Moving Image and Spatial Audio",LLUVIA DE PALOS – KUAUHKIAUHTZINTLI,CONCERT,11.09,20:00,21:00
Jotta Trejo Tinoco,,,,,,,,
Juan Castañeda,"THU 10.09, 18:00 – 22:00","University of Arts Linz, Hauptplatz 6 (East Building), Courtyard",Sound Campus (THU 10.9.),Listening Underground,PROJECT,10.09,18:00,22:00
Judith Gattermayr,,,,,,,,
Jue Wang,,,,,,,,
Juergen Hagler,"THU 10.09, 14:30 – 16:00","Ars Electronica Center, Level 3, Sky Loft",Birds of a Feather: Connecting Media Art Research,Moderated by Juergen Hagler (AT),CONFERENCE,10.09,14:30,16:00
Juergen Hagler,"FRI 11.09, 13:30 – 14:00","Ars Electronica Center, Level 0, Deep Space 8K",Interactive Brosch – Red Dinosaurs,AI-generated Navigable Spaces for Exploring Art Archives,EXPERIENCE,11.09,13:30,14:00
Juergen Hagler,"SAT 12.09, 15:00 – 15:30","Ars Electronica Center, Level 0, Deep Space 8K",Interactive Brosch – Red Dinosaurs,AI-generated Navigable Spaces for Exploring Art Archives,EXPERIENCE,12.09,15:00,15:30
Juice Shuting Cui,"THU 10.09, 16:30 – 18:00","Ars Electronica Center, Level 3, Sky Loft",Academic Session: Art Track #5 More-than-Human,Academic Session: Art Track #5 More-than-Human,CONFERENCE,10.09,16:30,18:00
Jule Potthast,"08.09, 22:00 – 23:00","Ars Electronica Center, Façade",Urban Screen Lab,Urban Screen Lab,PROJECT,08.09,22:00,23:00
Jule Potthast,"WED 09.09, 22:00 – 23:00","Ars Electronica Center, Façade",Urban Screen Lab,Urban Screen Lab,PROJECT,09.09,22:00,23:00
Jule Potthast,"THU 10.09, 22:00 – 23:00","Ars Electronica Center, Façade",Urban Screen Lab,Urban Screen Lab,PROJECT,10.09,22:00,23:00
Jule Potthast,"SUN 13.09, 22:00 – 23:00","Ars Electronica Center, Façade",Urban Screen Lab,Urban Screen Lab,PROJECT,13.09,22:00,23:00
Julia Herzog,,,,,,,,
Julia Kloiber,"THU 10.09, 13:30 – 14:00","Ursulinenhof Linz, Ursulinensaal",The Data Workers’ Inquiry: In Their Own Words,The Data Workers’ Inquiry: In Their Own Words,LECTURE & TALK,10.09,13:30,14:00
Julia Kloiber,"THU 10.09, 14:20 – 14:50","Ursulinenhof Linz, Ursulinensaal","What Alternatives? Power, Labour, Planet","What Alternatives? Power, Labour, Planet",PANEL DISCUSSION,10.09,14:20,14:50
Julia Moser,"WED 09.09, 14:00 – 16:00",,Crafting Futures Lab: Re-membering our Seeds,Crafting Futures Lab: Re-membering our Seeds,WORKSHOP,09.09,14:00,16:00
Julia Moser,"THU 10.09, 17:00 – 19:00",,Crafting Futures Lab: Unearthing Taste,Crafting Futures Lab: Unearthing Taste,WORKSHOP,10.09,17:00,19:00
Julia Moser,"FRI 11.09, 17:00 – 19:00",,Crafting Futures Aperitif: Liquid Archives,Crafting Futures Aperitif: Liquid Archives,WORKSHOP,11.09,17:00,19:00
Julia Staudach,"WED 09.09, 15:00 – 15:30",Francisco Carolinum,Artist Tour with Ana María Caballero and Curator Julia Staudach: “READ THE ROOM”,Artist Tour with Ana María Caballero and Curator Julia Staudach: “READ THE ROOM”,GUIDED TOUR,09.09,15:00,15:30
Julia Staudach,"WED 09.09, 15:30 – 16:00",Francisco Carolinum,Curator’s Tour with Julia Staudach: “Collection Francisco Carolinum”,Curator’s Tour with Julia Staudach: “Collection Francisco Carolinum”,GUIDED TOUR,09.09,15:30,16:00
Julia Staudach,"WED 09.09, 17:00 – 18:00",Francisco Carolinum,Patterns & Politics: Book Presentation and Panel,Patterns & Politics: Book Presentation and Panel,LECTURE & TALK,09.09,17:00,18:00
Julia Staudach,"THU 10.09, 16:00 – 17:00",Francisco Carolinum,Artist Tour with Ana María Caballero and Curator Julia Staudach: “READ THE ROOM”,Artist Tour with Ana María Caballero and Curator Julia Staudach: “READ THE ROOM”,GUIDED TOUR,10.09,16:00,17:00
Julian Pixel Schmiederer,"WED 09.09, 20:25 – 20:45",St. Mary’s Cathedral,Declaring Humanity,Declaring Humanity,PERFORMANCE,09.09,20:25,20:45
Julian Watzinger,,,,,,,,
Julius Wenk,,,,,,,,
Jun-seo Hong,,,,,,,,
Junji Watanabe,,,,,,,,
Junming Chen,,,,,,,,
Junye Ren,,,,,,,,
Juyoung Lee,,,,,,,,
Jürgen Guldner,"WED 09.09, 14:30 – 15:30",Hotel Schwarzer Bär,"Panel Discussion: Hydrogen and the road ahead: perspectives from Art, Society and BMW","Panel Discussion: Hydrogen and the road ahead: perspectives from Art, Society and BMW",PANEL DISCUSSION,09.09,14:30,15:30
Jürgen Guldner,"WED 09.09, 17:00 – 17:10",splace,BMW Hydrogen Strategy (DE),BMW Hydrogen Strategy (DE),LECTURE & TALK,09.09,17:00,17:10
Jürgen Guldner,"WED 09.09, 18:00 – 18:10",splace,BMW Hydrogen Strategy (EN),BMW Hydrogen Strategy (EN),LECTURE & TALK,09.09,18:00,18:10
Jürgen Guldner,"THU 10.09, 17:00 – 17:10",splace,BMW Hydrogen Strategy (DE),BMW Hydrogen Strategy (DE),LECTURE & TALK,10.09,17:00,17:10
Jürgen Guldner,"THU 10.09, 18:00 – 18:10",splace,BMW Hydrogen Strategy (EN),BMW Hydrogen Strategy (EN),LECTURE & TALK,10.09,18:00,18:10
Jürgen Guldner,"FRI 11.09, 17:00 – 17:10",splace,BMW Hydrogen Strategy (DE),BMW Hydrogen Strategy (DE),LECTURE & TALK,11.09,17:00,17:10
Jürgen Guldner,"FRI 11.09, 18:00 – 18:10",splace,BMW Hydrogen Strategy (EN),BMW Hydrogen Strategy (EN),LECTURE & TALK,11.09,18:00,18:10
Jürgen Guldner,"SAT 12.09, 13:00 – 13:10",splace,BMW Hydrogen Strategy (DE),BMW Hydrogen Strategy (DE),LECTURE & TALK,12.09,13:00,13:10
Jürgen Guldner,"SAT 12.09, 14:00 – 14:10",splace,BMW Hydrogen Strategy (EN),BMW Hydrogen Strategy (EN),LECTURE & TALK,12.09,14:00,14:10
Jürgen Guldner,"SUN 13.09, 13:00 – 13:10",splace,BMW Hydrogen Strategy (DE),BMW Hydrogen Strategy (DE),LECTURE & TALK,13.09,13:00,13:10
Jürgen Guldner,"SUN 13.09, 14:00 – 14:10",splace,BMW Hydrogen Strategy (EN),BMW Hydrogen Strategy (EN),LECTURE & TALK,13.09,14:00,14:10
k0j0 - Koi Ren,,,,,,,,
Kaelen Varga,,,,,,,,
Kamilla Sabitova,"WED 09.09, 15:30 – 16:30","Ars Electronica Center, Level 0, Deep Space 8K",Interplayful Environments Part I,Interplayful Environments Part I,EXPERIENCE,09.09,15:30,16:30
Kareem Al-Khalily,,,,,,,,
Karl Jansen,,,,,,,,
Karl Zechenter,,,,,,,,
Kate Yalovetsky,"THU 10.09, 19:00 – 19:30","Ars Electronica Center, Level 0, Deep Space 8K",[not] breaking the cycle,[not] breaking the cycle,PERFORMANCE,10.09,19:00,19:30
Katerina Kovarickova,,,,,,,,
Katharina Keiblinger,"SUN 13.09, 13:30 – 14:00","Ars Electronica Center, Level 0, Deep Space 8K",Urban Metamorphosis. Sketches of Tomorrow.,Rethinking the City Through Climate Adaptation.,EXPERIENCE,13.09,13:30,14:00
Katharina Kloibhofer,,,,,,,,
Katharina Langenhan,"FRI 11.09, 17:45 – 18:00",Main Square Linz,Post Compost – Forest Reset,Post Compost – Forest Reset,PERFORMANCE,11.09,17:45,18:00
Katherine Isbister,"FRI 11.09, 16:30 – 18:00","Ars Electronica Center, Level 3, Sky Loft",Keynote Session: Research through Design at the Intersection of HCI and Games,Moderated by Michael Lankes (AT),CONFERENCE,11.09,16:30,18:00
Katinka Klára Tóth,,,,,,,,
Kawata Misako,"THU 10.09, 13:00 – 13:30","Ars Electronica Center, Level -3, Open Futurelab",Hello Worlds! Behind the Prototype: Amplify Me – Visions,How do the technologies we carry shape us?,OPEN LAB,10.09,13:00,13:30
Kedi Dong,,,,,,,,
Keiji Mayumi,"SAT 12.09, 16:00 – 16:30","Ars Electronica Center, Level 0, Deep Space 8K",Why The Met Is Advancing Cultural Heritage Digitization: A Spotlight on Its Collaboration with Japan’s NHK,Why The Met Is Advancing Cultural Heritage Digitization: A Spotlight on Its Collaboration with Japan’s NHK,LECTURE & TALK,12.09,16:00,16:30
Keito Mitoma,,,,,,,,
Ken Nakagaki,,,,,,,,
Kenneth Page Swanson,,,,,,,,
Keon Ju Maverick Lee,"THU 10.09, 11:30 – 13:00","Ars Electronica Center, Level 3, Sky Loft",Academic Session: Art Track #4 Embodiment,Academic Session: Art Track #4 Embodiment,CONFERENCE,10.09,11:30,13:00
Kerstin Blätterbinder,"WED 09.09, 13:00 – 13:30","Ars Electronica Center, Level -3, Open Futurelab",Hello Worlds! Behind the Prototype: Hello Worlds! System,How can an exhibition become a platform?,OPEN LAB,09.09,13:00,13:30
Kerstin Blätterbinder,"WED 09.09, 17:00 – 17:30","Ars Electronica Center, Level -3, Open Futurelab",Hello Worlds! Behind the Prototype / Artwork: Deep Mirror & Algorithms in Reflection,How do our technologies see us?,OPEN LAB,09.09,17:00,17:30
Kerstin Blätterbinder,"SAT 12.09, 13:00 – 13:30","Ars Electronica Center, Level -3, Open Futurelab",Hello Words! Behind the Prototype: How Ideas Become Experiences,Building Hello Worlds!,OPEN LAB,12.09,13:00,13:30
Kerstin Ergenzinger,,,,,,,,
Kevin Blackistone,"THU 10.09, 20:00 – 20:30","Ars Electronica Center, Level 0, Deep Space 8K",Inner Radiance,Inner Radiance,PERFORMANCE,10.09,20:00,20:30
Khisamova Alina,,,,,,,,
Kira Schinko,"THU 10.09, 10:00 – 13:00",Tabakfabrik,Policy Lab “The Empty Chair”,Negotiating a Strategic Role for Creative Industries and Media Arts in Upper Austria’s Innovation Future,WORKSHOP,10.09,10:00,13:00
Klasse 1b,"WED 09.09, 12:00 – 14:00",C. Bechstein Centrum Linz,"12.5 square meters—space for a car, or…","12.5 square meters—space for a car, or…",PROJECT,09.09,12:00,14:00
Klasse 1b,"THU 10.09, 12:00 – 14:00",C. Bechstein Centrum Linz,"12.5 square meters—space for a car, or…","12.5 square meters—space for a car, or…",PROJECT,10.09,12:00,14:00
Klasse 1b,"FRI 11.09, 12:00 – 14:00",C. Bechstein Centrum Linz,"12.5 square meters—space for a car, or…","12.5 square meters—space for a car, or…",PROJECT,11.09,12:00,14:00
Klasse 1b,"SAT 12.09, 12:00 – 14:00",C. Bechstein Centrum Linz,"12.5 square meters—space for a car, or…","12.5 square meters—space for a car, or…",PROJECT,12.09,12:00,14:00
Klasse 1b,"SUN 13.09, 12:00 – 14:00",C. Bechstein Centrum Linz,"12.5 square meters—space for a car, or…","12.5 square meters—space for a car, or…",PROJECT,13.09,12:00,14:00
Klaus Fritze,"FRI 11.09, 17:45 – 18:00",Main Square Linz,Post Compost – Forest Reset,Post Compost – Forest Reset,PERFORMANCE,11.09,17:45,18:00
Koen de Nie,,,,,,,,
Kristina Ontensone,"THU 10.09, 11:00 – 12:00","Ars Electronica Center, Level 0, Deep Space 8K",Interplayful Environments Part III,Interplayful Environments Part III,EXPERIENCE,10.09,11:00,12:00
Krittaporn Mahaweerarat,"FRI 11.09, 17:45 – 18:00",Main Square Linz,Post Compost – Forest Reset,Post Compost – Forest Reset,PERFORMANCE,11.09,17:45,18:00
Krystian Grzywacz,"THU 10.09, 12:00 – 13:00",,MEET THE ARTIST: Capital Dream,MEET THE ARTIST: Capital Dream,MEET THE ARTIST,10.09,12:00,13:00
Kyoko Kunoh,"FRI 11.09, 14:30 – 15:30","OK Linz, voestalpine OPEN SPACE",Town Hall Meeting: Hello Worlds!,Negotiating Humanity through Art × Industry × Research,NETWORKING EVENT,11.09,14:30,15:30
LaJuné McMillan,,,,,,,,
Lasse Loepfe,"WED 09.09, 16:30 – 18:00","Ars Electronica Center, Level 3, Sky Loft",Academic Session: Research Track,Academic Session: Research Track,CONFERENCE,09.09,16:30,18:00
Latinos Linz,"WED 09.09, 20:25 – 20:45",St. Mary’s Cathedral,Declaring Humanity,Declaring Humanity,PERFORMANCE,09.09,20:25,20:45
Laura Baotić,,,,,,,,
Laura Colmenares Guerra,"FRI 11.09, 14:00 – 15:30","OK Platz, WE GUIDE YOU Meeting Point",Artist Walk Tour: Negotiating Beyond Humanity,Artist Walk Tour: Negotiating Beyond Humanity,GUIDED TOUR,11.09,14:00,15:30
Laura Colmenares Guerra,"SUN 13.09, 13:45 – 14:15","Ursulinenhof Linz, Ursulinensaal",Art for the Hydrocommons,Art for the Hydrocommons,PANEL DISCUSSION,13.09,13:45,14:15
Laura Gagliardi,"THU 10.09, 20:00 – 20:30","Ars Electronica Center, Level 0, Deep Space 8K",Inner Radiance,Inner Radiance,PERFORMANCE,10.09,20:00,20:30
Laura Radzewicz,"THU 10.09, 12:00 – 13:00",,MEET THE ARTIST: Capital Dream,MEET THE ARTIST: Capital Dream,MEET THE ARTIST,10.09,12:00,13:00
Laura Walter,,,,,,,,
Laura Welzenbach,"WED 09.09, 14:00 – 15:00","OK Linz, voestalpine OPEN SPACE",Town Hall Meeting: ArtScience X ArsBiologica,Mapping the Intangible Impacts of Art–Science Encounters,NETWORKING EVENT,09.09,14:00,15:00
Laura Welzenbach,"FRI 11.09, 13:30 – 14:15","Ars Electronica Center, Level -3, Open Futurelab",Networking: Art Thinking,Networking: Art Thinking,NETWORKING EVENT,11.09,13:30,14:15
Laura-Christina Palmetshofer,"FRI 11.09, 11:00 – 12:00","JKU MED Campus, Laboratory Building (LAB), Level 1, JKU medSPACE",Austrian Panorama,Austrian Panorama,SCREENING,11.09,11:00,12:00
Laurent Mignonneau,"FRI 11.09, 11:00 – 13:00","Ursulinenhof Linz, Gewölbesaal","Media Art Practice: collaborate, conserve, context and intentionality","Media Art Practice: collaborate, conserve, context and intentionality",WORKSHOP,11.09,11:00,13:00
Laurenz Ulrich,,,,,,,,
law and patient advocacy,"THU 10.09, 14:30 – 16:00","JKU MED Campus, Laboratory Building (LAB), Level 1, JKU medSPACE","Who Heals Tomorrow? AI, Medicine and the Future of Decision-Making","Who Heals Tomorrow? AI, Medicine and the Future of Decision-Making",PANEL DISCUSSION,10.09,14:30,16:00
Lawrence Chiles,"WED 09.09, 15:00 – 18:00","Ars Electronica Center, Level -1, Seminar Room",National Gallery Dreaming,National Gallery Dreaming,PROJECT,09.09,15:00,18:00
Lawrence Chiles,"THU 10.09, 15:00 – 18:00","Ars Electronica Center, Level -1, Seminar Room",National Gallery Dreaming,National Gallery Dreaming,PROJECT,10.09,15:00,18:00
Lawrence Chiles,"FRI 11.09, 15:00 – 18:00","Ars Electronica Center, Level -1, Seminar Room",National Gallery Dreaming,National Gallery Dreaming,PROJECT,11.09,15:00,18:00
Lawrence Chiles,"SAT 12.09, 15:00 – 18:00","Ars Electronica Center, Level -1, Seminar Room",National Gallery Dreaming,National Gallery Dreaming,PROJECT,12.09,15:00,18:00
Lea Baeriswyl,,,,,,,,
Lea Luka Sikau,"THU 10.09, 14:00 – 15:30","OK Platz, WE GUIDE YOU Meeting Point",Artist Walk Tour: Negotiating Beyond Humanity,Artist Walk Tour: Negotiating Beyond Humanity,GUIDED TOUR,10.09,14:00,15:30
Leandra Schieder,"FRI 11.09, 17:45 – 18:00",Main Square Linz,Post Compost – Forest Reset,Post Compost – Forest Reset,PERFORMANCE,11.09,17:45,18:00
Lee Jung In CREATION,,,,,,,,
Lena Hartl,"THU 10.09, 17:00 – 19:00",,Crafting Futures Lab: Unearthing Taste,Crafting Futures Lab: Unearthing Taste,WORKSHOP,10.09,17:00,19:00
Lena Slachmuijlder,"WED 09.09, 16:00 – 17:00","Ursulinenhof Linz, Ursulinensaal",Designing the Digital Public: Building Spaces for Democratic Negotiation,Designing the Digital Public: Building Spaces for Democratic Negotiation,PANEL DISCUSSION,09.09,16:00,17:00
Lena Violetta Leitner-Stojanov,"THU 10.09, 11:00 – 13:00","Ursulinenhof Linz, Gewölbesaal",A Furry Engineer!,Speculative Human-Beaver-Futures along the Danube,WORKSHOP,10.09,11:00,13:00
Lena-Sophie Rauterberg,,,,,,,,
Lennart Stoy,"WED 09.09, 10:00 – 17:00","JKU MED Campus, Administration Building (ADM), JKU medLOFT (9th floor)",Creativity as civic infrastructure: CCIs and digital commons,Creativity as civic infrastructure: CCIs and digital commons,OPEN LAB,09.09,10:00,17:00
Leon‑Etienne Kühr,"WED 09.09, 14:30 – 16:00","Ars Electronica Center, Level 3, Sky Loft",Academic Session: Art Track #2 Authorship,Academic Session: Art Track #2 Authorship,CONFERENCE,09.09,14:30,16:00
Letícia Carneiro,"WED 09.09, 18:30 – 20:00",Main Square Linz,Negotiating Democracy at the OpenDemocracyLab,Negotiating Democracy at the OpenDemocracyLab,WORKSHOP,09.09,18:30,20:00
Letícia Carneiro,"THU 10.09, 15:00 – 18:00",Main Square Linz,Negotiating Democracy at the OpenDemocracyLab,Negotiating Democracy at the OpenDemocracyLab,WORKSHOP,10.09,15:00,18:00
Letícia Carneiro,"FRI 11.09, 15:00 – 17:30",Main Square Linz,Negotiating Democracy at the OpenDemocracyLab,Negotiating Democracy at the OpenDemocracyLab,WORKSHOP,11.09,15:00,17:30
Letícia Carneiro,"SAT 12.09, 15:00 – 17:00",Main Square Linz,Negotiating Democracy at the OpenDemocracyLab,Negotiating Democracy at the OpenDemocracyLab,WORKSHOP,12.09,15:00,17:00
Letícia Carneiro,"SUN 13.09, 12:00 – 13:00",Main Square Linz,Negotiating Democracy at the OpenDemocracyLab,Negotiating Democracy at the OpenDemocracyLab,WORKSHOP,13.09,12:00,13:00
Letícia Carneiro,"SUN 13.09, 14:00 – 17:00",Main Square Linz,Negotiating Democracy at the OpenDemocracyLab,Negotiating Democracy at the OpenDemocracyLab,WORKSHOP,13.09,14:00,17:00
Levente Mező,,,,,,,,
Levente Váry,,,,,,,,
Lia Giannakou,,,,,,,,
Liang He,,,,,,,,
Lien-cheng Wang,"WED 09.09, 17:30 – 22:00","University of Arts Linz, Hauptplatz 6 (East Building), Courtyard",Sound Campus (WED 9.9.),Listening Underground,PROJECT,09.09,17:30,22:00
ligeti zentrum,,,,,,,,
Lilian Awa,,,,,,,,
Liliane Schuster,,,,,,,,
Lilith Samer,"SAT 12.09, 17:00 – 18:00","Anton Bruckner University, Sonic Lab","Post-Digital Instruments Concert – Tangible Music Lab, University of Arts Linz","Post-Digital Instruments Concert – Tangible Music Lab, University of Arts Linz",CONCERT,12.09,17:00,18:00
Lilith-Isa,"08.09, 17:00 – 22:00","University of Arts Linz, Hauptplatz 6 (East Building), Courtyard",Sound Campus (TUE 8.9.),Listening Underground,PROJECT,08.09,17:00,22:00
Lilith-Isa Samer,,,,,,,,
Lilly Kunz,"08.09, 22:00 – 23:00","Ars Electronica Center, Façade",Urban Screen Lab,Urban Screen Lab,PROJECT,08.09,22:00,23:00
Lilly Kunz,"WED 09.09, 22:00 – 23:00","Ars Electronica Center, Façade",Urban Screen Lab,Urban Screen Lab,PROJECT,09.09,22:00,23:00
Lilly Kunz,"THU 10.09, 22:00 – 23:00","Ars Electronica Center, Façade",Urban Screen Lab,Urban Screen Lab,PROJECT,10.09,22:00,23:00
Lilly Kunz,"SUN 13.09, 22:00 – 23:00","Ars Electronica Center, Façade",Urban Screen Lab,Urban Screen Lab,PROJECT,13.09,22:00,23:00
Lilo Viehweg,"THU 10.09, 14:00 – 15:00",,Crafting Futures Lab: Crafting Mountains from Dusty Tales,Crafting Futures Lab: Crafting Mountains from Dusty Tales,LECTURE & TALK,10.09,14:00,15:00
Linda Huber,,,,,,,,
Ling-Hsuan Hsu,"THU 10.09, 19:00 – 19:30","Ars Electronica Center, Level 0, Deep Space 8K",[not] breaking the cycle,[not] breaking the cycle,PERFORMANCE,10.09,19:00,19:30
Lino Brunmayr,,,,,,,,
Lino Brunnmayr,"WED 09.09, 10:00 – 11:30","Ars Electronica Center, Level 3, Sky Loft",Expanded Play Gallery,Moderated by Jeremiah Diephuis (GB/AT),CONFERENCE,09.09,10:00,11:30
Linus Ziegler,,,,,,,,
Lisa Gierlinger,"FRI 11.09, 13:30 – 14:00","Ars Electronica Center, Level 0, Deep Space 8K",Interactive Brosch – Red Dinosaurs,AI-generated Navigable Spaces for Exploring Art Archives,EXPERIENCE,11.09,13:30,14:00
Lisa Gierlinger,"SAT 12.09, 15:00 – 15:30","Ars Electronica Center, Level 0, Deep Space 8K",Interactive Brosch – Red Dinosaurs,AI-generated Navigable Spaces for Exploring Art Archives,EXPERIENCE,12.09,15:00,15:30
Lisa Hochgatterer,"WED 09.09, 12:00 – 12:30","Ars Electronica Center, Level 0, Deep Space 8K",Lost Legends,Lost Legends,EXPERIENCE,09.09,12:00,12:30
Lisa Hochgatterer,"THU 10.09, 10:30 – 11:00","Ars Electronica Center, Level 0, Deep Space 8K",Lost Legends,Lost Legends,EXPERIENCE,10.09,10:30,11:00
Lisa Hochgatterer,"FRI 11.09, 16:00 – 16:30","Ars Electronica Center, Level 0, Deep Space 8K",Lost Legends,Lost Legends,EXPERIENCE,11.09,16:00,16:30
Lisa Hochgatterer,"SUN 13.09, 15:00 – 15:30","Ars Electronica Center, Level 0, Deep Space 8K",Lost Legends,Lost Legends,EXPERIENCE,13.09,15:00,15:30
Lisa Maier,,,,,,,,
Lisa Praeg,"WED 09.09, 18:30 – 20:00",Main Square Linz,Negotiating Democracy at the OpenDemocracyLab,Negotiating Democracy at the OpenDemocracyLab,WORKSHOP,09.09,18:30,20:00
Lisa Praeg,"THU 10.09, 15:00 – 18:00",Main Square Linz,Negotiating Democracy at the OpenDemocracyLab,Negotiating Democracy at the OpenDemocracyLab,WORKSHOP,10.09,15:00,18:00
Lisa Praeg,"FRI 11.09, 15:00 – 17:30",Main Square Linz,Negotiating Democracy at the OpenDemocracyLab,Negotiating Democracy at the OpenDemocracyLab,WORKSHOP,11.09,15:00,17:30
Lisa Praeg,"SAT 12.09, 15:00 – 17:00",Main Square Linz,Negotiating Democracy at the OpenDemocracyLab,Negotiating Democracy at the OpenDemocracyLab,WORKSHOP,12.09,15:00,17:00
Lisa Praeg,"SUN 13.09, 12:00 – 13:00",Main Square Linz,Negotiating Democracy at the OpenDemocracyLab,Negotiating Democracy at the OpenDemocracyLab,WORKSHOP,13.09,12:00,13:00
Lisa Praeg,"SUN 13.09, 14:00 – 17:00",Main Square Linz,Negotiating Democracy at the OpenDemocracyLab,Negotiating Democracy at the OpenDemocracyLab,WORKSHOP,13.09,14:00,17:00
Lisa Puchner,,,,,,,,
Lisha Zhang,,,,,,,,
Lorena Solís Bravo,,,,,,,,
Lorenz Willer,"WED 09.09, 16:00 – 17:20","Ars Electronica Center, Maindeck",Destituent Laughing Choir,Destituent Laughing Choir,PERFORMANCE,09.09,16:00,17:20
Lorenz Willer,"THU 10.09, 16:00 – 17:20","Ars Electronica Center, Maindeck",Destituent Laughing Choir,Destituent Laughing Choir,PERFORMANCE,10.09,16:00,17:20
Lorenz Willer,"FRI 11.09, 16:00 – 17:20","Ars Electronica Center, Maindeck",Destituent Laughing Choir,Destituent Laughing Choir,PERFORMANCE,11.09,16:00,17:20
Lorenz Willer,"SAT 12.09, 16:00 – 17:20","Ars Electronica Center, Maindeck",Destituent Laughing Choir,Destituent Laughing Choir,PERFORMANCE,12.09,16:00,17:20
Lorenz Willer,"SUN 13.09, 16:00 – 17:20","Ars Electronica Center, Maindeck",Destituent Laughing Choir,Destituent Laughing Choir,PERFORMANCE,13.09,16:00,17:20
Lotte Sandhacker,"SUN 13.09, 16:00 – 17:00",C. Bechstein Centrum Linz,Milan Conic & Lotte Sandhacker,Milan Conic & Lotte Sandhacker,CONCERT,13.09,16:00,17:00
Lou Seidl,,,,,,,,
Louis Braddock Clarke,,,,,,,,
Luc Bernard,"SAT 12.09, 13:00 – 15:30","Ursulinenhof Linz, Ursulinensaal",Patterns of Dehumanization,Patterns of Dehumanization,CONFERENCE,12.09,13:00,15:30
Luca Somm,,,,,,,,
Lucas Evers,"WED 09.09, 16:00 – 17:00","Ursulinenhof Linz, Ursulinensaal",Designing the Digital Public: Building Spaces for Democratic Negotiation,Designing the Digital Public: Building Spaces for Democratic Negotiation,PANEL DISCUSSION,09.09,16:00,17:00
Lucas Zampieri,,,,,,,,
Lucia Claus,,,,,,,,
Lucía García Arranz,,,,,,,,
Ludovica Arci,"SAT 12.09, 11:15 – 12:15","Ars Electronica Center, Level -3, Open Futurelab",Beyond Reconstruction: Digital Heritage and Cultural Resilience,Beyond Reconstruction: Digital Heritage and Cultural Resilience,PANEL DISCUSSION,12.09,11:15,12:15
Luis Santiago Sánchez Fernández,,,,,,,,
Luisa Heilbron,"THU 10.09, 19:00 – 19:30","Ars Electronica Center, Level 0, Deep Space 8K",[not] breaking the cycle,[not] breaking the cycle,PERFORMANCE,10.09,19:00,19:30
Luisa Paraguai,,,,,,,,
Lukas Lesina Debiasi,,,,,,,,
Lukas Strasser,"WED 09.09, 13:00 – 18:00","JKU MED Campus, Plaza",Live Cinema Lab,Live Cinema Lab,OPEN LAB,09.09,13:00,18:00
Lukas Strasser,"THU 10.09, 13:00 – 18:00","JKU MED Campus, Plaza",Live Cinema Lab,Live Cinema Lab,OPEN LAB,10.09,13:00,18:00
Lukas Strasser,"FRI 11.09, 13:00 – 18:00","JKU MED Campus, Plaza",Live Cinema Lab,Live Cinema Lab,OPEN LAB,11.09,13:00,18:00
Lukas Strasser,"SAT 12.09, 13:00 – 18:00","JKU MED Campus, Plaza",Live Cinema Lab,Live Cinema Lab,OPEN LAB,12.09,13:00,18:00
Lukas Strasser,"SUN 13.09, 13:00 – 17:00","JKU MED Campus, Plaza",Live Cinema Lab,Live Cinema Lab,OPEN LAB,13.09,13:00,17:00
Luma Wanderley de Oliveira,,,,,,,,
Lun Raaberg,,,,,,,,
Luz Marcela Vásquez,"FRI 11.09, 20:00 – 21:00","Anton Bruckner University, Sonic Lab","400 Lunas – Music, Dance, Moving Image and Spatial Audio",LLUVIA DE PALOS – KUAUHKIAUHTZINTLI,CONCERT,11.09,20:00,21:00
Léon Repp,,,,,,,,
m22,,,,,,,,
MA Design & Computation,,,,,,,,
MA Sound Design and Interaction Design,,,,,,,,
Maciej Michaluk,"FRI 11.09, 19:00 – 19:30","Anton Bruckner University, Studiobühne",///////////,///////////,CONCERT,11.09,19:00,19:30
Maciej Michaluk,"SAT 12.09, 16:30 – 17:00","Anton Bruckner University, Studiobühne",///////////,///////////,CONCERT,12.09,16:30,17:00
Magda Hamilton,"THU 10.09, 10:00 – 11:30","Ars Electronica Center, Level 3, Sky Loft",Academic Session: Art Track #3 Control,Academic Session: Art Track #3 Control,CONFERENCE,10.09,10:00,11:30
Magdalena Wutkowska,"THU 10.09, 15:00 – 16:00","OK Linz, voestalpine OPEN SPACE",Soil Rendezvous,Seeds of Connection Townhall Meeting,NETWORKING EVENT,10.09,15:00,16:00
Magdalena Wutkowska,"SAT 12.09, 11:00 – 13:00","Ursulinenhof Linz, Gewölbesaal",Soiled,A dive into the ground below us,WORKSHOP,12.09,11:00,13:00
Magdaléna Kejstová,"WED 09.09, 10:00 – 11:30","Ars Electronica Center, Level 3, Sky Loft",Expanded Play Gallery,Moderated by Jeremiah Diephuis (GB/AT),CONFERENCE,09.09,10:00,11:30
Mahsa Landarany,"WED 09.09, 16:00 – 17:20","Ars Electronica Center, Maindeck",Destituent Laughing Choir,Destituent Laughing Choir,PERFORMANCE,09.09,16:00,17:20
Mahsa Landarany,"THU 10.09, 16:00 – 17:20","Ars Electronica Center, Maindeck",Destituent Laughing Choir,Destituent Laughing Choir,PERFORMANCE,10.09,16:00,17:20
Mahsa Landarany,"FRI 11.09, 16:00 – 17:20","Ars Electronica Center, Maindeck",Destituent Laughing Choir,Destituent Laughing Choir,PERFORMANCE,11.09,16:00,17:20
Mahsa Landarany,"SAT 12.09, 16:00 – 17:20","Ars Electronica Center, Maindeck",Destituent Laughing Choir,Destituent Laughing Choir,PERFORMANCE,12.09,16:00,17:20
Mahsa Landarany,"SUN 13.09, 16:00 – 17:20","Ars Electronica Center, Maindeck",Destituent Laughing Choir,Destituent Laughing Choir,PERFORMANCE,13.09,16:00,17:20
Mahtab Miandehi,"08.09, 17:00 – 22:00","University of Arts Linz, Hauptplatz 6 (East Building), Courtyard",Sound Campus (TUE 8.9.),Listening Underground,PROJECT,08.09,17:00,22:00
Mahtab Miandehi,"THU 10.09, 16:00 – 16:30",,Musikmaschine in concert,Musikmaschine in concert,CONCERT,10.09,16:00,16:30
Mahtab Miandehi,"FRI 11.09, 16:00 – 16:30",,Musikmaschine in concert,Musikmaschine in concert,CONCERT,11.09,16:00,16:30
Mahtab Miandehi,"SAT 12.09, 16:00 – 16:30",,Musikmaschine in concert,Musikmaschine in concert,CONCERT,12.09,16:00,16:30
Maja Gajdarska,,,,,,,,
Maja Vidic,"SAT 12.09, 16:00 – 17:00",C. Bechstein Centrum Linz,Maja Vidic – Free Association Improvisation,Maja Vidic – Free Association Improvisation,CONCERT,12.09,16:00,17:00
Maja Vidic,"SUN 13.09, 15:00 – 16:00",C. Bechstein Centrum Linz,Maja Vidic – Free Association Improvisation,Maja Vidic – Free Association Improvisation,CONCERT,13.09,15:00,16:00
Maja Wolińska,"FRI 11.09, 16:00 – 16:30","Anton Bruckner University, Studiobühne",UN-ORGANIC,UN-ORGANIC,CONCERT,11.09,16:00,16:30
Maja Wolińska,"SAT 12.09, 19:00 – 19:30","Anton Bruckner University, Studiobühne",UN-ORGANIC,UN-ORGANIC,CONCERT,12.09,19:00,19:30
Maki Namekawa,"THU 10.09, 17:00 – 17:35",C. Bechstein Centrum Linz,Minimal Music Highlights by Maki Namekawa,Minimal Music Highlights by Maki Namekawa,CONCERT,10.09,17:00,17:35
Maki Namekawa,"FRI 11.09, 18:30 – 22:30",Posthof Linz,Polaris,Polaris,CONCERT,11.09,18:30,22:30
Maki Namekawa,"SAT 12.09, 17:00 – 17:35",C. Bechstein Centrum Linz,Minimal Music Highlights by Maki Namekawa,Minimal Music Highlights by Maki Namekawa,CONCERT,12.09,17:00,17:35
Maki Ueda,"THU 10.09, 14:00 – 15:30","OK Platz, WE GUIDE YOU Meeting Point",Artist Walk Tour: Negotiating Beyond Humanity,Artist Walk Tour: Negotiating Beyond Humanity,GUIDED TOUR,10.09,14:00,15:30
Maki Ueda,"FRI 11.09, 13:30 – 15:30","Ursulinenhof Linz, Gewölbesaal",Olfactory Biome: The Smell is the Message!,Olfactory Biome: The Smell is the Message!,WORKSHOP,11.09,13:30,15:30
MANA,,,,,,,,
Manfred Wakolbinger,,,,,,,,
Manuel Dobusch,"SAT 12.09, 14:30 – 15:00","Ars Electronica Center, Level 0, Deep Space 8K",New Perspectives on Salzburg,Orangery Salzburg – Panorama | World Heritage,EXPERIENCE,12.09,14:30,15:00
Manuela Naveau,"THU 10.09, 15:00 – 16:00",Francisco Carolinum,"Reading the Room: Language, Systems, and Contemporary Art","Reading the Room: Language, Systems, and Contemporary Art",LECTURE & TALK,10.09,15:00,16:00
Marcel Dziewulski,,,,,,,,
Marcin Rupociński,"FRI 11.09, 16:00 – 16:30","Anton Bruckner University, Studiobühne",UN-ORGANIC,UN-ORGANIC,CONCERT,11.09,16:00,16:30
Marcin Rupociński,"SAT 12.09, 19:00 – 19:30","Anton Bruckner University, Studiobühne",UN-ORGANIC,UN-ORGANIC,CONCERT,12.09,19:00,19:30
Marco Schmid,,,,,,,,
Marcus Round,"WED 09.09, 14:30 – 16:00","Ars Electronica Center, Level 3, Sky Loft",Academic Session: Art Track #2 Authorship,Academic Session: Art Track #2 Authorship,CONFERENCE,09.09,14:30,16:00
Marek Bulir,,,,,,,,
Margarete Jahrmann,,,,,,,,
Margarethe Lasinger,"SAT 12.09, 12:30 – 13:00","Ars Electronica Center, Level 0, Deep Space 8K",Faust 2023 revised,Faust 2023 revised,EXPERIENCE,12.09,12:30,13:00
Margarita Gimaeva,"WED 09.09, 16:00 – 17:20","Ars Electronica Center, Maindeck",Destituent Laughing Choir,Destituent Laughing Choir,PERFORMANCE,09.09,16:00,17:20
Margarita Gimaeva,"THU 10.09, 16:00 – 17:20","Ars Electronica Center, Maindeck",Destituent Laughing Choir,Destituent Laughing Choir,PERFORMANCE,10.09,16:00,17:20
Margarita Gimaeva,"FRI 11.09, 16:00 – 17:20","Ars Electronica Center, Maindeck",Destituent Laughing Choir,Destituent Laughing Choir,PERFORMANCE,11.09,16:00,17:20
Margarita Gimaeva,"SAT 12.09, 16:00 – 17:20","Ars Electronica Center, Maindeck",Destituent Laughing Choir,Destituent Laughing Choir,PERFORMANCE,12.09,16:00,17:20
Margarita Gimaeva,"SUN 13.09, 16:00 – 17:20","Ars Electronica Center, Maindeck",Destituent Laughing Choir,Destituent Laughing Choir,PERFORMANCE,13.09,16:00,17:20
Margarita Köhl,"THU 10.09, 16:30 – 18:00","Ars Electronica Center, Level 3, Sky Loft",Academic Session: Art Track #5 More-than-Human,Academic Session: Art Track #5 More-than-Human,CONFERENCE,10.09,16:30,18:00
Maria Mayr,,,,,,,,
Maria Messerer,"WED 09.09, 16:00 – 17:20","Ars Electronica Center, Maindeck",Destituent Laughing Choir,Destituent Laughing Choir,PERFORMANCE,09.09,16:00,17:20
Maria Messerer,"THU 10.09, 16:00 – 17:20","Ars Electronica Center, Maindeck",Destituent Laughing Choir,Destituent Laughing Choir,PERFORMANCE,10.09,16:00,17:20
Maria Messerer,"FRI 11.09, 16:00 – 17:20","Ars Electronica Center, Maindeck",Destituent Laughing Choir,Destituent Laughing Choir,PERFORMANCE,11.09,16:00,17:20
Maria Messerer,"SAT 12.09, 16:00 – 17:20","Ars Electronica Center, Maindeck",Destituent Laughing Choir,Destituent Laughing Choir,PERFORMANCE,12.09,16:00,17:20
Maria Messerer,"SUN 13.09, 16:00 – 17:20","Ars Electronica Center, Maindeck",Destituent Laughing Choir,Destituent Laughing Choir,PERFORMANCE,13.09,16:00,17:20
Maria Muhar,"FRI 11.09, 12:00 – 12:30",Main Square Linz,The Elon Musk Antagonist,The Elon Musk Antagonist,PERFORMANCE,11.09,12:00,12:30
Maria Muhar,"FRI 11.09, 17:30 – 17:45",Main Square Linz,The Elon Musk Antagonist,The Elon Musk Antagonist,PERFORMANCE,11.09,17:30,17:45
Maria Pages,"WED 09.09, 16:30 – 18:00","Ars Electronica Center, Level 3, Sky Loft",Academic Session: Research Track,Academic Session: Research Track,CONFERENCE,09.09,16:30,18:00
Maria Pfeifer,"WED 09.09, 10:30 – 11:30","OK Linz, voestalpine OPEN SPACE",Practicing Impact: When Reality Talks Back,Open Futurelab Town Hall,NETWORKING EVENT,09.09,10:30,11:30
Maria Pfeifer,"THU 10.09, 13:00 – 13:30","Ars Electronica Center, Level -3, Open Futurelab",Hello Worlds! Behind the Prototype: Amplify Me – Visions,How do the technologies we carry shape us?,OPEN LAB,10.09,13:00,13:30
Maria Pfeifer,"THU 10.09, 17:00 – 17:30","Ars Electronica Center, Level -3, Open Futurelab",Hello Worlds! Behind the Prototype: Hybrid Thinking,How can AI become a thinking partner?,OPEN LAB,10.09,17:00,17:30
Maria Pfeifer,"FRI 11.09, 13:00 – 13:30","Ars Electronica Center, Level -3, Open Futurelab",Hello Worlds! Behind the Prototype: Resonance Loom,How do weaving and AI shape each other?,OPEN LAB,11.09,13:00,13:30
Maria Pfeifer,"FRI 11.09, 14:30 – 15:30","OK Linz, voestalpine OPEN SPACE",Town Hall Meeting: Hello Worlds!,Negotiating Humanity through Art × Industry × Research,NETWORKING EVENT,11.09,14:30,15:30
Mariana Hurtado Carvajal,,,,,,,,
Marianne Eisl,"SAT 12.09, 13:00 – 13:30","Ars Electronica Center, Level -3, Open Futurelab",Hello Words! Behind the Prototype: How Ideas Become Experiences,Building Hello Worlds!,OPEN LAB,12.09,13:00,13:30
Marie-Andrée Pellerin,"THU 10.09, 18:00 – 22:00","University of Arts Linz, Hauptplatz 6 (East Building), Courtyard",Sound Campus (THU 10.9.),Listening Underground,PROJECT,10.09,18:00,22:00
Marija Jociūtė,"THU 10.09, 18:00 – 22:00","University of Arts Linz, Hauptplatz 6 (East Building), Courtyard",Sound Campus (THU 10.9.),Listening Underground,PROJECT,10.09,18:00,22:00
Marina Otero Verzier,"THU 10.09, 14:20 – 14:50","Ursulinenhof Linz, Ursulinensaal","What Alternatives? Power, Labour, Planet","What Alternatives? Power, Labour, Planet",PANEL DISCUSSION,10.09,14:20,14:50
Mario von Rickenbach,"FRI 11.09, 10:00 – 11:30","Ars Electronica Center, Level 3, Sky Loft",Art & Industry Panel,Moderated by Alexander Wilhelm (AT),CONFERENCE,11.09,10:00,11:30
Mark Balzar,"SUN 13.09, 15:30 – 17:30",bb15,Water Whisperer,Water Whisperer,WORKSHOP,13.09,15:30,17:30
Mark Vas,,,,,,,,
Marko Ilić,,,,,,,,
Markos Kay,"WED 09.09, 14:30 – 15:00","Ars Electronica Center, Level 0, Deep Space 8K",Quantum Zoom – The First Chapter,Quantum Zoom – The First Chapter,EXPERIENCE,09.09,14:30,15:00
Markos Kay,"FRI 11.09, 14:30 – 15:30","Ars Electronica Center, Level 0, Deep Space 8K",Quantum Zoom – The First Chapter,Quantum Zoom – The First Chapter,EXPERIENCE,11.09,14:30,15:30
Markus Stenger,"SAT 12.09, 13:30 – 14:15","OK Linz, voestalpine OPEN SPACE",Extended Reality – An Art Form in Public Space (on Trinity-Tarot-Garden),A public conversation on the XR sculpture park Trinity-Tarot -Garden by Ugo Dossi and Stefan Göppel,NETWORKING EVENT,12.09,13:30,14:15
Marlene Jungreithmayr,"WED 09.09, 16:00 – 17:30",,Negotiating Knowledge: Trust in Science in the Digital Age,Negotiating Knowledge: Trust in Science in the Digital Age,OPEN LAB,09.09,16:00,17:30
Marlene Kloud,,,,,,,,
Marta Salinas,,,,,,,,
Marta Zigante,"SAT 12.09, 20:00 – 21:00","Anton Bruckner University, Sonic Lab",MEDIUM SONORUM – Closing Concert,MEDIUM SONORUM – Closing Concert,CONCERT,12.09,20:00,21:00
Marthe Trottnow,"WED 09.09, 15:00 – 17:00","Ursulinenhof Linz, Gewölbesaal",Character Lab: Digital Companions for a Festival of the Future,Creating AI guide characters for Ars Electronica,WORKSHOP,09.09,15:00,17:00
Martin Colov,,,,,,,,
Martin Hochleitner,"SAT 12.09, 14:30 – 15:00","Ars Electronica Center, Level 0, Deep Space 8K",New Perspectives on Salzburg,Orangery Salzburg – Panorama | World Heritage,EXPERIENCE,12.09,14:30,15:00
Martin Hochleitner,"SAT 12.09, 17:30 – 18:30","Ars Electronica Center, Level -3, Open Futurelab",From Collection to Connection,Past Forward / Cultural Heritage in Motion,PANEL DISCUSSION,12.09,17:30,18:30
Martin Koci,"FRI 11.09, 14:00 – 14:30","Catholic Private University Linz, Courtyard",Robertina Šebjanič – Journal from the TARA expedition vessel: Echoes of the Abyss,Robertina Šebjanič – Journal from the TARA expedition vessel: Echoes of the Abyss,LECTURE & TALK,11.09,14:00,14:30
Martin Rauchbauer,"THU 10.09, 10:10 – 10:40","Ursulinenhof Linz, Ursulinensaal",Strategic Autonomy — Quantum Science and the New Non-Alignment,Strategic Autonomy — Quantum Science and the New Non-Alignment,LECTURE & TALK,10.09,10:10,10:40
Martin Reinhart ),,,,,,,,
Martina Menegon,,,,,,,,
Martina Öttl,,,,,,,,
Martyna Lorenc,"WED 09.09, 18:30 – 20:00",Main Square Linz,Negotiating Democracy at the OpenDemocracyLab,Negotiating Democracy at the OpenDemocracyLab,WORKSHOP,09.09,18:30,20:00
Martyna Lorenc,"THU 10.09, 15:00 – 18:00",Main Square Linz,Negotiating Democracy at the OpenDemocracyLab,Negotiating Democracy at the OpenDemocracyLab,WORKSHOP,10.09,15:00,18:00
Martyna Lorenc,"FRI 11.09, 15:00 – 17:30",Main Square Linz,Negotiating Democracy at the OpenDemocracyLab,Negotiating Democracy at the OpenDemocracyLab,WORKSHOP,11.09,15:00,17:30
Martyna Lorenc,"SAT 12.09, 15:00 – 17:00",Main Square Linz,Negotiating Democracy at the OpenDemocracyLab,Negotiating Democracy at the OpenDemocracyLab,WORKSHOP,12.09,15:00,17:00
Martyna Lorenc,"SUN 13.09, 12:00 – 13:00",Main Square Linz,Negotiating Democracy at the OpenDemocracyLab,Negotiating Democracy at the OpenDemocracyLab,WORKSHOP,13.09,12:00,13:00
Martyna Lorenc,"SUN 13.09, 14:00 – 17:00",Main Square Linz,Negotiating Democracy at the OpenDemocracyLab,Negotiating Democracy at the OpenDemocracyLab,WORKSHOP,13.09,14:00,17:00
Mary Maggic,"FRI 11.09, 14:00 – 16:00",,Pain: Interconnected with Nature,Pain: Interconnected with Nature,WORKSHOP,11.09,14:00,16:00
Mary Mayrhofer,,,,,,,,
Maryana Steshenko,,,,,,,,
María Gómez Bellido,,,,,,,,
Masha Borzunova,"WED 09.09, 14:10 – 15:00","Ursulinenhof Linz, Ursulinensaal",Weaponized Information - Disinformation as a Geopolitical Tool,Weaponized Information - Disinformation as a Geopolitical Tool,PANEL DISCUSSION,09.09,14:10,15:00
Masha Illich,"THU 10.09, 18:00 – 22:00","University of Arts Linz, Hauptplatz 6 (East Building), Courtyard",Sound Campus (THU 10.9.),Listening Underground,PROJECT,10.09,18:00,22:00
Masha Zolotova,"WED 09.09, 10:00 – 19:00","Ursulinenhof Linz, Attic",Negotiating Beyond Humanity,Negotiating Beyond Humanity,EXHIBITION,09.09,10:00,19:00
Masha Zolotova,"THU 10.09, 10:00 – 19:00","Ursulinenhof Linz, Attic",Negotiating Beyond Humanity,Negotiating Beyond Humanity,EXHIBITION,10.09,10:00,19:00
Masha Zolotova,"FRI 11.09, 10:00 – 19:00","Ursulinenhof Linz, Attic",Negotiating Beyond Humanity,Negotiating Beyond Humanity,EXHIBITION,11.09,10:00,19:00
Masha Zolotova,"FRI 11.09, 12:00 – 13:00","OK Linz, voestalpine OPEN SPACE",The Next Chapter: Lessons Learned and Futures Beyond S+T+ARTS,The Next Chapter: Lessons Learned and Futures Beyond S+T+ARTS,NETWORKING EVENT,11.09,12:00,13:00
Masha Zolotova,"FRI 11.09, 14:00 – 15:30","OK Platz, WE GUIDE YOU Meeting Point",Artist Walk Tour: Negotiating Beyond Humanity,Artist Walk Tour: Negotiating Beyond Humanity,GUIDED TOUR,11.09,14:00,15:30
Masha Zolotova,"SAT 12.09, 10:00 – 19:00","Ursulinenhof Linz, Attic",Negotiating Beyond Humanity,Negotiating Beyond Humanity,EXHIBITION,12.09,10:00,19:00
Masha Zolotova,"SUN 13.09, 10:00 – 18:00","Ursulinenhof Linz, Attic",Negotiating Beyond Humanity,Negotiating Beyond Humanity,EXHIBITION,13.09,10:00,18:00
Masha Zolotova,"SUN 13.09, 11:30 – 13:00","OK Platz, WE GUIDE YOU Meeting Point",Expert Tour Negotiating Beyond Humanity: Masha Zolotova (EN),Expert Tour Negotiating Beyond Humanity: Masha Zolotova (EN),GUIDED TOUR,13.09,11:30,13:00
Matea Senkic,"WED 09.09, 10:00 – 17:00","JKU MED Campus, Administration Building (ADM), JKU medLOFT (9th floor)",Creativity as civic infrastructure: CCIs and digital commons,Creativity as civic infrastructure: CCIs and digital commons,OPEN LAB,09.09,10:00,17:00
Matheus Sperandio,,,,,,,,
Mathis Nitschke,"SUN 13.09, 10:00 – 12:00","Ursulinenhof Linz, Gewölbesaal",Who Decides the Music?,A hands-on session on how music changes what a work means.,WORKSHOP,13.09,10:00,12:00
Matteo Holyoke Marangoni,,,,,,,,
Matthew Gardiner,"THU 10.09, 17:30 – 18:15","Ars Electronica Center, Level -3, Open Futurelab",Futurelab Networking: Art Science Research,lets/inter/net/work,NETWORKING EVENT,10.09,17:30,18:15
Matthias Hauser,"WED 09.09, 17:00 – 18:00","OK Linz, voestalpine OPEN SPACE",Town Hall Meeting: Art & Culture as Innovation Drivers in AI Infrastructures,Town Hall Meeting: Art & Culture as Innovation Drivers in AI Infrastructures,NETWORKING EVENT,09.09,17:00,18:00
Matvey Fridman,"WED 09.09, 17:00 – 18:00","OK Linz, voestalpine OPEN SPACE",Town Hall Meeting: Art & Culture as Innovation Drivers in AI Infrastructures,Town Hall Meeting: Art & Culture as Innovation Drivers in AI Infrastructures,NETWORKING EVENT,09.09,17:00,18:00
Max Sabitzer,"WED 09.09, 17:00 – 18:00","Ars Electronica Center, Level 0, Deep Space 8K",Interplayful Environments Part II,Interplayful Environments Part II,EXPERIENCE,09.09,17:00,18:00
Maximilian Bernhard,"THU 10.09, 16:00 – 16:30",,Musikmaschine in concert,Musikmaschine in concert,CONCERT,10.09,16:00,16:30
Maximilian Bernhard,"FRI 11.09, 16:00 – 16:30",,Musikmaschine in concert,Musikmaschine in concert,CONCERT,11.09,16:00,16:30
Maximilian Bernhard,"SAT 12.09, 16:00 – 16:30",,Musikmaschine in concert,Musikmaschine in concert,CONCERT,12.09,16:00,16:30
Mayar Ahmed,,,,,,,,
mb21,"SUN 13.09, 16:30 – 17:00","JKU MED Campus, Teaching Building (LEH), Level 0, Lecture Hall 1",drag your world. Youth Exchange Project Presentation,Youth Exchange Project,SCREENING,13.09,16:30,17:00
Meister:innenschule für Kommunikationsdesign,"08.09, 21:00 – 22:00","Ars Electronica Center, Façade",Luminous Patterns,Luminous Patterns,SCREENING,08.09,21:00,22:00
Meister:innenschule für Kommunikationsdesign,"WED 09.09, 21:00 – 22:00","Ars Electronica Center, Façade",Luminous Patterns,Luminous Patterns,SCREENING,09.09,21:00,22:00
Meister:innenschule für Kommunikationsdesign,"THU 10.09, 21:30 – 22:00","Ars Electronica Center, Façade",Luminous Patterns,Luminous Patterns,SCREENING,10.09,21:30,22:00
Meister:innenschule für Kommunikationsdesign,"SUN 13.09, 21:00 – 22:00","Ars Electronica Center, Façade",Luminous Patterns,Luminous Patterns,SCREENING,13.09,21:00,22:00
Melanie Ennser,,,,,,,,
Melina Trummer,,,,,,,,
Melinda File,"WED 09.09, 12:00 – 12:30","Ars Electronica Center, Level 0, Deep Space 8K",Lost Legends,Lost Legends,EXPERIENCE,09.09,12:00,12:30
Melinda File,"THU 10.09, 10:30 – 11:00","Ars Electronica Center, Level 0, Deep Space 8K",Lost Legends,Lost Legends,EXPERIENCE,10.09,10:30,11:00
Melinda File,"FRI 11.09, 16:00 – 16:30","Ars Electronica Center, Level 0, Deep Space 8K",Lost Legends,Lost Legends,EXPERIENCE,11.09,16:00,16:30
Melinda File,"SAT 12.09, 11:15 – 12:15","Ars Electronica Center, Level -3, Open Futurelab",Beyond Reconstruction: Digital Heritage and Cultural Resilience,Beyond Reconstruction: Digital Heritage and Cultural Resilience,PANEL DISCUSSION,12.09,11:15,12:15
Melinda File,"SUN 13.09, 15:00 – 15:30","Ars Electronica Center, Level 0, Deep Space 8K",Lost Legends,Lost Legends,EXPERIENCE,13.09,15:00,15:30
Melissa Papafio-Roberts,,,,,,,,
Mengke Ouyang,,,,,,,,
Meriç Öztürk,,,,,,,,
Mert Akbal,"THU 10.09, 16:00 – 18:00","Ursulinenhof Linz, Gewölbesaal",Fluidity of Images: Surrealist Juxtaposition and Image Mixing in Generative AI,a HAMLET AI is the Thing Workshop,WORKSHOP,10.09,16:00,18:00
Merve Sahin,"THU 10.09, 15:00 – 15:30","Ars Electronica Center, Level 0, Deep Space 8K",MERGING VISIONS,Dirty Twin: Reimagining the Urban Digital Twin,EXPERIENCE,10.09,15:00,15:30
Merve Sahin,"SAT 12.09, 12:00 – 12:30","Ars Electronica Center, Level 0, Deep Space 8K",MERGING VISIONS,Dirty Twin: Reimagining the Urban Digital Twin,EXPERIENCE,12.09,12:00,12:30
Merve Sahin,"SAT 12.09, 15:15 – 16:15","Ars Electronica Center, Level -3, Open Futurelab",mozXR: Empowering Creative Minds in XR,mozXR: Empowering Creative Minds in XR,PANEL DISCUSSION,12.09,15:15,16:15
Micah Prendergast,,,,,,,,
Michael Csar,"WED 09.09, 12:00 – 12:10",splace,Renewable Hydrogen for resilient and emission-free Mobility Systems,Renewable Hydrogen for resilient and emission-free Mobility Systems,LECTURE & TALK,09.09,12:00,12:10
Michael Csar,"THU 10.09, 12:00 – 12:10",splace,Renewable Hydrogen for resilient and emission-free Mobility Systems,Renewable Hydrogen for resilient and emission-free Mobility Systems,LECTURE & TALK,10.09,12:00,12:10
Michael Csar,"FRI 11.09, 12:00 – 12:10",splace,Renewable Hydrogen for resilient and emission-free Mobility Systems,Renewable Hydrogen for resilient and emission-free Mobility Systems,LECTURE & TALK,11.09,12:00,12:10
Michael Heindl,"FRI 11.09, 11:00 – 12:00","JKU MED Campus, Laboratory Building (LAB), Level 1, JKU medSPACE",Austrian Panorama,Austrian Panorama,SCREENING,11.09,11:00,12:00
Michael Mondria,"WED 09.09, 14:30 – 15:30",Hotel Schwarzer Bär,"Panel Discussion: Hydrogen and the road ahead: perspectives from Art, Society and BMW","Panel Discussion: Hydrogen and the road ahead: perspectives from Art, Society and BMW",PANEL DISCUSSION,09.09,14:30,15:30
Michael Wilhelm,"WED 09.09, 14:30 – 15:00","Ars Electronica Center, Level 0, Deep Space 8K",Quantum Zoom – The First Chapter,Quantum Zoom – The First Chapter,EXPERIENCE,09.09,14:30,15:00
Michael Wilhelm,"FRI 11.09, 14:30 – 15:30","Ars Electronica Center, Level 0, Deep Space 8K",Quantum Zoom – The First Chapter,Quantum Zoom – The First Chapter,EXPERIENCE,11.09,14:30,15:30
Michaela Kessler,,,,,,,,
Michaela Konrad,,,,,,,,
Michal Hanousek,,,,,,,,
Michelle Schäffer,,,,,,,,
Mick Grierson,"WED 09.09, 14:30 – 16:00","Ars Electronica Center, Level 3, Sky Loft",Academic Session: Art Track #2 Authorship,Academic Session: Art Track #2 Authorship,CONFERENCE,09.09,14:30,16:00
Miguel Francisco,"THU 10.09, 18:00 – 22:00","University of Arts Linz, Hauptplatz 6 (East Building), Courtyard",Sound Campus (THU 10.9.),Listening Underground,PROJECT,10.09,18:00,22:00
Mihaela Kavdanska,"THU 10.09, 13:30 – 14:10",,Genome Sonification,Show Me Your Face: The Power of Becoming,CONCERT,10.09,13:30,14:10
Mihaela Kavdanska,"FRI 11.09, 16:00 – 16:40",,Genome Sonification,Show Me Your Face: The Power of Becoming,CONCERT,11.09,16:00,16:40
Mihaela Kavdanska,"SUN 13.09, 12:00 – 13:30","JKU MED Campus, Administration Building (ADM), JKU medLOFT (9th floor)",KEPLER SALON EXTRA EXTERN: SHOW ME YOUR FACE,The Power of Becoming,LECTURE & TALK,13.09,12:00,13:30
Mike Phillips,"FRI 11.09, 11:00 – 13:00","Ursulinenhof Linz, Gewölbesaal","Media Art Practice: collaborate, conserve, context and intentionality","Media Art Practice: collaborate, conserve, context and intentionality",WORKSHOP,11.09,11:00,13:00
Milagros Miceli,"FRI 11.09, 13:00 – 13:55","Ursulinenhof Linz, Ursulinensaal",Negotiating Humanity,Negotiating Humanity,PANEL DISCUSSION,11.09,13:00,13:55
Milagros Miceli,"SUN 13.09, 11:00 – 12:00","JKU MED Campus, Laboratory Building (LAB), Level 1, JKU medSPACE",Data Workers’ Inquiry,MEET THE ARTIST,SCREENING,13.09,11:00,12:00
Milan Conic,"WED 09.09, 15:00 – 16:00",C. Bechstein Centrum Linz,El Cultivo de la Mente – Art Film,El Cultivo de la Mente – Art Film,CONCERT,09.09,15:00,16:00
Milan Conic,"WED 09.09, 15:00 – 19:00",C. Bechstein Centrum Linz,Keys Beyond Boundaries,From Hammer Action to Digital Sound Design,CONCERT,09.09,15:00,19:00
Milan Conic,"WED 09.09, 16:00 – 17:00",C. Bechstein Centrum Linz,El Cultivo de la Mente – Art Film,El Cultivo de la Mente – Art Film,CONCERT,09.09,16:00,17:00
Milan Conic,"WED 09.09, 17:00 – 18:00",C. Bechstein Centrum Linz,El Cultivo de la Mente – Art Film,El Cultivo de la Mente – Art Film,CONCERT,09.09,17:00,18:00
Milan Conic,"WED 09.09, 18:00 – 19:00",C. Bechstein Centrum Linz,El Cultivo de la Mente – Art Film,El Cultivo de la Mente – Art Film,CONCERT,09.09,18:00,19:00
Milan Conic,"THU 10.09, 15:00 – 16:00",C. Bechstein Centrum Linz,Tarlan Eshtiagh,Tarlan Eshtiagh,CONCERT,10.09,15:00,16:00
Milan Conic,"THU 10.09, 15:00 – 19:00",C. Bechstein Centrum Linz,Keys Beyond Boundaries,From Hammer Action to Digital Sound Design,CONCERT,10.09,15:00,19:00
Milan Conic,"THU 10.09, 16:00 – 17:00",C. Bechstein Centrum Linz,TiSHiNA (duo),TiSHiNA (duo),CONCERT,10.09,16:00,17:00
Milan Conic,"THU 10.09, 18:00 – 19:00",C. Bechstein Centrum Linz,Te-En Chen,Te-En Chen,CONCERT,10.09,18:00,19:00
Milan Conic,"FRI 11.09, 15:00 – 16:00",C. Bechstein Centrum Linz,TiSHiNA (duo),TiSHiNA (duo),CONCERT,11.09,15:00,16:00
Milan Conic,"FRI 11.09, 15:00 – 19:00",C. Bechstein Centrum Linz,Keys Beyond Boundaries,From Hammer Action to Digital Sound Design,CONCERT,11.09,15:00,19:00
Milan Conic,"FRI 11.09, 16:00 – 17:00",C. Bechstein Centrum Linz,Tarlan Eshtiagh,Tarlan Eshtiagh,CONCERT,11.09,16:00,17:00
Milan Conic,"FRI 11.09, 18:00 – 19:00",C. Bechstein Centrum Linz,The Unsettled,The Unsettled,CONCERT,11.09,18:00,19:00
Milan Conic,"SAT 12.09, 15:00 – 16:00",C. Bechstein Centrum Linz,Te-En Chen,Te-En Chen,CONCERT,12.09,15:00,16:00
Milan Conic,"SAT 12.09, 15:00 – 19:00",C. Bechstein Centrum Linz,Keys Beyond Boundaries,From Hammer Action to Digital Sound Design,CONCERT,12.09,15:00,19:00
Milan Conic,"SAT 12.09, 16:00 – 17:00",C. Bechstein Centrum Linz,Maja Vidic – Free Association Improvisation,Maja Vidic – Free Association Improvisation,CONCERT,12.09,16:00,17:00
Milan Conic,"SAT 12.09, 18:00 – 19:00",C. Bechstein Centrum Linz,The Unsettled,The Unsettled,CONCERT,12.09,18:00,19:00
Milan Conic,"SUN 13.09, 15:00 – 16:00",C. Bechstein Centrum Linz,Maja Vidic – Free Association Improvisation,Maja Vidic – Free Association Improvisation,CONCERT,13.09,15:00,16:00
Milan Conic,"SUN 13.09, 15:00 – 18:00",C. Bechstein Centrum Linz,Keys Beyond Boundaries,From Hammer Action to Digital Sound Design,CONCERT,13.09,15:00,18:00
Milan Conic,"SUN 13.09, 16:00 – 17:00",C. Bechstein Centrum Linz,Milan Conic & Lotte Sandhacker,Milan Conic & Lotte Sandhacker,CONCERT,13.09,16:00,17:00
Miles Chanbai,,,,,,,,
MIM collective,,,,,,,,
Min-Chen Chang,,,,,,,,
Min-hyub Hwang,,,,,,,,
Minghong Zhang,,,,,,,,
Mira Maierhofer,,,,,,,,
Miriam Hamann,,,,,,,,
Miriam Sára Nagy,,,,,,,,
Mirjam Bär,,,,,,,,
Mirna Zordan,,,,,,,,
Misagh Saboori,,,,,,,,
Misako Kawata,"FRI 11.09, 13:00 – 13:30","Ars Electronica Center, Level -3, Open Futurelab",Hello Worlds! Behind the Prototype: Resonance Loom,How do weaving and AI shape each other?,OPEN LAB,11.09,13:00,13:30
Misako Kawata,"SAT 12.09, 13:00 – 13:30","Ars Electronica Center, Level -3, Open Futurelab",Hello Words! Behind the Prototype: How Ideas Become Experiences,Building Hello Worlds!,OPEN LAB,12.09,13:00,13:30
Mittelschule Kettenbrücke,"WED 09.09, 12:00 – 14:00",C. Bechstein Centrum Linz,"12.5 square meters—space for a car, or…","12.5 square meters—space for a car, or…",PROJECT,09.09,12:00,14:00
Mittelschule Kettenbrücke,"THU 10.09, 12:00 – 14:00",C. Bechstein Centrum Linz,"12.5 square meters—space for a car, or…","12.5 square meters—space for a car, or…",PROJECT,10.09,12:00,14:00
Mittelschule Kettenbrücke,"FRI 11.09, 12:00 – 14:00",C. Bechstein Centrum Linz,"12.5 square meters—space for a car, or…","12.5 square meters—space for a car, or…",PROJECT,11.09,12:00,14:00
Mittelschule Kettenbrücke,"SAT 12.09, 12:00 – 14:00",C. Bechstein Centrum Linz,"12.5 square meters—space for a car, or…","12.5 square meters—space for a car, or…",PROJECT,12.09,12:00,14:00
Mittelschule Kettenbrücke,"SUN 13.09, 12:00 – 14:00",C. Bechstein Centrum Linz,"12.5 square meters—space for a car, or…","12.5 square meters—space for a car, or…",PROJECT,13.09,12:00,14:00
Mobina Vatandoost,"SAT 12.09, 17:00 – 18:00","Anton Bruckner University, Sonic Lab","Post-Digital Instruments Concert – Tangible Music Lab, University of Arts Linz","Post-Digital Instruments Concert – Tangible Music Lab, University of Arts Linz",CONCERT,12.09,17:00,18:00
moderated by Andrea Barschdorf-Hager,"FRI 11.09, 11:05 – 11:45","Ursulinenhof Linz, Ursulinensaal",Who Shapes the Future?,Who Shapes the Future?,LECTURE & TALK,11.09,11:05,11:45
moderated by Julia Kloiber,"THU 10.09, 14:20 – 14:50","Ursulinenhof Linz, Ursulinensaal","What Alternatives? Power, Labour, Planet","What Alternatives? Power, Labour, Planet",PANEL DISCUSSION,10.09,14:20,14:50
Mohamad Alzhouri,"08.09, 22:00 – 23:00","Ars Electronica Center, Façade",Urban Screen Lab,Urban Screen Lab,PROJECT,08.09,22:00,23:00
Mohamad Alzhouri,"WED 09.09, 22:00 – 23:00","Ars Electronica Center, Façade",Urban Screen Lab,Urban Screen Lab,PROJECT,09.09,22:00,23:00
Mohamad Alzhouri,"THU 10.09, 22:00 – 23:00","Ars Electronica Center, Façade",Urban Screen Lab,Urban Screen Lab,PROJECT,10.09,22:00,23:00
Mohamad Alzhouri,"SUN 13.09, 22:00 – 23:00","Ars Electronica Center, Façade",Urban Screen Lab,Urban Screen Lab,PROJECT,13.09,22:00,23:00
Mond,"THU 10.09, 12:00 – 14:00",Main Square Linz,AI and Property Relations: Who Owns Our Collective Knowledge?,AI and Property Relations: Who Owns Our Collective Knowledge?,WORKSHOP,10.09,12:00,14:00
Mond / Attac Grundeinkommen,"THU 10.09, 13:30 – 15:30","Ursulinenhof Linz, Gewölbesaal",Basic Income for Artists – Ireland as a Model,Basic Income for Artists – Ireland as a Model,WORKSHOP,10.09,13:30,15:30
Monika Machútová,"THU 10.09, 11:00 – 12:00","Ars Electronica Center, Level 0, Deep Space 8K",Interplayful Environments Part III,Interplayful Environments Part III,EXPERIENCE,10.09,11:00,12:00
Monika Machútová,"THU 10.09, 19:00 – 19:30","Ars Electronica Center, Level 0, Deep Space 8K",[not] breaking the cycle,[not] breaking the cycle,PERFORMANCE,10.09,19:00,19:30
Montaha,"08.09, 17:00 – 22:00","University of Arts Linz, Hauptplatz 6 (East Building), Courtyard",Sound Campus (TUE 8.9.),Listening Underground,PROJECT,08.09,17:00,22:00
Moon Davé,"THU 10.09, 16:00 – 16:30","Ars Electronica Center, Level 0, Deep Space 8K",A Quarter Century of Processing,A Quarter Century of Processing,PERFORMANCE,10.09,16:00,16:30
Morgan Currie,"WED 09.09, 10:00 – 17:00","JKU MED Campus, Administration Building (ADM), JKU medLOFT (9th floor)",Creativity as civic infrastructure: CCIs and digital commons,Creativity as civic infrastructure: CCIs and digital commons,OPEN LAB,09.09,10:00,17:00
Moritz Aigner,,,,,,,,
Moritz Kolmbauer,"THU 10.09, 18:00 – 22:00","University of Arts Linz, Hauptplatz 6 (East Building), Courtyard",Sound Campus (THU 10.9.),Listening Underground,PROJECT,10.09,18:00,22:00
Moritz Simon Geist,,,,,,,,
Muri Anda,"08.09, 17:00 – 22:00","University of Arts Linz, Hauptplatz 6 (East Building), Courtyard",Sound Campus (TUE 8.9.),Listening Underground,PROJECT,08.09,17:00,22:00
Murilo Orefice,,,,,,,,
Mushon Zer Aviv,"THU 10.09, 15:00 – 16:30","Catholic Private University Linz, Linz Diocesan Library",Future Screenshots,A Political Imagination Workshop,WORKSHOP,10.09,15:00,16:30
Mushon Zer Aviv,"FRI 11.09, 16:00 – 17:30","Catholic Private University Linz, Linz Diocesan Library",Future Screenshots,A Political Imagination Workshop,WORKSHOP,11.09,16:00,17:30
Mushon Zer Aviv,"SAT 12.09, 11:00 – 12:30","Catholic Private University Linz, Linz Diocesan Library",Future Screenshots,A Political Imagination Workshop,WORKSHOP,12.09,11:00,12:30
Mushon Zer-Aviv,"WED 09.09, 16:00 – 17:00","Ursulinenhof Linz, Ursulinensaal",Designing the Digital Public: Building Spaces for Democratic Negotiation,Designing the Digital Public: Building Spaces for Democratic Negotiation,PANEL DISCUSSION,09.09,16:00,17:00
Mushon Zer-Aviv,"THU 10.09, 15:00 – 16:30","Catholic Private University Linz, Linz Diocesan Library",Future Screenshots,A Political Imagination Workshop,WORKSHOP,10.09,15:00,16:30
Mushon Zer-Aviv,"FRI 11.09, 16:00 – 17:30","Catholic Private University Linz, Linz Diocesan Library",Future Screenshots,A Political Imagination Workshop,WORKSHOP,11.09,16:00,17:30
Mushon Zer-Aviv,"SAT 12.09, 11:00 – 12:30","Catholic Private University Linz, Linz Diocesan Library",Future Screenshots,A Political Imagination Workshop,WORKSHOP,12.09,11:00,12:30
Nadia Struiwigh,"SAT 12.09, 02:00 – 02:45",Posthof Linz,Nadia Struiwigh,Nadia Struiwigh,CONCERT,12.09,02:00,02:45
Nadzeya Straltschenia,,,,,,,,
Nancy Bates,,,,,,,,
Naomi Noir,"WED 09.09, 14:00 – 14:45","JKU MED Campus, Laboratory Building (LAB), Level 1, JKU medSPACE",Ghost Stories: Negotiating Between Worlds,Ghost Stories: Negotiating Between Worlds,SCREENING,09.09,14:00,14:45
Naomi Noir,"THU 10.09, 16:30 – 17:15","JKU MED Campus, Laboratory Building (LAB), Level 1, JKU medSPACE",Ghost Stories: Negotiating Between Worlds,Ghost Stories: Negotiating Between Worlds,SCREENING,10.09,16:30,17:15
Naomi Noir,"FRI 11.09, 14:45 – 15:30","JKU MED Campus, Laboratory Building (LAB), Level 1, JKU medSPACE",Ghost Stories: Negotiating Between Worlds,Ghost Stories: Negotiating Between Worlds,SCREENING,11.09,14:45,15:30
Naomi Noir,"SUN 13.09, 14:00 – 14:45","JKU MED Campus, Laboratory Building (LAB), Level 1, JKU medSPACE",Ghost Stories: Negotiating Between Worlds,Ghost Stories: Negotiating Between Worlds,SCREENING,13.09,14:00,14:45
Narcy Calamatta,"THU 10.09, 13:30 – 15:30","Ursulinenhof Linz, Gewölbesaal",Basic Income for Artists – Ireland as a Model,Basic Income for Artists – Ireland as a Model,WORKSHOP,10.09,13:30,15:30
Natalia Agati,"WED 09.09, 16:00 – 17:20","Ars Electronica Center, Maindeck",Destituent Laughing Choir,Destituent Laughing Choir,PERFORMANCE,09.09,16:00,17:20
Natalia Agati,"THU 10.09, 16:00 – 17:20","Ars Electronica Center, Maindeck",Destituent Laughing Choir,Destituent Laughing Choir,PERFORMANCE,10.09,16:00,17:20
Natalia Agati,"FRI 11.09, 16:00 – 17:20","Ars Electronica Center, Maindeck",Destituent Laughing Choir,Destituent Laughing Choir,PERFORMANCE,11.09,16:00,17:20
Natalia Agati,"SAT 12.09, 16:00 – 17:20","Ars Electronica Center, Maindeck",Destituent Laughing Choir,Destituent Laughing Choir,PERFORMANCE,12.09,16:00,17:20
Natalia Agati,"SUN 13.09, 16:00 – 17:20","Ars Electronica Center, Maindeck",Destituent Laughing Choir,Destituent Laughing Choir,PERFORMANCE,13.09,16:00,17:20
Natalia Balska,"THU 10.09, 12:00 – 13:00",,MEET THE ARTIST: Capital Dream,MEET THE ARTIST: Capital Dream,MEET THE ARTIST,10.09,12:00,13:00
Natascha Gangl,"SAT 12.09, 20:30 – 21:30",Donaupark,ATTheENDLinz—Linzer Klangwolke 26,presented by Sparkasse OÖ & LINZ AG,CONCERT,12.09,20:30,21:30
Nathalie Kronberger,,,,,,,,
Navid Javan Shojamofrad,,,,,,,,
Nea Ehrlich,"WED 09.09, 16:30 – 18:00","Ars Electronica Center, Level 3, Sky Loft",Academic Session: Research Track,Academic Session: Research Track,CONFERENCE,09.09,16:30,18:00
NENDA,"WED 09.09, 19:55 – 20:25",St. Mary’s Cathedral,KRRRA,KRRRA,CONCERT,09.09,19:55,20:25
NENDA,"WED 09.09, 20:25 – 20:45",St. Mary’s Cathedral,Declaring Humanity,Declaring Humanity,PERFORMANCE,09.09,20:25,20:45
NEVSS,"WED 09.09, 17:30 – 22:00","University of Arts Linz, Hauptplatz 6 (East Building), Courtyard",Sound Campus (WED 9.9.),Listening Underground,PROJECT,09.09,17:30,22:00
Nickii Schamborski,,,,,,,,
Nicol Budinova,,,,,,,,
Nicol Dostálová,"WED 09.09, 16:30 – 18:00","Ars Electronica Center, Level 3, Sky Loft",Academic Session: Research Track,Academic Session: Research Track,CONFERENCE,09.09,16:30,18:00
Nicola Köhler,,,,,,,,
Nicola Vuolo,"THU 10.09, 10:00 – 18:00","JKU MED Campus, Administration Building (ADM), JKU medLOFT (9th floor)",RIECS Summit: Designing the Future of Citizen Science Infrastructure,RIECS Summit: Designing the Future of Citizen Science Infrastructure,WORKSHOP,10.09,10:00,18:00
Nicola Vuolo,"FRI 11.09, 10:00 – 18:00","JKU MED Campus, Administration Building (ADM), JKU medLOFT (9th floor)",RIECS Summit: Designing the Future of Citizen Science Infrastructure,RIECS Summit: Designing the Future of Citizen Science Infrastructure,WORKSHOP,11.09,10:00,18:00
Nicolai Maus,,,,,,,,
Nicolas Naveau,"FRI 11.09, 14:30 – 15:30","OK Linz, voestalpine OPEN SPACE",Town Hall Meeting: Hello Worlds!,Negotiating Humanity through Art × Industry × Research,NETWORKING EVENT,11.09,14:30,15:30
Nicolas Naveau,"FRI 11.09, 17:00 – 17:30","Ars Electronica Center, Level -3, Open Futurelab",Hello Worlds! Behind the Prototype: Interbeing Lab (Corpus Corax & Conversations Beyond the Ordinary),Why do we want to talk to things?,OPEN LAB,11.09,17:00,17:30
Nicolas Naveau,"SAT 12.09, 13:00 – 13:30","Ars Electronica Center, Level -3, Open Futurelab",Hello Words! Behind the Prototype: How Ideas Become Experiences,Building Hello Worlds!,OPEN LAB,12.09,13:00,13:30
Nicolò Merendino,,,,,,,,
Niklas Beuter,"WED 09.09, 16:30 – 18:00","Ars Electronica Center, Level 3, Sky Loft",Academic Session: Research Track,Academic Session: Research Track,CONFERENCE,09.09,16:30,18:00
Nikolaus Sabathiel,"SAT 12.09, 17:30 – 18:30","Ars Electronica Center, Level -3, Open Futurelab",From Collection to Connection,Past Forward / Cultural Heritage in Motion,PANEL DISCUSSION,12.09,17:30,18:30
Nils Gallist,"FRI 11.09, 13:30 – 14:00","Ars Electronica Center, Level 0, Deep Space 8K",Interactive Brosch – Red Dinosaurs,AI-generated Navigable Spaces for Exploring Art Archives,EXPERIENCE,11.09,13:30,14:00
Nils Gallist,"SAT 12.09, 15:00 – 15:30","Ars Electronica Center, Level 0, Deep Space 8K",Interactive Brosch – Red Dinosaurs,AI-generated Navigable Spaces for Exploring Art Archives,EXPERIENCE,12.09,15:00,15:30
Nils Gilman,"THU 10.09, 15:35 – 15:55","Ursulinenhof Linz, Ursulinensaal",Children of a Modest Star: Governing Beyond the Nation-State,Children of a Modest Star: Governing Beyond the Nation-State,KEYNOTE,10.09,15:35,15:55
Nils Penner,"WED 09.09, 15:00 – 17:00","Ursulinenhof Linz, Gewölbesaal",Character Lab: Digital Companions for a Festival of the Future,Creating AI guide characters for Ars Electronica,WORKSHOP,09.09,15:00,17:00
Nina Boelsums,"THU 10.09, 12:00 – 14:00",Main Square Linz,AI and Property Relations: Who Owns Our Collective Knowledge?,AI and Property Relations: Who Owns Our Collective Knowledge?,WORKSHOP,10.09,12:00,14:00
Nina Kegel,"FRI 11.09, 17:45 – 18:00",Main Square Linz,Post Compost – Forest Reset,Post Compost – Forest Reset,PERFORMANCE,11.09,17:45,18:00
Nina Weiss,"SAT 12.09, 13:30 – 14:15","OK Linz, voestalpine OPEN SPACE",Extended Reality – An Art Form in Public Space (on Trinity-Tarot-Garden),A public conversation on the XR sculpture park Trinity-Tarot -Garden by Ugo Dossi and Stefan Göppel,NETWORKING EVENT,12.09,13:30,14:15
Norbert Artner,"FRI 11.09, 13:30 – 14:00","Ars Electronica Center, Level 0, Deep Space 8K",Interactive Brosch – Red Dinosaurs,AI-generated Navigable Spaces for Exploring Art Archives,EXPERIENCE,11.09,13:30,14:00
Norbert Artner,"SAT 12.09, 15:00 – 15:30","Ars Electronica Center, Level 0, Deep Space 8K",Interactive Brosch – Red Dinosaurs,AI-generated Navigable Spaces for Exploring Art Archives,EXPERIENCE,12.09,15:00,15:30
Norbert Kowalczyk,"FRI 11.09, 16:30 – 17:00","Anton Bruckner University, Studiobühne",The Syntax of Nature and Other Approximate Truths,The Syntax of Nature and Other Approximate Truths,CONCERT,11.09,16:30,17:00
Norbert Kowalczyk,"SAT 12.09, 18:30 – 19:00","Anton Bruckner University, Studiobühne",The Syntax of Nature and Other Approximate Truths,The Syntax of Nature and Other Approximate Truths,CONCERT,12.09,18:30,19:00
Noura Sharaf,,,,,,,,
Nozomu Kubota,"WED 09.09, 14:30 – 16:00","Ars Electronica Center, Level 3, Sky Loft",Academic Session: Art Track #2 Authorship,Academic Session: Art Track #2 Authorship,CONFERENCE,09.09,14:30,16:00
Nozomu Kubota,"THU 10.09, 12:30 – 13:30","JKU MED Campus, Laboratory Building (LAB), Level 1, JKU medSPACE",AI’s Silent Omissions,MEET THE ARTIST,SCREENING,10.09,12:30,13:30
Nóra Barna,,,,,,,,
Olesia Kvitka,,,,,,,,
Oliver Fürst and Bernhard Aichhorn,"WED 09.09, 13:00 – 13:10",splace,Hydrogen at the BMW Group Plant Steyr,Hydrogen at the BMW Group Plant Steyr,LECTURE & TALK,09.09,13:00,13:10
Oliver Fürst and Bernhard Aichhorn,"FRI 11.09, 13:00 – 13:10",splace,Hydrogen at the BMW Group Plant Steyr,Hydrogen at the BMW Group Plant Steyr,LECTURE & TALK,11.09,13:00,13:10
Oliver Stummer,"THU 10.09, 10:00 – 18:00","JKU MED Campus, Administration Building (ADM), JKU medLOFT (9th floor)",RIECS Summit: Designing the Future of Citizen Science Infrastructure,RIECS Summit: Designing the Future of Citizen Science Infrastructure,WORKSHOP,10.09,10:00,18:00
Oliver Stummer,"FRI 11.09, 10:00 – 18:00","JKU MED Campus, Administration Building (ADM), JKU medLOFT (9th floor)",RIECS Summit: Designing the Future of Citizen Science Infrastructure,RIECS Summit: Designing the Future of Citizen Science Infrastructure,WORKSHOP,11.09,10:00,18:00
Oluwaseun Kayode,"FRI 11.09, 12:10 – 13:00","Ursulinenhof Linz, Ursulinensaal",AI for Social Impact Award: The award winning projects,AI for Social Impact Award: The award winning projects,LECTURE & TALK,11.09,12:10,13:00
Omar Costa Hamido,,,,,,,,
Omid Zolfaghari,,,,,,,,
OpenFields,"SUN 13.09, 15:30 – 17:30",bb15,Water Whisperer,Water Whisperer,WORKSHOP,13.09,15:30,17:30
OpenFields: Zeynep Aksöz Balzar,,,,,,,,
Orwa Saleh,"WED 09.09, 19:15 – 19:45",St. Mary’s Cathedral,Hadra Rave,Hadra Rave,CONCERT,09.09,19:15,19:45
Oskar Boldre,"WED 09.09, 20:25 – 20:45",St. Mary’s Cathedral,Declaring Humanity,Declaring Humanity,PERFORMANCE,09.09,20:25,20:45
Owelle,"SAT 12.09, 01:10 – 01:55",Posthof Linz,Owelle (live visuals by Structurals),Owelle (live visuals by Structurals),PERFORMANCE,12.09,01:10,01:55
Ozan Tezvaran,,,,,,,,
P.A.I.N. Collective,,,,,,,,
Pablo Felley,"SAT 12.09, 01:10 – 01:55",Posthof Linz,Owelle (live visuals by Structurals),Owelle (live visuals by Structurals),PERFORMANCE,12.09,01:10,01:55
Pablo Ferrería Hijón,,,,,,,,
PAIN Collective,,,,,,,,
Paolo Almario,,,,,,,,
Paria Dayyani,"WED 09.09, 17:00 – 18:00","Ars Electronica Center, Level 0, Deep Space 8K",Interplayful Environments Part II,Interplayful Environments Part II,EXPERIENCE,09.09,17:00,18:00
PAROLA,"WED 09.09, 20:25 – 20:45",St. Mary’s Cathedral,Declaring Humanity,Declaring Humanity,PERFORMANCE,09.09,20:25,20:45
Pascal Nowarra,"WED 09.09, 10:00 – 11:30","Ars Electronica Center, Level 3, Sky Loft",Expanded Play Gallery,Moderated by Jeremiah Diephuis (GB/AT),CONFERENCE,09.09,10:00,11:30
Pastagang,"SAT 12.09, 11:00 – 14:00","Ars Electronica Center, Maindeck",Jamming with and as Pastagang,Jamming with and as Pastagang,WORKSHOP,12.09,11:00,14:00
Patricia Soto Molina,"THU 10.09, 19:00 – 19:30","Ars Electronica Center, Level 0, Deep Space 8K",[not] breaking the cycle,[not] breaking the cycle,PERFORMANCE,10.09,19:00,19:30
Patricia Soto Molina,"SAT 12.09, 11:00 – 20:00",,Leonardo LASER Talks Linz – Lab Songs Vol. III: Quantum Vermouth,Lab Songs Vol. III – Sobremesas,LECTURE & TALK,12.09,11:00,20:00
Patrick Berger,"SAT 12.09, 15:15 – 16:15","Ars Electronica Center, Level -3, Open Futurelab",mozXR: Empowering Creative Minds in XR,mozXR: Empowering Creative Minds in XR,PANEL DISCUSSION,12.09,15:15,16:15
Patrick Ortiz,,,,,,,,
Paul Eis,,,,,,,,
Paul Hesse,,,,,,,,
Paul Kron,,,,,,,,
Paul Kuhn,,,,,,,,
Paul Takunda Chiwona,,,,,,,,
Paul Thomas,"FRI 11.09, 11:00 – 13:00","Ursulinenhof Linz, Gewölbesaal","Media Art Practice: collaborate, conserve, context and intentionality","Media Art Practice: collaborate, conserve, context and intentionality",WORKSHOP,11.09,11:00,13:00
Paula Tavares,"THU 10.09, 14:30 – 16:00","Ars Electronica Center, Level 3, Sky Loft",Birds of a Feather: Connecting Media Art Research,Moderated by Juergen Hagler (AT),CONFERENCE,10.09,14:30,16:00
Pauline Barth,,,,,,,,
Pauline Gillich,,,,,,,,
Pauline Lotti Müller,,,,,,,,
Paulo Costa,,,,,,,,
Paulo Itaborai,,,,,,,,
Pavithren V S Pakianathan,,,,,,,,
Pedro Lopes,,,,,,,,
Pei-Ying Lin,"THU 10.09, 10:00 – 11:30","Ars Electronica Center, Level 3, Sky Loft",Academic Session: Art Track #3 Control,Academic Session: Art Track #3 Control,CONFERENCE,10.09,10:00,11:30
Peijing Mou,"THU 10.09, 16:30 – 18:00","Ars Electronica Center, Level 3, Sky Loft",Academic Session: Art Track #5 More-than-Human,Academic Session: Art Track #5 More-than-Human,CONFERENCE,10.09,16:30,18:00
Perry-James Sugden ),,,,,,,,
Peter Androsch,,,,,,,,
Peter Burr,"THU 10.09, 16:30 – 17:30","Ars Electronica Center, Level 0, Deep Space 8K",Onassis ONX Showcase,A selection of moving image works from the Onassis Foundation’s global platform for art and advanced technology,SCREENING,10.09,16:30,17:30
Peter Burr,"SUN 13.09, 16:00 – 17:00","Ars Electronica Center, Level 0, Deep Space 8K",Onassis ONX Showcase,A selection of moving image works from the Onassis Foundation’s global platform for art and advanced technology,SCREENING,13.09,16:00,17:00
Peter Fellner,,,,,,,,
Peter Freudling,"SAT 12.09, 12:30 – 13:00","Ars Electronica Center, Level 0, Deep Space 8K",Faust 2023 revised,Faust 2023 revised,EXPERIENCE,12.09,12:30,13:00
Peter Holzer,,,,,,,,
Peter Holzkorn,"WED 09.09, 13:00 – 13:30","Ars Electronica Center, Level -3, Open Futurelab",Hello Worlds! Behind the Prototype: Hello Worlds! System,How can an exhibition become a platform?,OPEN LAB,09.09,13:00,13:30
Peter Holzkorn,"WED 09.09, 17:00 – 17:30","Ars Electronica Center, Level -3, Open Futurelab",Hello Worlds! Behind the Prototype / Artwork: Deep Mirror & Algorithms in Reflection,How do our technologies see us?,OPEN LAB,09.09,17:00,17:30
Peter Holzkorn,"FRI 11.09, 17:00 – 17:30","Ars Electronica Center, Level -3, Open Futurelab",Hello Worlds! Behind the Prototype: Interbeing Lab (Corpus Corax & Conversations Beyond the Ordinary),Why do we want to talk to things?,OPEN LAB,11.09,17:00,17:30
Peter Holzkorn,"FRI 11.09, 17:45 – 18:30","Ars Electronica Center, Level -3, Open Futurelab",Futurelab Networking: Feminist Tools for the Future,Futurelab Networking: Feminist Tools for the Future,NETWORKING EVENT,11.09,17:45,18:30
Peter Sommer,"THU 10.09, 12:00 – 13:30",Klimaoase Linz-Lustenau,"Die Böden der Linzer Donau – einst, heute & in Zukunft",Seeds of Connection Soil Walk,GUIDED TOUR,10.09,12:00,13:30
Petra Linhartova,"WED 09.09, 14:00 – 15:00","OK Linz, voestalpine OPEN SPACE",Town Hall Meeting: ArtScience X ArsBiologica,Mapping the Intangible Impacts of Art–Science Encounters,NETWORKING EVENT,09.09,14:00,15:00
Petra Vicianova,"SAT 12.09, 14:00 – 16:00",,Crafting Futures Lab: Crushing the Rocks,Crafting Futures Lab: Crushing the Rocks,WORKSHOP,12.09,14:00,16:00
Philipp Fasching,,,,,,,,
Philipp Haslbauer,"WED 09.09, 10:00 – 11:30","Ars Electronica Center, Level 3, Sky Loft",Expanded Play Gallery,Moderated by Jeremiah Diephuis (GB/AT),CONFERENCE,09.09,10:00,11:30
Philipp Wenisch,,,,,,,,
Philipp Wintersberger,"WED 09.09, 16:30 – 18:00","Ars Electronica Center, Level 3, Sky Loft",Academic Session: Research Track,Academic Session: Research Track,CONFERENCE,09.09,16:30,18:00
Philipp “Flip” Kroll,"WED 09.09, 13:00 – 13:10","JKU MED Campus, Teaching Building (LEH), Level 0, Lecture Hall 2",Press Start – RADICAL GAMING Performance,The promise of belonging,PERFORMANCE,09.09,13:00,13:10
Philipp “Flip” Kroll,"WED 09.09, 17:00 – 17:10","JKU MED Campus, Teaching Building (LEH), Level 0, Lecture Hall 2",Press Start – RADICAL GAMING Performance,The promise of belonging,PERFORMANCE,09.09,17:00,17:10
Philipp “Flip” Kroll,"THU 10.09, 13:00 – 13:10","JKU MED Campus, Teaching Building (LEH), Level 0, Lecture Hall 2",Press Start – RADICAL GAMING Performance,The promise of belonging,PERFORMANCE,10.09,13:00,13:10
Philipp “Flip” Kroll,"THU 10.09, 17:00 – 17:10","JKU MED Campus, Teaching Building (LEH), Level 0, Lecture Hall 2",Press Start – RADICAL GAMING Performance,The promise of belonging,PERFORMANCE,10.09,17:00,17:10
Philipp “Flip” Kroll,"FRI 11.09, 13:00 – 13:10","JKU MED Campus, Teaching Building (LEH), Level 0, Lecture Hall 2",Press Start – RADICAL GAMING Performance,The promise of belonging,PERFORMANCE,11.09,13:00,13:10
Philipp “Flip” Kroll,"FRI 11.09, 17:00 – 17:10","JKU MED Campus, Teaching Building (LEH), Level 0, Lecture Hall 2",Press Start – RADICAL GAMING Performance,The promise of belonging,PERFORMANCE,11.09,17:00,17:10
Philipp “Flip” Kroll,"SAT 12.09, 13:00 – 13:10","JKU MED Campus, Teaching Building (LEH), Level 0, Lecture Hall 2",Press Start – RADICAL GAMING Performance,The promise of belonging,PERFORMANCE,12.09,13:00,13:10
Philipp “Flip” Kroll,"SAT 12.09, 17:00 – 17:10","JKU MED Campus, Teaching Building (LEH), Level 0, Lecture Hall 2",Press Start – RADICAL GAMING Performance,The promise of belonging,PERFORMANCE,12.09,17:00,17:10
Philipp “Flip” Kroll,"SUN 13.09, 13:00 – 13:10","JKU MED Campus, Teaching Building (LEH), Level 0, Lecture Hall 2",Press Start – RADICAL GAMING Performance,The promise of belonging,PERFORMANCE,13.09,13:00,13:10
Philipp “Flip” Kroll,"SUN 13.09, 17:00 – 17:10","JKU MED Campus, Teaching Building (LEH), Level 0, Lecture Hall 2",Press Start – RADICAL GAMING Performance,The promise of belonging,PERFORMANCE,13.09,17:00,17:10
Philippe Pasquier,"THU 10.09, 11:30 – 13:00","Ars Electronica Center, Level 3, Sky Loft",Academic Session: Art Track #4 Embodiment,Academic Session: Art Track #4 Embodiment,CONFERENCE,10.09,11:30,13:00
Pia Putz,"FRI 11.09, 11:00 – 12:00","JKU MED Campus, Laboratory Building (LAB), Level 1, JKU medSPACE",Austrian Panorama,Austrian Panorama,SCREENING,11.09,11:00,12:00
Piotr Madej,"THU 10.09, 12:00 – 13:00",,MEET THE ARTIST: Capital Dream,MEET THE ARTIST: Capital Dream,MEET THE ARTIST,10.09,12:00,13:00
Playfool,,,,,,,,
Po-yun Kuo,,,,,,,,
Point of Ukraine,"WED 09.09, 20:25 – 20:45",St. Mary’s Cathedral,Declaring Humanity,Declaring Humanity,PERFORMANCE,09.09,20:25,20:45
Polina Tsakanian,,,,,,,,
Predrag K. Nikolić,,,,,,,,
Predrag Nikolic,,,,,,,,
Prim. Univ.-Prof. Dr. Franz Fellner,"FRI 11.09, 18:00 – 19:00","JKU MED Campus, Laboratory Building (LAB), Level 1, JKU medSPACE",Anatomy for Everyone,A journey through the human body,EXPERIENCE,11.09,18:00,19:00
Priscella Uvalle,"FRI 11.09, 20:00 – 21:00","Anton Bruckner University, Sonic Lab","400 Lunas – Music, Dance, Moving Image and Spatial Audio",LLUVIA DE PALOS – KUAUHKIAUHTZINTLI,CONCERT,11.09,20:00,21:00
Progressdination,,,,,,,,
Qianqian Ye,"THU 10.09, 16:00 – 16:30","Ars Electronica Center, Level 0, Deep Space 8K",A Quarter Century of Processing,A Quarter Century of Processing,PERFORMANCE,10.09,16:00,16:30
Qing Yang,,,,,,,,
Qingyi Ren,,,,,,,,
Ra Asensi,"FRI 11.09, 15:00 – 16:00","Francisco Carolinum, Level 2",Test_Lab: Incompleteness as Reorientation,Test_Lab: Incompleteness as Reorientation,MEET THE ARTIST,11.09,15:00,16:00
Ra Asensi,"SAT 12.09, 17:00 – 17:45",Francisco Carolinum,Ra Asensi’s [Meta]morphe,Ra Asensi’s [Meta]morphe,PERFORMANCE,12.09,17:00,17:45
Rab McClure,,,,,,,,
Radha D'Souza,"SUN 13.09, 14:15 – 15:00","Ursulinenhof Linz, Ursulinensaal","The Flows of Law, Technology and Empire Through Water and History","The Flows of Law, Technology and Empire Through Water and History",KEYNOTE,13.09,14:15,15:00
Radha D’Souza,"SUN 13.09, 14:15 – 15:00","Ursulinenhof Linz, Ursulinensaal","The Flows of Law, Technology and Empire Through Water and History","The Flows of Law, Technology and Empire Through Water and History",KEYNOTE,13.09,14:15,15:00
Radu Paul Simon Reinhardt,,,,,,,,
Rafael Fingerlos,"SAT 12.09, 20:30 – 21:30",Donaupark,ATTheENDLinz—Linzer Klangwolke 26,presented by Sparkasse OÖ & LINZ AG,CONCERT,12.09,20:30,21:30
Rafael Lozano-Hemmer,"THU 10.09, 16:15 – 16:35","Ursulinenhof Linz, Ursulinensaal",Antimonuments,Antimonuments,LECTURE & TALK,10.09,16:15,16:35
Rafael Lozano-Hemmer,"FRI 11.09, 12:10 – 13:00","Ursulinenhof Linz, Ursulinensaal",AI for Social Impact Award: The award winning projects,AI for Social Impact Award: The award winning projects,LECTURE & TALK,11.09,12:10,13:00
Rafael Lozano-Hemmer,"FRI 11.09, 16:00 – 17:30","JKU MED Campus, Laboratory Building (LAB), Level 1, JKU medSPACE",Border Tuner | Sintonizador Fronterizo,Border Tuner | Sintonizador Fronterizo,LECTURE & TALK,11.09,16:00,17:30
Rahim Tooranian,,,,,,,,
Rainer Mühlhoff,"FRI 11.09, 15:50 – 16:30","Ursulinenhof Linz, Ursulinensaal",The Tech-Elite and the new Fascism,The Tech-Elite and the new Fascism,LECTURE & TALK,11.09,15:50,16:30
Rainer Mühlhoff,"FRI 11.09, 18:00 – 18:50","Ursulinenhof Linz, Ursulinensaal",Roundtable Discussion,Roundtable Discussion,PANEL DISCUSSION,11.09,18:00,18:50
Rajiv Bhagwanbali,"WED 09.09, 13:00 – 13:10","JKU MED Campus, Teaching Building (LEH), Level 0, Lecture Hall 2",Press Start – RADICAL GAMING Performance,The promise of belonging,PERFORMANCE,09.09,13:00,13:10
Rajiv Bhagwanbali,"WED 09.09, 17:00 – 17:10","JKU MED Campus, Teaching Building (LEH), Level 0, Lecture Hall 2",Press Start – RADICAL GAMING Performance,The promise of belonging,PERFORMANCE,09.09,17:00,17:10
Rajiv Bhagwanbali,"THU 10.09, 13:00 – 13:10","JKU MED Campus, Teaching Building (LEH), Level 0, Lecture Hall 2",Press Start – RADICAL GAMING Performance,The promise of belonging,PERFORMANCE,10.09,13:00,13:10
Rajiv Bhagwanbali,"THU 10.09, 17:00 – 17:10","JKU MED Campus, Teaching Building (LEH), Level 0, Lecture Hall 2",Press Start – RADICAL GAMING Performance,The promise of belonging,PERFORMANCE,10.09,17:00,17:10
Rajiv Bhagwanbali,"FRI 11.09, 13:00 – 13:10","JKU MED Campus, Teaching Building (LEH), Level 0, Lecture Hall 2",Press Start – RADICAL GAMING Performance,The promise of belonging,PERFORMANCE,11.09,13:00,13:10
Rajiv Bhagwanbali,"FRI 11.09, 17:00 – 17:10","JKU MED Campus, Teaching Building (LEH), Level 0, Lecture Hall 2",Press Start – RADICAL GAMING Performance,The promise of belonging,PERFORMANCE,11.09,17:00,17:10
Rajiv Bhagwanbali,"SAT 12.09, 13:00 – 13:10","JKU MED Campus, Teaching Building (LEH), Level 0, Lecture Hall 2",Press Start – RADICAL GAMING Performance,The promise of belonging,PERFORMANCE,12.09,13:00,13:10
Rajiv Bhagwanbali,"SAT 12.09, 17:00 – 17:10","JKU MED Campus, Teaching Building (LEH), Level 0, Lecture Hall 2",Press Start – RADICAL GAMING Performance,The promise of belonging,PERFORMANCE,12.09,17:00,17:10
Rajiv Bhagwanbali,"SUN 13.09, 13:00 – 13:10","JKU MED Campus, Teaching Building (LEH), Level 0, Lecture Hall 2",Press Start – RADICAL GAMING Performance,The promise of belonging,PERFORMANCE,13.09,13:00,13:10
Rajiv Bhagwanbali,"SUN 13.09, 17:00 – 17:10","JKU MED Campus, Teaching Building (LEH), Level 0, Lecture Hall 2",Press Start – RADICAL GAMING Performance,The promise of belonging,PERFORMANCE,13.09,17:00,17:10
Random Check Media Ensemble,"FRI 11.09, 15:00 – 20:00","Anton Bruckner University, Studiobühne",Random Check 8 UN-ORGANIC (2026),Random Check 8 UN-ORGANIC (2026),COLLECTION,11.09,15:00,20:00
Random Check Media Ensemble,"FRI 11.09, 15:00 – 16:00","Anton Bruckner University, Studiobühne",UN-ORGANIC (multimedia installation),UN-ORGANIC (multimedia installation),PROJECT,11.09,15:00,16:00
Random Check Media Ensemble,"FRI 11.09, 17:00 – 18:00","Anton Bruckner University, Studiobühne",UN-ORGANIC (multimedia installation),UN-ORGANIC (multimedia installation),PROJECT,11.09,17:00,18:00
Random Check Media Ensemble,"SAT 12.09, 15:00 – 20:00","Anton Bruckner University, Studiobühne",Random Check 8 UN-ORGANIC (2026),Random Check 8 UN-ORGANIC (2026),COLLECTION,12.09,15:00,20:00
Random Check Media Ensemble,"SAT 12.09, 15:00 – 16:00","Anton Bruckner University, Studiobühne",UN-ORGANIC (multimedia installation),UN-ORGANIC (multimedia installation),PROJECT,12.09,15:00,16:00
Random Check Media Ensemble,"SAT 12.09, 17:00 – 18:00","Anton Bruckner University, Studiobühne",UN-ORGANIC (multimedia installation),UN-ORGANIC (multimedia installation),PROJECT,12.09,17:00,18:00
Raphael Mateju,,,,,,,,
Raphael Schaumburg-Lippe,"SAT 12.09, 11:15 – 12:15","Ars Electronica Center, Level -3, Open Futurelab",Beyond Reconstruction: Digital Heritage and Cultural Resilience,Beyond Reconstruction: Digital Heritage and Cultural Resilience,PANEL DISCUSSION,12.09,11:15,12:15
Raphaël de Courville,"WED 09.09, 13:00 – 18:00",PopUp Store,Creative Coding Open House (WED 9.9.),Stop by to find out what Creative coding is and how you can get started.,OPEN LAB,09.09,13:00,18:00
Raphaël de Courville,"THU 10.09, 13:00 – 18:00",PopUp Store,Creative Coding Open House (THU 10.9.),Creative Coding Buffet,OPEN LAB,10.09,13:00,18:00
Raphaël de Courville,"THU 10.09, 16:00 – 16:30","Ars Electronica Center, Level 0, Deep Space 8K",A Quarter Century of Processing,A Quarter Century of Processing,PERFORMANCE,10.09,16:00,16:30
Raphaël de Courville,"FRI 11.09, 13:00 – 18:00",PopUp Store,Creative Coding Open House (FRI 11.9.),Contributing to Creative Coding,OPEN LAB,11.09,13:00,18:00
Raphaël de Courville,"SAT 12.09, 13:00 – 18:00",PopUp Store,Creative Coding Open House (SAT 12.9.),Discover vvvv - learn to code with nodes!,OPEN LAB,12.09,13:00,18:00
Raphaël de Courville,"SUN 13.09, 13:00 – 18:00",PopUp Store,Creative Coding Open House (SUN 13.9.),Processing Community Day,OPEN LAB,13.09,13:00,18:00
Rasa Bocyte,"WED 09.09, 10:00 – 17:00","JKU MED Campus, Administration Building (ADM), JKU medLOFT (9th floor)",Creativity as civic infrastructure: CCIs and digital commons,Creativity as civic infrastructure: CCIs and digital commons,OPEN LAB,09.09,10:00,17:00
Rasa Bočytė,"WED 09.09, 10:00 – 17:00","JKU MED Campus, Administration Building (ADM), JKU medLOFT (9th floor)",Creativity as civic infrastructure: CCIs and digital commons,Creativity as civic infrastructure: CCIs and digital commons,OPEN LAB,09.09,10:00,17:00
Raymond Chen,,,,,,,,
Reda Cimmperman,"THU 10.09, 10:00 – 18:00","JKU MED Campus, Administration Building (ADM), JKU medLOFT (9th floor)",RIECS Summit: Designing the Future of Citizen Science Infrastructure,RIECS Summit: Designing the Future of Citizen Science Infrastructure,WORKSHOP,10.09,10:00,18:00
Reda Cimmperman,"FRI 11.09, 10:00 – 18:00","JKU MED Campus, Administration Building (ADM), JKU medLOFT (9th floor)",RIECS Summit: Designing the Future of Citizen Science Infrastructure,RIECS Summit: Designing the Future of Citizen Science Infrastructure,WORKSHOP,11.09,10:00,18:00
Reinhard Zach,,,,,,,,
Reinhold Bidner,,,,,,,,
Reinier Martinez Badilla,"THU 10.09, 19:00 – 19:30","Ars Electronica Center, Level 0, Deep Space 8K",[not] breaking the cycle,[not] breaking the cycle,PERFORMANCE,10.09,19:00,19:30
Remo Stuflesser,"WED 09.09, 17:00 – 18:00","Ars Electronica Center, Level 0, Deep Space 8K",Interplayful Environments Part II,Interplayful Environments Part II,EXPERIENCE,09.09,17:00,18:00
Remo Stuflesser,"THU 10.09, 11:00 – 12:00","Ars Electronica Center, Level 0, Deep Space 8K",Interplayful Environments Part III,Interplayful Environments Part III,EXPERIENCE,10.09,11:00,12:00
Rene Preuer,,,,,,,,
Renée Kerschbaumer,,,,,,,,
Reshma Aziz Khan,"FRI 11.09, 13:00 – 13:55","Ursulinenhof Linz, Ursulinensaal",Negotiating Humanity,Negotiating Humanity,PANEL DISCUSSION,11.09,13:00,13:55
Ricardo Pastor,"SAT 12.09, 17:00 – 18:00","Anton Bruckner University, Sonic Lab","Post-Digital Instruments Concert – Tangible Music Lab, University of Arts Linz","Post-Digital Instruments Concert – Tangible Music Lab, University of Arts Linz",CONCERT,12.09,17:00,18:00
Ricoh,"WED 09.09, 15:15 – 15:45","Ars Electronica Center, Level -3, Open Futurelab",SynTact: Guided Exploration & Discussion,"Exploring More-than-Human Collaboration Through Touch, Plants & Robotics",OPEN LAB,09.09,15:15,15:45
Ricoh,"THU 10.09, 15:15 – 15:45","Ars Electronica Center, Level -3, Open Futurelab",SynTact: Guided Exploration & Discussion,"Exploring More-than-Human Collaboration Through Touch, Plants & Robotics",OPEN LAB,10.09,15:15,15:45
Ricoh,"FRI 11.09, 15:15 – 15:45","Ars Electronica Center, Level -3, Open Futurelab",SynTact: Guided Exploration & Discussion,"Exploring More-than-Human Collaboration Through Touch, Plants & Robotics",OPEN LAB,11.09,15:15,15:45
Ricoh,"SAT 12.09, 13:30 – 14:00","Ars Electronica Center, Level -3, Open Futurelab",SynTact: Guided Exploration & Discussion,"Exploring More-than-Human Collaboration Through Touch, Plants & Robotics",OPEN LAB,12.09,13:30,14:00
Ricoh,"SUN 13.09, 11:15 – 11:45","Ars Electronica Center, Level -3, Open Futurelab",SynTact: Guided Exploration & Discussion,"Exploring More-than-Human Collaboration Through Touch, Plants & Robotics",OPEN LAB,13.09,11:15,11:45
RIECS-Concept Consortium members,"SAT 12.09, 10:00 – 11:00","OK Linz, voestalpine OPEN SPACE",Town Hall Meeting: Citizen Science,Town Hall Meeting: Citizen Science,NETWORKING EVENT,12.09,10:00,11:00
Robert Moser,"SAT 12.09, 10:00 – 17:00","Ursulinenhof Linz, DIE KUNSTSCHAFFENDEN",DIE KUNSTSCHAFFENDEN | Meet the Artist: Robert Moser,In the Paradise of Painting. Or: On Growth and Refinement.,MEET THE ARTIST,12.09,10:00,17:00
Robert Moser,"SUN 13.09, 10:00 – 17:00","Ursulinenhof Linz, DIE KUNSTSCHAFFENDEN",DIE KUNSTSCHAFFENDEN | Meet the Artist: Robert Moser,In the Paradise of Painting. Or: On Growth and Refinement.,MEET THE ARTIST,13.09,10:00,17:00
Robertina Šebjanič,"WED 09.09, 12:00 – 13:00","OK Linz, voestalpine OPEN SPACE",Updating the Great Acceleration Charts: New Signals for a Changing World,Updating the Great Acceleration Charts: New Signals for a Changing World,NETWORKING EVENT,09.09,12:00,13:00
Robertina Šebjanič,"FRI 11.09, 11:00 – 11:45",,Meet the Artist: Exploring the Art-Research Project ”Echoes of the Abyss” – Revealing the Ocean’s Hidden Histories and Geopolitical Scars,Meet the Artist: Exploring the Art-Research Project ”Echoes of the Abyss” – Revealing the Ocean’s Hidden Histories and Geopolitical Scars,MEET THE ARTIST,11.09,11:00,11:45
Robertina Šebjanič,"FRI 11.09, 14:00 – 14:30","Catholic Private University Linz, Courtyard",Robertina Šebjanič – Journal from the TARA expedition vessel: Echoes of the Abyss,Robertina Šebjanič – Journal from the TARA expedition vessel: Echoes of the Abyss,LECTURE & TALK,11.09,14:00,14:30
Robertina Šebjanič,"SUN 13.09, 12:30 – 13:15","Ursulinenhof Linz, Ursulinensaal",Fluid Media,Fluid Media,PANEL DISCUSSION,13.09,12:30,13:15
Robertina Šebjanič and Tina Dolinšek,"FRI 11.09, 11:00 – 11:45",,Meet the Artist: Exploring the Art-Research Project ”Echoes of the Abyss” – Revealing the Ocean’s Hidden Histories and Geopolitical Scars,Meet the Artist: Exploring the Art-Research Project ”Echoes of the Abyss” – Revealing the Ocean’s Hidden Histories and Geopolitical Scars,MEET THE ARTIST,11.09,11:00,11:45
Robin Lütolf,,,,,,,,
Rocio Berenguer,,,,,,,,
Rocío García Robles,,,,,,,,
Roland Haring,"SAT 12.09, 15:15 – 16:15","Ars Electronica Center, Level -3, Open Futurelab",mozXR: Empowering Creative Minds in XR,mozXR: Empowering Creative Minds in XR,PANEL DISCUSSION,12.09,15:15,16:15
Romain Nith,,,,,,,,
Roman Khimei and Yarema Malashchuk,,,,,,,,
Ronaldo Conforti,,,,,,,,
Roopa Vasudevan,,,,,,,,
Rosa Ressi & Ramona Kranzl,"FRI 11.09, 11:00 – 12:00","JKU MED Campus, Laboratory Building (LAB), Level 1, JKU medSPACE",Austrian Panorama,Austrian Panorama,SCREENING,11.09,11:00,12:00
Ruben Tous,"WED 09.09, 16:30 – 18:00","Ars Electronica Center, Level 3, Sky Loft",Academic Session: Research Track,Academic Session: Research Track,CONFERENCE,09.09,16:30,18:00
Ruipeng Wang,,,,,,,,
Rupert Huber,"THU 10.09, 13:30 – 14:10",,Genome Sonification,Show Me Your Face: The Power of Becoming,CONCERT,10.09,13:30,14:10
Rupert Huber,"FRI 11.09, 16:00 – 16:40",,Genome Sonification,Show Me Your Face: The Power of Becoming,CONCERT,11.09,16:00,16:40
Ryat Yezbick,"WED 09.09, 15:00 – 16:00","JKU MED Campus, Laboratory Building (LAB), Level 1, JKU medSPACE",Prix Ars Electronica Insight,Prix Ars Electronica Insight,SCREENING,09.09,15:00,16:00
Ryat Yezbick,"THU 10.09, 17:30 – 18:30","JKU MED Campus, Laboratory Building (LAB), Level 1, JKU medSPACE",Prix Ars Electronica Insight,Prix Ars Electronica Insight,SCREENING,10.09,17:30,18:30
Ryat Yezbick,"FRI 11.09, 11:30 – 13:00","Ars Electronica Center, Level 3, Sky Loft",Artist Perspectives: Prix Ars Electronica 2026,Prix Ars Electronica,CONFERENCE,11.09,11:30,13:00
Ryat Yezbick,"SAT 12.09, 17:30 – 18:30","JKU MED Campus, Laboratory Building (LAB), Level 1, JKU medSPACE",Prix Ars Electronica Insight,Prix Ars Electronica Insight,SCREENING,12.09,17:30,18:30
Ryat Yezbick,"SAT 12.09, 18:00 – 18:45","JKU MED Campus, Teaching Building (LEH), Level 0, Lecture Hall 1",The Innocence of Unknowing,Honorary Mention - New Animation Art,PERFORMANCE,12.09,18:00,18:45
Ryat Yezbick,"SUN 13.09, 13:00 – 14:00","JKU MED Campus, Laboratory Building (LAB), Level 1, JKU medSPACE",Prix Ars Electronica Insight,Prix Ars Electronica Insight,SCREENING,13.09,13:00,14:00
Rūta Karečkaitė,,,,,,,,
S fia Braga,"FRI 11.09, 11:00 – 12:00","JKU MED Campus, Laboratory Building (LAB), Level 1, JKU medSPACE",Austrian Panorama,Austrian Panorama,SCREENING,11.09,11:00,12:00
S+T+ARTS Aqua Motion,,,,,,,,
Sabah Abouelhadid,,,,,,,,
Sabine Folie,"FRI 11.09, 12:30 – 13:00","Ars Electronica Center, Level 0, Deep Space 8K",The Last Judgement Triptych by Hieronymus Bosch,Gigapixel image from the Paintings Gallery of the Academy of Fine Arts Vienna,EXPERIENCE,11.09,12:30,13:00
Sabine Folie,"SAT 12.09, 13:00 – 13:30","Ars Electronica Center, Level 0, Deep Space 8K",The Last Judgement Triptych by Hieronymus Bosch,Gigapixel image from the Paintings Gallery of the Academy of Fine Arts Vienna,EXPERIENCE,12.09,13:00,13:30
Sabine Hertig & Dirk Koy,"WED 09.09, 15:00 – 16:00","JKU MED Campus, Laboratory Building (LAB), Level 1, JKU medSPACE",Prix Ars Electronica Insight,Prix Ars Electronica Insight,SCREENING,09.09,15:00,16:00
Sabine Hertig & Dirk Koy,"THU 10.09, 17:30 – 18:30","JKU MED Campus, Laboratory Building (LAB), Level 1, JKU medSPACE",Prix Ars Electronica Insight,Prix Ars Electronica Insight,SCREENING,10.09,17:30,18:30
Sabine Hertig & Dirk Koy,"SAT 12.09, 17:30 – 18:30","JKU MED Campus, Laboratory Building (LAB), Level 1, JKU medSPACE",Prix Ars Electronica Insight,Prix Ars Electronica Insight,SCREENING,12.09,17:30,18:30
Sabine Hertig & Dirk Koy,"SUN 13.09, 13:00 – 14:00","JKU MED Campus, Laboratory Building (LAB), Level 1, JKU medSPACE",Prix Ars Electronica Insight,Prix Ars Electronica Insight,SCREENING,13.09,13:00,14:00
Saebyeol An,,,,,,,,
Saki Maruyama,,,,,,,,
Salzburger Festspiele,"SAT 12.09, 12:30 – 13:00","Ars Electronica Center, Level 0, Deep Space 8K",Faust 2023 revised,Faust 2023 revised,EXPERIENCE,12.09,12:30,13:00
Sam Chin,,,,,,,,
Sam Chin & Cathy Mengying,"WED 09.09, 10:00 – 11:30","Ars Electronica Center, Level 3, Sky Loft",Expanded Play Gallery,Moderated by Jeremiah Diephuis (GB/AT),CONFERENCE,09.09,10:00,11:30
Samantha Pan,,,,,,,,
Samin Ghoochi,,,,,,,,
Sandra Maria Siedl,,,,,,,,
Sandra Muciño,"SAT 12.09, 17:00 – 18:00","Anton Bruckner University, Sonic Lab","Post-Digital Instruments Concert – Tangible Music Lab, University of Arts Linz","Post-Digital Instruments Concert – Tangible Music Lab, University of Arts Linz",CONCERT,12.09,17:00,18:00
Sandra Ye,,,,,,,,
Sandra Zänkert,"THU 10.09, 10:00 – 18:00","JKU MED Campus, Administration Building (ADM), JKU medLOFT (9th floor)",RIECS Summit: Designing the Future of Citizen Science Infrastructure,RIECS Summit: Designing the Future of Citizen Science Infrastructure,WORKSHOP,10.09,10:00,18:00
Sandra Zänkert,"FRI 11.09, 10:00 – 18:00","JKU MED Campus, Administration Building (ADM), JKU medLOFT (9th floor)",RIECS Summit: Designing the Future of Citizen Science Infrastructure,RIECS Summit: Designing the Future of Citizen Science Infrastructure,WORKSHOP,11.09,10:00,18:00
Sanggyu Kim,,,,,,,,
Sanna Lu Una,"08.09, 17:00 – 22:00","University of Arts Linz, Hauptplatz 6 (East Building), Courtyard",Sound Campus (TUE 8.9.),Listening Underground,PROJECT,08.09,17:00,22:00
SAP SE,,,,,,,,
Sara Azadkhani,,,,,,,,
Sara Bravin,,,,,,,,
Sara Karimi,,,,,,,,
Sara Koniarek,,,,,,,,
Sara Tirelli,"WED 09.09, 18:30 – 19:00","Ars Electronica Center, Level 0, Deep Space 8K",Laguna Obscura,Laguna Obscura,EXPERIENCE,09.09,18:30,19:00
Sara Tirelli,"SAT 12.09, 17:30 – 18:00","Ars Electronica Center, Level 0, Deep Space 8K",Laguna Obscura,Laguna Obscura,EXPERIENCE,12.09,17:30,18:00
Sara Tirelli,"SUN 13.09, 17:00 – 17:30","Ars Electronica Center, Level 0, Deep Space 8K",Laguna Obscura,Laguna Obscura,EXPERIENCE,13.09,17:00,17:30
Sara Trawöger,"FRI 11.09, 13:30 – 14:00","Ars Electronica Center, Level 0, Deep Space 8K",Interactive Brosch – Red Dinosaurs,AI-generated Navigable Spaces for Exploring Art Archives,EXPERIENCE,11.09,13:30,14:00
Sara Trawöger,"SAT 12.09, 15:00 – 15:30","Ars Electronica Center, Level 0, Deep Space 8K",Interactive Brosch – Red Dinosaurs,AI-generated Navigable Spaces for Exploring Art Archives,EXPERIENCE,12.09,15:00,15:30
Sarah García Sosa,,,,,,,,
Sarah Kriesche,"FRI 11.09, 15:00 – 15:10","Ursulinenhof Linz, Ursulinensaal",Welcome address,Welcome address,LECTURE & TALK,11.09,15:00,15:10
Sarah Kriesche,"FRI 11.09, 15:50 – 16:30","Ursulinenhof Linz, Ursulinensaal",The Tech-Elite and the new Fascism,The Tech-Elite and the new Fascism,LECTURE & TALK,11.09,15:50,16:30
Sarah Kriesche,"FRI 11.09, 17:20 – 18:00","Ursulinenhof Linz, Ursulinensaal",Team Tech or Team Human?,Team Tech or Team Human?,LECTURE & TALK,11.09,17:20,18:00
Sarah Kriesche,"FRI 11.09, 18:00 – 18:50","Ursulinenhof Linz, Ursulinensaal",Roundtable Discussion,Roundtable Discussion,PANEL DISCUSSION,11.09,18:00,18:50
Saravá,"WED 09.09, 12:30 – 13:00","Ars Electronica Center, Level 0, Deep Space 8K",Unbreakable Ukraine,Unbreakable Ukraine,EXPERIENCE,09.09,12:30,13:00
Saravá,"THU 10.09, 14:00 – 14:30","Ars Electronica Center, Level 0, Deep Space 8K",Unbreakable Ukraine,Unbreakable Ukraine,EXPERIENCE,10.09,14:00,14:30
Saravá,"FRI 11.09, 14:00 – 14:30","Ars Electronica Center, Level 0, Deep Space 8K",Unbreakable Ukraine,Unbreakable Ukraine,EXPERIENCE,11.09,14:00,14:30
Saravá,"SAT 12.09, 16:30 – 17:30","Ars Electronica Center, Level 0, Deep Space 8K",Unbreakable Ukraine,Unbreakable Ukraine,EXPERIENCE,12.09,16:30,17:30
Saravá,"SUN 13.09, 10:30 – 11:00","Ars Electronica Center, Level 0, Deep Space 8K",Unbreakable Ukraine,Unbreakable Ukraine,EXPERIENCE,13.09,10:30,11:00
Sarawak Campus,,,,,,,,
Sashe Urdovski,"THU 10.09, 18:00 – 20:00","Ars Electronica Center, Maindeck",Haunted by Repetition,Soundtalk,LECTURE & TALK,10.09,18:00,20:00
Saumil Bhandari,"SAT 12.09, 17:00 – 18:00","Anton Bruckner University, Sonic Lab","Post-Digital Instruments Concert – Tangible Music Lab, University of Arts Linz","Post-Digital Instruments Concert – Tangible Music Lab, University of Arts Linz",CONCERT,12.09,17:00,18:00
Scott Geffert,"SAT 12.09, 16:00 – 16:30","Ars Electronica Center, Level 0, Deep Space 8K",Why The Met Is Advancing Cultural Heritage Digitization: A Spotlight on Its Collaboration with Japan’s NHK,Why The Met Is Advancing Cultural Heritage Digitization: A Spotlight on Its Collaboration with Japan’s NHK,LECTURE & TALK,12.09,16:00,16:30
Se-ryung Oh,,,,,,,,
Seba Kayan,"WED 09.09, 19:15 – 19:45",St. Mary’s Cathedral,Hadra Rave,Hadra Rave,CONCERT,09.09,19:15,19:45
Sebastian Gfellner,"FRI 11.09, 17:00 – 17:45","Ars Electronica Center, Level -1",Alien in the Closet,Alien in the Closet,PERFORMANCE,11.09,17:00,17:45
Sebastian Pichelhofer,"SUN 13.09, 13:30 – 14:00","Ars Electronica Center, Level 0, Deep Space 8K",Urban Metamorphosis. Sketches of Tomorrow.,Rethinking the City Through Climate Adaptation.,EXPERIENCE,13.09,13:30,14:00
Sebastian Postl,"SUN 13.09, 13:30 – 14:00","Ars Electronica Center, Level 0, Deep Space 8K",Urban Metamorphosis. Sketches of Tomorrow.,Rethinking the City Through Climate Adaptation.,EXPERIENCE,13.09,13:30,14:00
Seila Fernandez Arconada,"SUN 13.09, 13:45 – 14:15","Ursulinenhof Linz, Ursulinensaal",Art for the Hydrocommons,Art for the Hydrocommons,PANEL DISCUSSION,13.09,13:45,14:15
Seila Fernández Arconada,"SUN 13.09, 13:45 – 14:15","Ursulinenhof Linz, Ursulinensaal",Art for the Hydrocommons,Art for the Hydrocommons,PANEL DISCUSSION,13.09,13:45,14:15
Seo Yeon Park,,,,,,,,
Seohyun Kim,,,,,,,,
Seojin Joo,,,,,,,,
Seojin Moon,"THU 10.09, 19:00 – 19:30","Ars Electronica Center, Level 0, Deep Space 8K",[not] breaking the cycle,[not] breaking the cycle,PERFORMANCE,10.09,19:00,19:30
Serdar Aşut,,,,,,,,
Sergio Fontanella,"THU 10.09, 15:00 – 16:00",Francisco Carolinum,"Reading the Room: Language, Systems, and Contemporary Art","Reading the Room: Language, Systems, and Contemporary Art",LECTURE & TALK,10.09,15:00,16:00
Seungheon Lee,,,,,,,,
Seungjun Son,,,,,,,,
Severin Weiser,,,,,,,,
Shadi Henchiri,"FRI 11.09, 12:10 – 13:00","Ursulinenhof Linz, Ursulinensaal",AI for Social Impact Award: The award winning projects,AI for Social Impact Award: The award winning projects,LECTURE & TALK,11.09,12:10,13:00
Shadi Henchiri,"FRI 11.09, 13:00 – 13:55","Ursulinenhof Linz, Ursulinensaal",Negotiating Humanity,Negotiating Humanity,PANEL DISCUSSION,11.09,13:00,13:55
Shahma Abdulla,"THU 10.09, 11:30 – 13:00","Ars Electronica Center, Level 3, Sky Loft",Academic Session: Art Track #4 Embodiment,Academic Session: Art Track #4 Embodiment,CONFERENCE,10.09,11:30,13:00
Shared Histories Team,,,,,,,,
Shawky Abdalla,,,,,,,,
Shih-Wen Huang,"WED 09.09, 11:30 – 13:00","Ars Electronica Center, Level 3, Sky Loft",Academic Session: Art Track #1 Archive,Academic Session: Art Track #1 Archive,CONFERENCE,09.09,11:30,13:00
Shin Chen,,,,,,,,
Shin Hanagata,"SAT 12.09, 16:00 – 17:30",Lentos Kunstmuseum,Artist Walk Tour: Negotiating Humanity,Artist Walk Tour: Negotiating Humanity,GUIDED TOUR,12.09,16:00,17:30
Shlok Nahar,,,,,,,,
Shota Tsikoliya,,,,,,,,
Shreyas Ahuja,,,,,,,,
ShuTing Wang,"THU 10.09, 19:00 – 19:30","Ars Electronica Center, Level 0, Deep Space 8K",[not] breaking the cycle,[not] breaking the cycle,PERFORMANCE,10.09,19:00,19:30
Sifan Pan,,,,,,,,
sikau/půbalová,,,,,,,,
sikau/půbalová: Lea Luka Sikau,,,,,,,,
Silke Schmidt,"SAT 12.09, 14:45 – 15:30","OK Linz, voestalpine OPEN SPACE",Embodied Futures,Mixed Reality as a rehearsal stage for new forms of embodiment,NETWORKING EVENT,12.09,14:45,15:30
Silvia Hackl,,,,,,,,
Simon Christen,"FRI 11.09, 10:00 – 11:30","Ars Electronica Center, Level 3, Sky Loft",Art & Industry Panel,Moderated by Alexander Wilhelm (AT),CONFERENCE,11.09,10:00,11:30
Simon Denny,"THU 10.09, 10:40 – 11:00","Ursulinenhof Linz, Ursulinensaal",Epic Fury: The Dark Art of Defense Tech,Epic Fury: The Dark Art of Defense Tech,KEYNOTE,10.09,10:40,11:00
Simon Denny,"THU 10.09, 11:40 – 12:20","Ursulinenhof Linz, Ursulinensaal",Soul or Arsenal?,Soul or Arsenal?,PANEL DISCUSSION,10.09,11:40,12:20
Simon Grab,"SAT 12.09, 00:20 – 01:05",Posthof Linz,Yao Bobby x Simon Grab,Yao Bobby x Simon Grab,CONCERT,12.09,00:20,01:05
Simon Janousek,,,,,,,,
Simon Shimizu,"THU 10.09, 18:00 – 22:00","University of Arts Linz, Hauptplatz 6 (East Building), Courtyard",Sound Campus (THU 10.9.),Listening Underground,PROJECT,10.09,18:00,22:00
Simone Kriglstein,"WED 09.09, 16:30 – 18:00","Ars Electronica Center, Level 3, Sky Loft",Academic Session: Research Track,Academic Session: Research Track,CONFERENCE,09.09,16:30,18:00
Siyoon Kim,,,,,,,,
Sofie Burgos-Thorsen,"FRI 11.09, 11:30 – 12:00","Catholic Private University Linz, Courtyard",Wicked Mirror: Negotiating Ourselves,Wicked Mirror: Negotiating Ourselves,LECTURE & TALK,11.09,11:30,12:00
Sofie Burgos-Thorsen,"SAT 12.09, 12:00 – 14:00",Main Square Linz,Seeds of the Unthinkable,A speculative world-building game in three acts,WORKSHOP,12.09,12:00,14:00
Sofiia Zeifert,,,,,,,,
Solmaz Farhang,"THU 10.09, 11:00 – 13:00","Ursulinenhof Linz, Gewölbesaal",A Furry Engineer!,Speculative Human-Beaver-Futures along the Danube,WORKSHOP,10.09,11:00,13:00
Sondi,"FRI 11.09, 15:00 – 16:00","Francisco Carolinum, Level 2",Test_Lab: Incompleteness as Reorientation,Test_Lab: Incompleteness as Reorientation,MEET THE ARTIST,11.09,15:00,16:00
Sonja Bäumel,"SAT 12.09, 13:30 – 15:30","Ursulinenhof Linz, Gewölbesaal",The Virus Stories We Carry,Encounters at the Human Scale,WORKSHOP,12.09,13:30,15:30
Sonja Prlić,,,,,,,,
Soobi Kim,,,,,,,,
Soomin Lee,,,,,,,,
Sophie Hofmann,"THU 10.09, 19:00 – 19:30","Ars Electronica Center, Level 0, Deep Space 8K",[not] breaking the cycle,[not] breaking the cycle,PERFORMANCE,10.09,19:00,19:30
Sophie Le Meillour,"FRI 11.09, 23:35 – 00:15",Posthof Linz,Living Matter,Living Matter,CONCERT,11.09,23:35,00:15
Sophie Skach,,,,,,,,
Sora-Urushi Project,,,,,,,,
Spencer Chang,,,,,,,,
Sputniko!,"FRI 11.09, 10:00 – 11:30","Ars Electronica Center, Level 3, Sky Loft",Art & Industry Panel,Moderated by Alexander Wilhelm (AT),CONFERENCE,11.09,10:00,11:30
Sputniko!,"FRI 11.09, 16:30 – 17:00","Ars Electronica Center, Level 0, Deep Space 8K",A Sky of Infinite Wishes,Julius Baer Bank x Ars Electronica Artwork Commission,SCREENING,11.09,16:30,17:00
Sputniko!,"SAT 12.09, 13:30 – 14:00","Ars Electronica Center, Level 0, Deep Space 8K",A Sky of Infinite Wishes,Julius Baer Bank x Ars Electronica Artwork Commission,SCREENING,12.09,13:30,14:00
St. Florianer Sängerknaben,"SAT 12.09, 20:30 – 21:30",Donaupark,ATTheENDLinz—Linzer Klangwolke 26,presented by Sparkasse OÖ & LINZ AG,CONCERT,12.09,20:30,21:30
Stadtwerkstatt,"FRI 11.09, 22:00 – 04:00",Stadtwerkstatt,GRMW Haunted Nightline,GRMW Haunted Nightline,CONCERT,11.09,22:00,04:00
Stadtwerkstatt,"SAT 12.09, 23:00 – 04:00",Stadtwerkstatt,GRMW Haunted Nightline,GRMW Haunted Nightline,CONCERT,12.09,23:00,04:00
Stanislaw Welbel,"THU 10.09, 18:00 – 22:00","University of Arts Linz, Hauptplatz 6 (East Building), Courtyard",Sound Campus (THU 10.9.),Listening Underground,PROJECT,10.09,18:00,22:00
States of Clay,"THU 10.09, 18:00 – 20:00","Ars Electronica Center, Maindeck",Haunted by Repetition,Soundtalk,LECTURE & TALK,10.09,18:00,20:00
Stefan Czerny,"WED 09.09, 12:00 – 12:30","Ars Electronica Center, Level 0, Deep Space 8K",Lost Legends,Lost Legends,EXPERIENCE,09.09,12:00,12:30
Stefan Czerny,"THU 10.09, 10:30 – 11:00","Ars Electronica Center, Level 0, Deep Space 8K",Lost Legends,Lost Legends,EXPERIENCE,10.09,10:30,11:00
Stefan Czerny,"FRI 11.09, 16:00 – 16:30","Ars Electronica Center, Level 0, Deep Space 8K",Lost Legends,Lost Legends,EXPERIENCE,11.09,16:00,16:30
Stefan Czerny,"SUN 13.09, 15:00 – 15:30","Ars Electronica Center, Level 0, Deep Space 8K",Lost Legends,Lost Legends,EXPERIENCE,13.09,15:00,15:30
Stefan Glasauer,,,,,,,,
Stefan Goeppel,,,,,,,,
Stefan Göppel,"SAT 12.09, 13:30 – 14:15","OK Linz, voestalpine OPEN SPACE",Extended Reality – An Art Form in Public Space (on Trinity-Tarot-Garden),A public conversation on the XR sculpture park Trinity-Tarot -Garden by Ugo Dossi and Stefan Göppel,NETWORKING EVENT,12.09,13:30,14:15
Stefan Maier,,,,,,,,
Stefan Mittlböck Jungwirth-Fohringer,,,,,,,,
Stefan Rathmanner,"WED 09.09, 15:00 – 15:30","Ursulinenhof Linz, Ursulinensaal",Weaponizing Confusion,How different actors target fact-checking organisations and the public and what we can do about it,WORKSHOP,09.09,15:00,15:30
Stefan Schartlmüller,"WED 09.09, 18:30 – 20:00",Main Square Linz,Negotiating Democracy at the OpenDemocracyLab,Negotiating Democracy at the OpenDemocracyLab,WORKSHOP,09.09,18:30,20:00
Stefan Schartlmüller,"THU 10.09, 15:00 – 18:00",Main Square Linz,Negotiating Democracy at the OpenDemocracyLab,Negotiating Democracy at the OpenDemocracyLab,WORKSHOP,10.09,15:00,18:00
Stefan Schartlmüller,"FRI 11.09, 15:00 – 17:30",Main Square Linz,Negotiating Democracy at the OpenDemocracyLab,Negotiating Democracy at the OpenDemocracyLab,WORKSHOP,11.09,15:00,17:30
Stefan Schartlmüller,"SAT 12.09, 15:00 – 17:00",Main Square Linz,Negotiating Democracy at the OpenDemocracyLab,Negotiating Democracy at the OpenDemocracyLab,WORKSHOP,12.09,15:00,17:00
Stefan Schartlmüller,"SUN 13.09, 12:00 – 13:00",Main Square Linz,Negotiating Democracy at the OpenDemocracyLab,Negotiating Democracy at the OpenDemocracyLab,WORKSHOP,13.09,12:00,13:00
Stefan Schartlmüller,"SUN 13.09, 14:00 – 17:00",Main Square Linz,Negotiating Democracy at the OpenDemocracyLab,Negotiating Democracy at the OpenDemocracyLab,WORKSHOP,13.09,14:00,17:00
Stefan Szeider,,,,,,,,
Stefan Tiefengraber,"THU 10.09, 18:00 – 20:00","Ars Electronica Center, Maindeck",Haunted by Repetition,Soundtalk,LECTURE & TALK,10.09,18:00,20:00
Stefan Yovchev,,,,,,,,
Stefanie Stöckel,"08.09, 22:00 – 23:00","Ars Electronica Center, Façade",Urban Screen Lab,Urban Screen Lab,PROJECT,08.09,22:00,23:00
Stefanie Stöckel,"WED 09.09, 22:00 – 23:00","Ars Electronica Center, Façade",Urban Screen Lab,Urban Screen Lab,PROJECT,09.09,22:00,23:00
Stefanie Stöckel,"THU 10.09, 22:00 – 23:00","Ars Electronica Center, Façade",Urban Screen Lab,Urban Screen Lab,PROJECT,10.09,22:00,23:00
Stefanie Stöckel,"SUN 13.09, 22:00 – 23:00","Ars Electronica Center, Façade",Urban Screen Lab,Urban Screen Lab,PROJECT,13.09,22:00,23:00
Stefano Burchi,"SUN 13.09, 11:35 – 12:05","Ursulinenhof Linz, Ursulinensaal",Water through a Legal Lens: From Private Commodity to the Heritage of Mankind,Water through a Legal Lens: From Private Commodity to the Heritage of Mankind,LECTURE & TALK,13.09,11:35,12:05
Stefano Burchi,"SUN 13.09, 12:05 – 12:30","Ursulinenhof Linz, Ursulinensaal",Joint Q&A,Joint Q&A,PANEL DISCUSSION,13.09,12:05,12:30
Stela Cristina de Godoi,,,,,,,,
Stella Diakou,"WED 09.09, 17:00 – 18:00","OK Linz, voestalpine OPEN SPACE",Town Hall Meeting: Art & Culture as Innovation Drivers in AI Infrastructures,Town Hall Meeting: Art & Culture as Innovation Drivers in AI Infrastructures,NETWORKING EVENT,09.09,17:00,18:00
Stephan Pühringer,"FRI 11.09, 15:00 – 15:10","Ursulinenhof Linz, Ursulinensaal",Welcome address,Welcome address,LECTURE & TALK,11.09,15:00,15:10
Stephanie Mercedes,"SAT 12.09, 21:45 – 22:45",Stadtwerkstatt,Never In Our Image – Gun Destruction Opera,Never In Our Image – Gun Destruction Opera,PERFORMANCE,12.09,21:45,22:45
Stephanie Steyrer,"WED 09.09, 18:30 – 20:00",Main Square Linz,Negotiating Democracy at the OpenDemocracyLab,Negotiating Democracy at the OpenDemocracyLab,WORKSHOP,09.09,18:30,20:00
Stephanie Steyrer,"THU 10.09, 15:00 – 18:00",Main Square Linz,Negotiating Democracy at the OpenDemocracyLab,Negotiating Democracy at the OpenDemocracyLab,WORKSHOP,10.09,15:00,18:00
Stephanie Steyrer,"FRI 11.09, 15:00 – 17:30",Main Square Linz,Negotiating Democracy at the OpenDemocracyLab,Negotiating Democracy at the OpenDemocracyLab,WORKSHOP,11.09,15:00,17:30
Stephanie Steyrer,"SAT 12.09, 15:00 – 17:00",Main Square Linz,Negotiating Democracy at the OpenDemocracyLab,Negotiating Democracy at the OpenDemocracyLab,WORKSHOP,12.09,15:00,17:00
Stephanie Steyrer,"SUN 13.09, 12:00 – 13:00",Main Square Linz,Negotiating Democracy at the OpenDemocracyLab,Negotiating Democracy at the OpenDemocracyLab,WORKSHOP,13.09,12:00,13:00
Stephanie Steyrer,"SUN 13.09, 14:00 – 17:00",Main Square Linz,Negotiating Democracy at the OpenDemocracyLab,Negotiating Democracy at the OpenDemocracyLab,WORKSHOP,13.09,14:00,17:00
Structurals,"SAT 12.09, 01:10 – 01:55",Posthof Linz,Owelle (live visuals by Structurals),Owelle (live visuals by Structurals),PERFORMANCE,12.09,01:10,01:55
Students from HSLU,"FRI 11.09, 12:30 – 13:30","JKU MED Campus, Laboratory Building (LAB), Level 1, JKU medSPACE",Best Student Animations from HSLU,Best Student Animations from HSLU,SCREENING,11.09,12:30,13:30
Studio Above&Below,"FRI 11.09, 14:00 – 15:30","OK Platz, WE GUIDE YOU Meeting Point",Artist Walk Tour: Negotiating Beyond Humanity,Artist Walk Tour: Negotiating Beyond Humanity,GUIDED TOUR,11.09,14:00,15:30
Studio Brudi,"08.09, 17:00 – 22:00","University of Arts Linz, Hauptplatz 6 (East Building), Courtyard",Sound Campus (TUE 8.9.),Listening Underground,PROJECT,08.09,17:00,22:00
STURMHERTA,"08.09, 17:00 – 22:00","University of Arts Linz, Hauptplatz 6 (East Building), Courtyard",Sound Campus (TUE 8.9.),Listening Underground,PROJECT,08.09,17:00,22:00
STWST,,,,,,,,
STWST Hauntology Department & Guests,"FRI 11.09, 18:00 – 21:30","Ars Electronica Center, Maindeck",For Sun Ra on Saturn (Against Elon on Mars),For Sun Ra on Saturn (Against Elon on Mars),EXPERIENCE,11.09,18:00,21:30
STWST Hauntology Department & Guests,"SAT 12.09, 18:00 – 21:30","Ars Electronica Center, Maindeck",For Sun Ra on Saturn (Against Elon on Mars),For Sun Ra on Saturn (Against Elon on Mars),EXPERIENCE,12.09,18:00,21:30
Su Güryay,"WED 09.09, 16:00 – 17:20","Ars Electronica Center, Maindeck",Destituent Laughing Choir,Destituent Laughing Choir,PERFORMANCE,09.09,16:00,17:20
Su Güryay,"THU 10.09, 16:00 – 17:20","Ars Electronica Center, Maindeck",Destituent Laughing Choir,Destituent Laughing Choir,PERFORMANCE,10.09,16:00,17:20
Su Güryay,"FRI 11.09, 16:00 – 17:20","Ars Electronica Center, Maindeck",Destituent Laughing Choir,Destituent Laughing Choir,PERFORMANCE,11.09,16:00,17:20
Su Güryay,"SAT 12.09, 16:00 – 17:20","Ars Electronica Center, Maindeck",Destituent Laughing Choir,Destituent Laughing Choir,PERFORMANCE,12.09,16:00,17:20
Su Güryay,"SUN 13.09, 16:00 – 17:20","Ars Electronica Center, Maindeck",Destituent Laughing Choir,Destituent Laughing Choir,PERFORMANCE,13.09,16:00,17:20
Sumin Oh,,,,,,,,
Summitshare,"SAT 12.09, 16:00 – 17:30",Lentos Kunstmuseum,Artist Walk Tour: Negotiating Humanity,Artist Walk Tour: Negotiating Humanity,GUIDED TOUR,12.09,16:00,17:30
Sung-yun Choi,,,,,,,,
Susanne Kiesenhofer,"FRI 11.09, 17:45 – 18:30","Ars Electronica Center, Level -3, Open Futurelab",Futurelab Networking: Feminist Tools for the Future,Futurelab Networking: Feminist Tools for the Future,NETWORKING EVENT,11.09,17:45,18:30
Susanne Kiesenhofer,"SAT 12.09, 15:15 – 16:15","Ars Electronica Center, Level -3, Open Futurelab",mozXR: Empowering Creative Minds in XR,mozXR: Empowering Creative Minds in XR,PANEL DISCUSSION,12.09,15:15,16:15
Suzan Ela Hanow,,,,,,,,
Sven Windszus,,,,,,,,
Synne Tollerud Bull,"WED 09.09, 12:30 – 14:30","Ursulinenhof Linz, Gewölbesaal",NE #00: New Embeddings of/for Artistic Intelligence,A workshop to form new neighborhoods of/for artistic intelligence,WORKSHOP,09.09,12:30,14:30
Sámuel Vészi,,,,,,,,
Sára Luca Kiss,,,,,,,,
Tabitha Reich,,,,,,,,
Taerin Kim,,,,,,,,
TAH Centre,"SUN 13.09, 12:30 – 14:30","Ursulinenhof Linz, Gewölbesaal",Whose Future Are You Building?,A transdisciplinary reframing of your own work,WORKSHOP,13.09,12:30,14:30
Takafumi Morita,"THU 10.09, 10:00 – 11:30","Ars Electronica Center, Level 3, Sky Loft",Academic Session: Art Track #3 Control,Academic Session: Art Track #3 Control,CONFERENCE,10.09,10:00,11:30
Takashi Nishimura,"THU 10.09, 13:00 – 13:30","Ars Electronica Center, Level -3, Open Futurelab",Hello Worlds! Behind the Prototype: Amplify Me – Visions,How do the technologies we carry shape us?,OPEN LAB,10.09,13:00,13:30
Takashi Nishimura,"FRI 11.09, 13:00 – 13:30","Ars Electronica Center, Level -3, Open Futurelab",Hello Worlds! Behind the Prototype: Resonance Loom,How do weaving and AI shape each other?,OPEN LAB,11.09,13:00,13:30
Takashi Nishimura,"SAT 12.09, 13:00 – 13:30","Ars Electronica Center, Level -3, Open Futurelab",Hello Words! Behind the Prototype: How Ideas Become Experiences,Building Hello Worlds!,OPEN LAB,12.09,13:00,13:30
Takayuki Todo,"THU 10.09, 10:00 – 11:30","Ars Electronica Center, Level 3, Sky Loft",Academic Session: Art Track #3 Control,Academic Session: Art Track #3 Control,CONFERENCE,10.09,10:00,11:30
Takuma Suzuki,"WED 09.09, 13:00 – 13:30","Ars Electronica Center, Level -3, Open Futurelab",Hello Worlds! Behind the Prototype: Hello Worlds! System,How can an exhibition become a platform?,OPEN LAB,09.09,13:00,13:30
Takuma Suzuki,"THU 10.09, 13:00 – 13:30","Ars Electronica Center, Level -3, Open Futurelab",Hello Worlds! Behind the Prototype: Amplify Me – Visions,How do the technologies we carry shape us?,OPEN LAB,10.09,13:00,13:30
Takuma Suzuki,"FRI 11.09, 13:00 – 13:30","Ars Electronica Center, Level -3, Open Futurelab",Hello Worlds! Behind the Prototype: Resonance Loom,How do weaving and AI shape each other?,OPEN LAB,11.09,13:00,13:30
Takuma Suzuki,"SAT 12.09, 13:00 – 13:30","Ars Electronica Center, Level -3, Open Futurelab",Hello Words! Behind the Prototype: How Ideas Become Experiences,Building Hello Worlds!,OPEN LAB,12.09,13:00,13:30
Tallulah Cartalucca,,,,,,,,
Tamara Opferman,"08.09, 22:00 – 23:00","Ars Electronica Center, Façade",Urban Screen Lab,Urban Screen Lab,PROJECT,08.09,22:00,23:00
Tamara Opferman,"WED 09.09, 22:00 – 23:00","Ars Electronica Center, Façade",Urban Screen Lab,Urban Screen Lab,PROJECT,09.09,22:00,23:00
Tamara Opferman,"THU 10.09, 22:00 – 23:00","Ars Electronica Center, Façade",Urban Screen Lab,Urban Screen Lab,PROJECT,10.09,22:00,23:00
Tamara Opferman,"SUN 13.09, 22:00 – 23:00","Ars Electronica Center, Façade",Urban Screen Lab,Urban Screen Lab,PROJECT,13.09,22:00,23:00
Tan Oktik,"FRI 11.09, 17:45 – 18:00",Main Square Linz,Post Compost – Forest Reset,Post Compost – Forest Reset,PERFORMANCE,11.09,17:45,18:00
Tanja Brandmayr,"08.09, 18:00 – 20:00",Stadtwerkstatt,Haunted Herstory: Herzblutwiese Stadtwerkstatt – Screening at Milieukino,Haunted Herstory: Herzblutwiese Stadtwerkstatt – Screening at Milieukino,SCREENING,08.09,18:00,20:00
Tanja Brandmayr,"08.09, 21:00 – 23:00",Stadtwerkstatt,Haunted Herstory: Herzblutwiese Stadtwerkstatt – Screening at Milieukino,Haunted Herstory: Herzblutwiese Stadtwerkstatt – Screening at Milieukino,SCREENING,08.09,21:00,23:00
Tanja Brandmayr,"08.09, 23:00 – 01:00",Stadtwerkstatt,Haunted Herstory: Herzblutwiese Stadtwerkstatt – Screening at Milieukino,Haunted Herstory: Herzblutwiese Stadtwerkstatt – Screening at Milieukino,SCREENING,08.09,23:00,01:00
Tanja Brandmayr,"WED 09.09, 18:00 – 20:00",Stadtwerkstatt,Haunted Herstory: Herzblutwiese Stadtwerkstatt – Screening at Milieukino,Haunted Herstory: Herzblutwiese Stadtwerkstatt – Screening at Milieukino,SCREENING,09.09,18:00,20:00
Tanja Brandmayr,"WED 09.09, 21:00 – 23:00",Stadtwerkstatt,Haunted Herstory: Herzblutwiese Stadtwerkstatt – Screening at Milieukino,Haunted Herstory: Herzblutwiese Stadtwerkstatt – Screening at Milieukino,SCREENING,09.09,21:00,23:00
Tanja Brandmayr,"THU 10.09, 18:00 – 20:00",Stadtwerkstatt,Haunted Herstory: Herzblutwiese Stadtwerkstatt – Screening at Milieukino,Haunted Herstory: Herzblutwiese Stadtwerkstatt – Screening at Milieukino,SCREENING,10.09,18:00,20:00
Tanja Brandmayr,"THU 10.09, 21:00 – 23:00",Stadtwerkstatt,Haunted Herstory: Herzblutwiese Stadtwerkstatt – Screening at Milieukino,Haunted Herstory: Herzblutwiese Stadtwerkstatt – Screening at Milieukino,SCREENING,10.09,21:00,23:00
Tanja Brandmayr,"FRI 11.09, 00:00 – 02:00",Stadtwerkstatt,Haunted Herstory: Herzblutwiese Stadtwerkstatt – Screening at Milieukino,Haunted Herstory: Herzblutwiese Stadtwerkstatt – Screening at Milieukino,SCREENING,11.09,00:00,02:00
Tanja Brandmayr,"FRI 11.09, 18:00 – 20:00",Stadtwerkstatt,Haunted Herstory: Herzblutwiese Stadtwerkstatt – Screening at Milieukino,Haunted Herstory: Herzblutwiese Stadtwerkstatt – Screening at Milieukino,SCREENING,11.09,18:00,20:00
Tanja Brandmayr,"SAT 12.09, 00:00 – 02:00",Stadtwerkstatt,Haunted Herstory: Herzblutwiese Stadtwerkstatt – Screening at Milieukino,Haunted Herstory: Herzblutwiese Stadtwerkstatt – Screening at Milieukino,SCREENING,12.09,00:00,02:00
Tanja Brandmayr,"SAT 12.09, 18:00 – 20:00",Stadtwerkstatt,Haunted Herstory: Herzblutwiese Stadtwerkstatt – Screening at Milieukino,Haunted Herstory: Herzblutwiese Stadtwerkstatt – Screening at Milieukino,SCREENING,12.09,18:00,20:00
Tanja Brandmayr,"SUN 13.09, 14:00 – 17:00",Moviemento,Haunted Herstory: Herzblutwiese Stadtwerkstatt – Movie&Talk,Haunted Herstory: Herzblutwiese Stadtwerkstatt – Movie&Talk,SCREENING,13.09,14:00,17:00
Tarlan Eshtiagh,"THU 10.09, 15:00 – 16:00",C. Bechstein Centrum Linz,Tarlan Eshtiagh,Tarlan Eshtiagh,CONCERT,10.09,15:00,16:00
Tarlan Eshtiagh,"FRI 11.09, 16:00 – 17:00",C. Bechstein Centrum Linz,Tarlan Eshtiagh,Tarlan Eshtiagh,CONCERT,11.09,16:00,17:00
TASHEENO,"SAT 12.09, 21:30 – 23:00",Donaupark,LINZ AG Nachklangwolke,LINZ AG Nachklangwolke,CONCERT,12.09,21:30,23:00
Te-En Chen,"THU 10.09, 18:00 – 19:00",C. Bechstein Centrum Linz,Te-En Chen,Te-En Chen,CONCERT,10.09,18:00,19:00
Te-En Chen,"SAT 12.09, 15:00 – 16:00",C. Bechstein Centrum Linz,Te-En Chen,Te-En Chen,CONCERT,12.09,15:00,16:00
Tega Brain,"THU 10.09, 14:00 – 14:20","Ursulinenhof Linz, Ursulinensaal",Eccentric Engineering: Building Otherwise,Eccentric Engineering: Building Otherwise,KEYNOTE,10.09,14:00,14:20
Teije Terhorst,"THU 10.09, 10:00 – 18:00","JKU MED Campus, Administration Building (ADM), JKU medLOFT (9th floor)",RIECS Summit: Designing the Future of Citizen Science Infrastructure,RIECS Summit: Designing the Future of Citizen Science Infrastructure,WORKSHOP,10.09,10:00,18:00
Teije Terhorst,"FRI 11.09, 10:00 – 18:00","JKU MED Campus, Administration Building (ADM), JKU medLOFT (9th floor)",RIECS Summit: Designing the Future of Citizen Science Infrastructure,RIECS Summit: Designing the Future of Citizen Science Infrastructure,WORKSHOP,11.09,10:00,18:00
Teresa Marchesani,,,,,,,,
Tereza Sýkorová,,,,,,,,
The Company of Music,"WED 09.09, 20:25 – 20:45",St. Mary’s Cathedral,Declaring Humanity,Declaring Humanity,PERFORMANCE,09.09,20:25,20:45
The Company of Music,"WED 09.09, 21:30 – 21:40",St. Mary’s Cathedral,Thomas Tallis: “Lamentationes Jeremiae I”,Thomas Tallis: “Lamentationes Jeremiae I”,CONCERT,09.09,21:30,21:40
The Company of Music,"WED 09.09, 21:40 – 22:00",St. Mary’s Cathedral,"Cassandra Miller: “City, full of people”","Cassandra Miller: “City, full of people”",CONCERT,09.09,21:40,22:00
Theresa Haas,,,,,,,,
Theresa Hajek,,,,,,,,
Theresa Kofler,"FRI 11.09, 11:00 – 20:00",,Leonardo LASER Talks Linz – Lab Songs Vol. III: Stardust Paella,Lab Songs Vol. III – Sobremesas,LECTURE & TALK,11.09,11:00,20:00
Theresa Ulrike Cellnigg,,,,,,,,
Thomas Brandstetter,,,,,,,,
Thomas Geissl,"FRI 11.09, 15:00 – 20:00","Anton Bruckner University, Room 301",Light & Sound Installation: Klang-/Licht STROM,Light & Sound Installation: Klang-/Licht STROM,PROJECT,11.09,15:00,20:00
Thomas Geissl,"SAT 12.09, 15:00 – 20:00","Anton Bruckner University, Room 301",Light & Sound Installation: Klang-/Licht STROM,Light & Sound Installation: Klang-/Licht STROM,PROJECT,12.09,15:00,20:00
Thomas Layer-Wagner,,,,,,,,
Théo Phildius,"SAT 12.09, 01:10 – 01:55",Posthof Linz,Owelle (live visuals by Structurals),Owelle (live visuals by Structurals),PERFORMANCE,12.09,01:10,01:55
Tian-Cheng Liu,,,,,,,,
Tianji Yu,"WED 09.09, 15:00 – 16:00","JKU MED Campus, Laboratory Building (LAB), Level 1, JKU medSPACE",Prix Ars Electronica Insight,Prix Ars Electronica Insight,SCREENING,09.09,15:00,16:00
Tianji Yu,"THU 10.09, 17:30 – 18:30","JKU MED Campus, Laboratory Building (LAB), Level 1, JKU medSPACE",Prix Ars Electronica Insight,Prix Ars Electronica Insight,SCREENING,10.09,17:30,18:30
Tianji Yu,"SAT 12.09, 17:30 – 18:30","JKU MED Campus, Laboratory Building (LAB), Level 1, JKU medSPACE",Prix Ars Electronica Insight,Prix Ars Electronica Insight,SCREENING,12.09,17:30,18:30
Tianji Yu,"SUN 13.09, 13:00 – 14:00","JKU MED Campus, Laboratory Building (LAB), Level 1, JKU medSPACE",Prix Ars Electronica Insight,Prix Ars Electronica Insight,SCREENING,13.09,13:00,14:00
Tianshuo Lu,,,,,,,,
Tim Auzinger,,,,,,,,
Tim Kiessling,"THU 10.09, 10:00 – 18:00","JKU MED Campus, Administration Building (ADM), JKU medLOFT (9th floor)",RIECS Summit: Designing the Future of Citizen Science Infrastructure,RIECS Summit: Designing the Future of Citizen Science Infrastructure,WORKSHOP,10.09,10:00,18:00
Tim Kiessling,"FRI 11.09, 10:00 – 18:00","JKU MED Campus, Administration Building (ADM), JKU medLOFT (9th floor)",RIECS Summit: Designing the Future of Citizen Science Infrastructure,RIECS Summit: Designing the Future of Citizen Science Infrastructure,WORKSHOP,11.09,10:00,18:00
Time’s Up,"SUN 13.09, 14:00 – 15:00",Theater Phönix,Tell Me About It,Immersive audio experience from Turnton2047,EXPERIENCE,13.09,14:00,15:00
Time’s Up,"SUN 13.09, 16:00 – 17:00",Theater Phönix,Tell Me About It,Immersive audio experience from Turnton2047,EXPERIENCE,13.09,16:00,17:00
Timid Robot Zehta,"WED 09.09, 10:00 – 17:00","JKU MED Campus, Administration Building (ADM), JKU medLOFT (9th floor)",Creativity as civic infrastructure: CCIs and digital commons,Creativity as civic infrastructure: CCIs and digital commons,OPEN LAB,09.09,10:00,17:00
Timo Stampa,,,,,,,,
Timothy Thomasson,,,,,,,,
Tina Dolinšek,"FRI 11.09, 11:00 – 11:45",,Meet the Artist: Exploring the Art-Research Project ”Echoes of the Abyss” – Revealing the Ocean’s Hidden Histories and Geopolitical Scars,Meet the Artist: Exploring the Art-Research Project ”Echoes of the Abyss” – Revealing the Ocean’s Hidden Histories and Geopolitical Scars,MEET THE ARTIST,11.09,11:00,11:45
Tina Frank,,,,,,,,
Ting-Chun Liu,"WED 09.09, 14:30 – 16:00","Ars Electronica Center, Level 3, Sky Loft",Academic Session: Art Track #2 Authorship,Academic Session: Art Track #2 Authorship,CONFERENCE,09.09,14:30,16:00
Tjaš Leghissa,,,,,,,,
Tobias Hoffmann,,,,,,,,
Tobias Horra,,,,,,,,
Tobias Staab,"SAT 12.09, 14:45 – 15:30","OK Linz, voestalpine OPEN SPACE",Embodied Futures,Mixed Reality as a rehearsal stage for new forms of embodiment,NETWORKING EVENT,12.09,14:45,15:30
Tom Hensel-Moritz,"08.09, 22:00 – 23:00","Ars Electronica Center, Façade",Urban Screen Lab,Urban Screen Lab,PROJECT,08.09,22:00,23:00
Tom Hensel-Moritz,"WED 09.09, 22:00 – 23:00","Ars Electronica Center, Façade",Urban Screen Lab,Urban Screen Lab,PROJECT,09.09,22:00,23:00
Tom Hensel-Moritz,"THU 10.09, 22:00 – 23:00","Ars Electronica Center, Façade",Urban Screen Lab,Urban Screen Lab,PROJECT,10.09,22:00,23:00
Tom Hensel-Moritz,"SUN 13.09, 22:00 – 23:00","Ars Electronica Center, Façade",Urban Screen Lab,Urban Screen Lab,PROJECT,13.09,22:00,23:00
Tom Milnes,"WED 09.09, 16:30 – 18:00","Ars Electronica Center, Level 3, Sky Loft",Academic Session: Research Track,Academic Session: Research Track,CONFERENCE,09.09,16:30,18:00
Tommaso Calarco,"THU 10.09, 10:10 – 10:40","Ursulinenhof Linz, Ursulinensaal",Strategic Autonomy — Quantum Science and the New Non-Alignment,Strategic Autonomy — Quantum Science and the New Non-Alignment,LECTURE & TALK,10.09,10:10,10:40
Tomá Ivanov,"FRI 11.09, 17:00 – 18:00",C. Bechstein Centrum Linz,Tomá Ivanov,Tomá Ivanov,CONCERT,11.09,17:00,18:00
Tomás Laurenzo,"WED 09.09, 14:30 – 16:00","Ars Electronica Center, Level 3, Sky Loft",Academic Session: Art Track #2 Authorship,Academic Session: Art Track #2 Authorship,CONFERENCE,09.09,14:30,16:00
Torsten Podraza,,,,,,,,
Toyota Coniq,"WED 09.09, 15:30 – 17:00","Ars Electronica Center, Level -3, Open Futurelab",DAS Trail Workshop for Youngsters,"Walking Through Data, Art and Science",WORKSHOP,09.09,15:30,17:00
Toyota Coniq,"FRI 11.09, 15:30 – 17:00","Ars Electronica Center, Level -3, Open Futurelab",DAS Trail Workshop,"Walking Through Data, Art and Science",WORKSHOP,11.09,15:30,17:00
Tsunhung Tsai,"THU 10.09, 10:00 – 11:30","Ars Electronica Center, Level 3, Sky Loft",Academic Session: Art Track #3 Control,Academic Session: Art Track #3 Control,CONFERENCE,10.09,10:00,11:30
Tucker Rae-Grant,,,,,,,,
Tura Gómez Coll,"THU 10.09, 19:00 – 19:30","Ars Electronica Center, Level 0, Deep Space 8K",[not] breaking the cycle,[not] breaking the cycle,PERFORMANCE,10.09,19:00,19:30
Tzumu Yang,"THU 10.09, 10:00 – 11:30","Ars Electronica Center, Level 3, Sky Loft",Academic Session: Art Track #3 Control,Academic Session: Art Track #3 Control,CONFERENCE,10.09,10:00,11:30
Udo Noll,,,,,,,,
Ugo Dossi,"SAT 12.09, 13:30 – 14:15","OK Linz, voestalpine OPEN SPACE",Extended Reality – An Art Form in Public Space (on Trinity-Tarot-Garden),A public conversation on the XR sculpture park Trinity-Tarot -Garden by Ugo Dossi and Stefan Göppel,NETWORKING EVENT,12.09,13:30,14:15
UJOO + LIMHEEYOUNG,"SAT 12.09, 17:00 – 17:30","Ars Electronica Center, Level -3, Open Futurelab",Hello Worlds! Behind the Artworks: No Bird & Algorithms in Reflection,How do we share a world?,OPEN LAB,12.09,17:00,17:30
UJOO+LIMHEEYOUNG,"SAT 12.09, 17:00 – 17:30","Ars Electronica Center, Level -3, Open Futurelab",Hello Worlds! Behind the Artworks: No Bird & Algorithms in Reflection,How do we share a world?,OPEN LAB,12.09,17:00,17:30
Ulrike Mair,,,,,,,,
Universidade Federal de Goiás,,,,,,,,
Upper Austrian Chamber of Labour,"WED 09.09, 10:30 – 17:30","JKU MED Campus, Teaching Building (LEH), Level 0, Lecture Hall 1",Retrotopia – Wenn Vergangenheit Zukunft bestimmt: Herausforderungen für Bildung und Demokratie,Symposium Perspectives on Political Education,SYMPOSIUM,09.09,10:30,17:30
UTokyo,,,,,,,,
Vahid Qaderi,"WED 09.09, 17:00 – 18:00","Ars Electronica Center, Level 0, Deep Space 8K",Interplayful Environments Part II,Interplayful Environments Part II,EXPERIENCE,09.09,17:00,18:00
Vale Vicente Matallana,"FRI 11.09, 11:00 – 13:00","Ursulinenhof Linz, Gewölbesaal","Media Art Practice: collaborate, conserve, context and intentionality","Media Art Practice: collaborate, conserve, context and intentionality",WORKSHOP,11.09,11:00,13:00
Valentin Postl,"SUN 13.09, 13:30 – 14:00","Ars Electronica Center, Level 0, Deep Space 8K",Urban Metamorphosis. Sketches of Tomorrow.,Rethinking the City Through Climate Adaptation.,EXPERIENCE,13.09,13:30,14:00
Valerie Moschner,"FRI 11.09, 17:00 – 19:00",,Crafting Futures Aperitif: Liquid Archives,Crafting Futures Aperitif: Liquid Archives,WORKSHOP,11.09,17:00,19:00
Valeriia Rymska‑Dolhikh,,,,,,,,
Valérie Siron,"SAT 12.09, 01:10 – 01:55",Posthof Linz,Owelle (live visuals by Structurals),Owelle (live visuals by Structurals),PERFORMANCE,12.09,01:10,01:55
Vanessa Hannesschläger,"WED 09.09, 12:00 – 12:10","Ursulinenhof Linz, Ursulinensaal",Opening Remarks,Opening Remarks,LECTURE & TALK,09.09,12:00,12:10
Vanessa Keller,,,,,,,,
Various artists,"FRI 11.09, 15:00 – 20:00","Anton Bruckner University, Produktionsstudio",Listening Room,Listening Room,CONCERT,11.09,15:00,20:00
Various artists,"SAT 12.09, 15:00 – 20:00","Anton Bruckner University, Produktionsstudio",Listening Room,Listening Room,CONCERT,12.09,15:00,20:00
Various Sound and Performance Artists,"FRI 11.09, 22:00 – 04:00",Stadtwerkstatt,GRMW Haunted Nightline,GRMW Haunted Nightline,CONCERT,11.09,22:00,04:00
Various Sound and Performance Artists,"SAT 12.09, 23:00 – 04:00",Stadtwerkstatt,GRMW Haunted Nightline,GRMW Haunted Nightline,CONCERT,12.09,23:00,04:00
Veneta Androva,"FRI 11.09, 11:30 – 13:00","Ars Electronica Center, Level 3, Sky Loft",Artist Perspectives: Prix Ars Electronica 2026,Prix Ars Electronica,CONFERENCE,11.09,11:30,13:00
Veneta Androva,"FRI 11.09, 14:00 – 14:35","JKU MED Campus, Laboratory Building (LAB), Level 1, JKU medSPACE",Spray and Pray,MEET THE ARTIST,SCREENING,11.09,14:00,14:35
Verein More Innovation Needs Talents,,,,,,,,
Verein Schwemmland,"THU 10.09, 17:00 – 20:00",Klimaoase Linz-Lustenau,SCHWEMMLAND FACTORY-LAB,WORK ON BIODIVERSITY • Industrie-Quartier-Hafen Linz,OPEN LAB,10.09,17:00,20:00
Verein Schwemmland,"FRI 11.09, 14:00 – 23:59",Klimaoase Linz-Lustenau,SCHWEMMLAND FACTORY-LAB,WORK ON BIODIVERSITY • Industrie-Quartier-Hafen Linz,OPEN LAB,11.09,14:00,23:59
Veronika Liebl,"SAT 12.09, 12:30 – 13:30","OK Linz, voestalpine OPEN SPACE",Town Hall Meeting: Conflict Culture,Town Hall Meeting: Conflict Culture,NETWORKING EVENT,12.09,12:30,13:30
Veronika Liebl,"SUN 13.09, 12:30 – 13:30","OK Linz, voestalpine OPEN SPACE",Town Hall Meeting: How to partner with the Ars Electronica Festival?,Town Hall Meeting: How to partner with the Ars Electronica Festival?,NETWORKING EVENT,13.09,12:30,13:30
Veronika Mayer,"WED 09.09, 17:30 – 22:00","University of Arts Linz, Hauptplatz 6 (East Building), Courtyard",Sound Campus (WED 9.9.),Listening Underground,PROJECT,09.09,17:30,22:00
Veronika Miskovicova,,,,,,,,
Vicente Matallana,"FRI 11.09, 11:00 – 13:00","Ursulinenhof Linz, Gewölbesaal","Media Art Practice: collaborate, conserve, context and intentionality","Media Art Practice: collaborate, conserve, context and intentionality",WORKSHOP,11.09,11:00,13:00
Victor J. Schupfer,"FRI 11.09, 14:00 – 18:00","Ursulinenhof Linz, ZÜLOW Gruppe",How to create a monotype,Expand Your Knowledge: Short Instructions for a Test Print,WORKSHOP,11.09,14:00,18:00
Victoria De Napoli,"THU 10.09, 13:30 – 14:00","Ursulinenhof Linz, Ursulinensaal",The Data Workers’ Inquiry: In Their Own Words,The Data Workers’ Inquiry: In Their Own Words,LECTURE & TALK,10.09,13:30,14:00
Victoria Szabo,"THU 10.09, 14:30 – 16:00","Ars Electronica Center, Level 3, Sky Loft",Birds of a Feather: Connecting Media Art Research,Moderated by Juergen Hagler (AT),CONFERENCE,10.09,14:30,16:00
Victoria Vesna,"THU 10.09, 17:00 – 18:00","OK Linz, voestalpine OPEN SPACE",ECOfem Media Art Stammtisch,"Women in Art, Science and Body Politics",NETWORKING EVENT,10.09,17:00,18:00
Victoria Vesna,"FRI 11.09, 11:00 – 13:00","Ursulinenhof Linz, Gewölbesaal","Media Art Practice: collaborate, conserve, context and intentionality","Media Art Practice: collaborate, conserve, context and intentionality",WORKSHOP,11.09,11:00,13:00
Victoria Vesna,"FRI 11.09, 11:00 – 20:00",,Leonardo LASER Talks Linz – Lab Songs Vol. III: Stardust Paella,Lab Songs Vol. III – Sobremesas,LECTURE & TALK,11.09,11:00,20:00
Vikki Jones,"WED 09.09, 10:00 – 17:00","JKU MED Campus, Administration Building (ADM), JKU medLOFT (9th floor)",Creativity as civic infrastructure: CCIs and digital commons,Creativity as civic infrastructure: CCIs and digital commons,OPEN LAB,09.09,10:00,17:00
Vinaya Tawde,"WED 09.09, 16:30 – 18:00","Ars Electronica Center, Level 3, Sky Loft",Academic Session: Research Track,Academic Session: Research Track,CONFERENCE,09.09,16:30,18:00
Vincent A. Cellucci,,,,,,,,
Vincent Mugg,"WED 09.09, 15:30 – 16:30","Ars Electronica Center, Level 0, Deep Space 8K",Interplayful Environments Part I,Interplayful Environments Part I,EXPERIENCE,09.09,15:30,16:30
Violeta Fontana Morales,,,,,,,,
VISTA,,,,,,,,
Vivian Tabeth moderated by Reshma Khan,"FRI 11.09, 13:00 – 13:55","Ursulinenhof Linz, Ursulinensaal",Negotiating Humanity,Negotiating Humanity,PANEL DISCUSSION,11.09,13:00,13:55
Viviane Tavares de Moraes,,,,,,,,
Viviane Töbich,"THU 10.09, 16:00 – 17:00",C. Bechstein Centrum Linz,TiSHiNA (duo),TiSHiNA (duo),CONCERT,10.09,16:00,17:00
Viviane Töbich,"FRI 11.09, 15:00 – 16:00",C. Bechstein Centrum Linz,TiSHiNA (duo),TiSHiNA (duo),CONCERT,11.09,15:00,16:00
VLKSFST Orkest,,,,,,,,
Volkan Dinçer,,,,,,,,
Volksamt! Klang Manufaktur,,,,,,,,
Voluspa Jarpa,,,,,,,,
Wan Ardini Wan Edrin,,,,,,,,
Wangqing Li,,,,,,,,
was geht?,,,,,,,,
WE GUIDE YOU,"FRI 11.09, 17:30 – 19:00","OK Platz, WE GUIDE YOU Meeting Point",Layers of Time: City Tour meets Media Arts (EN),Layers of Time: City Tour meets Media Arts (EN),GUIDED TOUR,11.09,17:30,19:00
WE GUIDE YOU,"SAT 12.09, 10:00 – 11:30","OK Platz, WE GUIDE YOU Meeting Point",Layers of Time: City Tour meets Media Arts (DE),Layers of Time: City Tour meets Media Arts (DE),GUIDED TOUR,12.09,10:00,11:30
WE GUIDE YOU,"SAT 12.09, 15:30 – 17:00","OK Platz, WE GUIDE YOU Meeting Point",Layers of Time: City Tour meets Media Arts (EN),Layers of Time: City Tour meets Media Arts (EN),GUIDED TOUR,12.09,15:30,17:00
Wei-Yin Lo,"SAT 12.09, 20:00 – 21:00","Anton Bruckner University, Sonic Lab",MEDIUM SONORUM – Closing Concert,MEDIUM SONORUM – Closing Concert,CONCERT,12.09,20:00,21:00
Weibin Duan,"THU 10.09, 10:00 – 11:30","Ars Electronica Center, Level 3, Sky Loft",Academic Session: Art Track #3 Control,Academic Session: Art Track #3 Control,CONFERENCE,10.09,10:00,11:30
Wendi Yan,"WED 09.09, 14:00 – 14:45","JKU MED Campus, Laboratory Building (LAB), Level 1, JKU medSPACE",Ghost Stories: Negotiating Between Worlds,Ghost Stories: Negotiating Between Worlds,SCREENING,09.09,14:00,14:45
Wendi Yan,"THU 10.09, 16:30 – 17:15","JKU MED Campus, Laboratory Building (LAB), Level 1, JKU medSPACE",Ghost Stories: Negotiating Between Worlds,Ghost Stories: Negotiating Between Worlds,SCREENING,10.09,16:30,17:15
Wendi Yan,"FRI 11.09, 14:45 – 15:30","JKU MED Campus, Laboratory Building (LAB), Level 1, JKU medSPACE",Ghost Stories: Negotiating Between Worlds,Ghost Stories: Negotiating Between Worlds,SCREENING,11.09,14:45,15:30
Wendi Yan,"SUN 13.09, 14:00 – 14:45","JKU MED Campus, Laboratory Building (LAB), Level 1, JKU medSPACE",Ghost Stories: Negotiating Between Worlds,Ghost Stories: Negotiating Between Worlds,SCREENING,13.09,14:00,14:45
Werkstätte Ulrike Mair,,,,,,,,
Werner Friepesz,"SAT 12.09, 14:30 – 15:00","Ars Electronica Center, Level 0, Deep Space 8K",New Perspectives on Salzburg,Orangery Salzburg – Panorama | World Heritage,EXPERIENCE,12.09,14:30,15:00
Wes Taylor,"THU 10.09, 16:00 – 16:30","Ars Electronica Center, Level 0, Deep Space 8K",A Quarter Century of Processing,A Quarter Century of Processing,PERFORMANCE,10.09,16:00,16:30
WHEREISCHAPPIE,"WED 09.09, 17:30 – 22:00","University of Arts Linz, Hauptplatz 6 (East Building), Courtyard",Sound Campus (WED 9.9.),Listening Underground,PROJECT,09.09,17:30,22:00
Will Lopes,,,,,,,,
Winnie Ying Hie Ling,,,,,,,,
Winslow Porter,"THU 10.09, 16:30 – 17:30","Ars Electronica Center, Level 0, Deep Space 8K",Onassis ONX Showcase,A selection of moving image works from the Onassis Foundation’s global platform for art and advanced technology,SCREENING,10.09,16:30,17:30
Winslow Porter,"SUN 13.09, 16:00 – 17:00","Ars Electronica Center, Level 0, Deep Space 8K",Onassis ONX Showcase,A selection of moving image works from the Onassis Foundation’s global platform for art and advanced technology,SCREENING,13.09,16:00,17:00
Wolfgang Dorninger,"WED 09.09, 18:00 – 19:00",Donaupark,The Danube Continually Shapes the Future,"Soundscapes, Algo and Songs",PERFORMANCE,09.09,18:00,19:00
Wolfgang “Fadi” Dorninger,"WED 09.09, 18:00 – 19:00",Donaupark,SoundPark,SoundPark,CONCERT,09.09,18:00,19:00
Wolfram Starczewski,"FRI 11.09, 17:30 – 19:00","OK Platz, WE GUIDE YOU Meeting Point",Layers of Time: City Tour meets Media Arts (EN),Layers of Time: City Tour meets Media Arts (EN),GUIDED TOUR,11.09,17:30,19:00
Wolfram Starczewski,"SAT 12.09, 10:00 – 11:30","OK Platz, WE GUIDE YOU Meeting Point",Layers of Time: City Tour meets Media Arts (DE),Layers of Time: City Tour meets Media Arts (DE),GUIDED TOUR,12.09,10:00,11:30
Wolfram Starczewski,"SAT 12.09, 15:30 – 17:00","OK Platz, WE GUIDE YOU Meeting Point",Layers of Time: City Tour meets Media Arts (EN),Layers of Time: City Tour meets Media Arts (EN),GUIDED TOUR,12.09,15:30,17:00
Woonji Im,,,,,,,,
Wu Cheng-Ru,"WED 09.09, 17:30 – 22:00","University of Arts Linz, Hauptplatz 6 (East Building), Courtyard",Sound Campus (WED 9.9.),Listening Underground,PROJECT,09.09,17:30,22:00
Wu Heng,,,,,,,,
Xara Beitinger,,,,,,,,
XCEPT,"THU 10.09, 18:00 – 18:30","Ars Electronica Center, Level 0, Deep Space 8K",Perpetual Records,Perpetual Records,SCREENING,10.09,18:00,18:30
XCEPT,"FRI 11.09, 11:30 – 12:00","Ars Electronica Center, Level 0, Deep Space 8K",Perpetual Records,Perpetual Records,SCREENING,11.09,11:30,12:00
Xianglong Zhang,,,,,,,,
Xin Xin,"THU 10.09, 16:00 – 16:30","Ars Electronica Center, Level 0, Deep Space 8K",A Quarter Century of Processing,A Quarter Century of Processing,PERFORMANCE,10.09,16:00,16:30
Xinhao Zheng,,,,,,,,
Xinran Wu,"WED 09.09, 11:30 – 13:00","Ars Electronica Center, Level 3, Sky Loft",Academic Session: Art Track #1 Archive,Academic Session: Art Track #1 Archive,CONFERENCE,09.09,11:30,13:00
Xinyi Skye Gao,,,,,,,,
Xinyi Zhang,"WED 09.09, 11:30 – 13:00","Ars Electronica Center, Level 3, Sky Loft",Academic Session: Art Track #1 Archive,Academic Session: Art Track #1 Archive,CONFERENCE,09.09,11:30,13:00
Xinyu Ma,,,,,,,,
Xiran Zhao,,,,,,,,
Xizan Liu,"SAT 12.09, 20:00 – 21:00","Anton Bruckner University, Sonic Lab",MEDIUM SONORUM – Closing Concert,MEDIUM SONORUM – Closing Concert,CONCERT,12.09,20:00,21:00
Xtreme Girl: Lena Peplińska,"THU 10.09, 12:00 – 13:00",,MEET THE ARTIST: Capital Dream,MEET THE ARTIST: Capital Dream,MEET THE ARTIST,10.09,12:00,13:00
Xueyi Sun,,,,,,,,
Yamaha Motor,,,,,,,,
Yann Martins,,,,,,,,
Yanshuo Liu,,,,,,,,
Yao Bobby,"SAT 12.09, 00:20 – 01:05",Posthof Linz,Yao Bobby x Simon Grab,Yao Bobby x Simon Grab,CONCERT,12.09,00:20,01:05
Yari Häfele,,,,,,,,
Yasaman Shamssabzevar,,,,,,,,
Yasamin Shaikhi,,,,,,,,
Yasmin Bock,"THU 10.09, 19:00 – 19:30","Ars Electronica Center, Level 0, Deep Space 8K",[not] breaking the cycle,[not] breaking the cycle,PERFORMANCE,10.09,19:00,19:30
Yasuaki Kakehi,,,,,,,,
Yasue Kishino,,,,,,,,
Yasushi Koyama,"SAT 12.09, 16:00 – 16:30","Ars Electronica Center, Level 0, Deep Space 8K",Why The Met Is Advancing Cultural Heritage Digitization: A Spotlight on Its Collaboration with Japan’s NHK,Why The Met Is Advancing Cultural Heritage Digitization: A Spotlight on Its Collaboration with Japan’s NHK,LECTURE & TALK,12.09,16:00,16:30
Yating Dai,,,,,,,,
Yehuda Cohen,"SAT 12.09, 13:00 – 15:30","Ursulinenhof Linz, Ursulinensaal",Patterns of Dehumanization,Patterns of Dehumanization,CONFERENCE,12.09,13:00,15:30
Yen-Chun Lin,"WED 09.09, 15:30 – 16:30","Ars Electronica Center, Level 0, Deep Space 8K",Interplayful Environments Part I,Interplayful Environments Part I,EXPERIENCE,09.09,15:30,16:30
Yeseo Lee,,,,,,,,
Yi Wang,,,,,,,,
Yi-Lin Chang,,,,,,,,
Yinglin Zhou,,,,,,,,
Yiqi Liu,,,,,,,,
Yirrkala Dhunba,,,,,,,,
Yiwen Huang,"THU 10.09, 10:00 – 11:30","Ars Electronica Center, Level 3, Sky Loft",Academic Session: Art Track #3 Control,Academic Session: Art Track #3 Control,CONFERENCE,10.09,10:00,11:30
Yixuan Wang,,,,,,,,
Ylvie Moschitz,,,,,,,,
Yoichiro Kawaguchi,"THU 10.09, 12:30 – 13:00","Ars Electronica Center, Level 0, Deep Space 8K","Next Singularity, the Intelligence of Life",The 50-Year Trajectory of CG Art,LECTURE & TALK,10.09,12:30,13:00
Yoko Shimizu,"THU 10.09, 11:15 – 11:45","Ars Electronica Center, Level -3, Open Futurelab",Future Care,Explore the future of care in the age of AI,WORKSHOP,10.09,11:15,11:45
Yoko Shimizu,"FRI 11.09, 15:45 – 16:15","Ars Electronica Center, Level -3, Open Futurelab",Future Care,Explore the future of care in the age of AI,WORKSHOP,11.09,15:45,16:15
Youyang Hu,,,,,,,,
Yu Yeon Na,,,,,,,,
Yu-Ai Jiang,,,,,,,,
Yu-Fang Wang,,,,,,,,
Yubin Park,,,,,,,,
Yufan Li,,,,,,,,
Yuhanxiao Ma,"WED 09.09, 10:00 – 11:30","Ars Electronica Center, Level 3, Sky Loft",Expanded Play Gallery,Moderated by Jeremiah Diephuis (GB/AT),CONFERENCE,09.09,10:00,11:30
Yumi Nishihara,,,,,,,,
Yun Ho,,,,,,,,
Yunhyeong Lee,,,,,,,,
Yusef Albero,,,,,,,,
Yuseung Lee,,,,,,,,
Yusuf Shamma,,,,,,,,
Yutong Zhang,"THU 10.09, 18:00 – 22:00","University of Arts Linz, Hauptplatz 6 (East Building), Courtyard",Sound Campus (THU 10.9.),Listening Underground,PROJECT,10.09,18:00,22:00
Zahra Safari,,,,,,,,
Zaid Abueisa,,,,,,,,
Zakhar Komarov-Zelinskii,"FRI 11.09, 17:45 – 18:00",Main Square Linz,Post Compost – Forest Reset,Post Compost – Forest Reset,PERFORMANCE,11.09,17:45,18:00
Zazie Productions,"SAT 12.09, 20:00 – 21:00","Anton Bruckner University, Sonic Lab",MEDIUM SONORUM – Closing Concert,MEDIUM SONORUM – Closing Concert,CONCERT,12.09,20:00,21:00
Zeynep Aksöz Bakzar,"SUN 13.09, 15:30 – 17:30",bb15,Water Whisperer,Water Whisperer,WORKSHOP,13.09,15:30,17:30
Zhenhua Wu,,,,,,,,
Zhuli Pan,,,,,,,,
Zhuojun Li,"THU 10.09, 19:00 – 19:30","Ars Electronica Center, Level 0, Deep Space 8K",[not] breaking the cycle,[not] breaking the cycle,PERFORMANCE,10.09,19:00,19:30
Ziqing Lin,,,,,,,,
Ziyang Leonie Dong,,,,,,,,
Zlata Zhdkv,"WED 09.09, 17:30 – 22:00","University of Arts Linz, Hauptplatz 6 (East Building), Courtyard",Sound Campus (WED 9.9.),Listening Underground,PROJECT,09.09,17:30,22:00
ZOBAYDA,"SAT 12.09, 02:50 – 04:00",Posthof Linz,ZOBAYDA,ZOBAYDA,CONCERT,12.09,02:50,04:00
Zoe Qi-Jing Li,,,,,,,,
Zsófia Fügedi,,,,,,,,
Zuhdi Najeeb,"SAT 12.09, 13:00 – 15:30","Ursulinenhof Linz, Ursulinensaal",Patterns of Dehumanization,Patterns of Dehumanization,CONFERENCE,12.09,13:00,15:30
ZÜLOW Gruppe,"FRI 11.09, 14:00 – 18:00","Ursulinenhof Linz, ZÜLOW Gruppe",How to create a monotype,Expand Your Knowledge: Short Instructions for a Test Print,WORKSHOP,11.09,14:00,18:00
Ákos Székely,,,,,,,,
Ángela Delgado Fernández,,,,,,,,
Áurea Muñoz del Amo,,,,,,,,
Çağdaş Çeçen,,,,,,,,
Łukasz Romero,"THU 10.09, 18:00 – 22:00","University of Arts Linz, Hauptplatz 6 (East Building), Courtyard",Sound Campus (THU 10.9.),Listening Underground,PROJECT,10.09,18:00,22:00
Šimon Janoušek,,,,,,,,
